21:54:31:827  INFO 71696 --- [main] com.hmall.cart.CartServiceApplication    : The following 1 profile is active: "dev"
21:54:33:493 ERROR 71696 --- [main] o.s.boot.SpringApplication               : Application run failed

java.lang.IllegalStateException: Error processing condition on io.seata.spring.boot.autoconfigure.SeataAutoConfiguration.failureHandler
	at org.springframework.boot.autoconfigure.condition.SpringBootCondition.matches(SpringBootCondition.java:60) ~[spring-boot-autoconfigure-2.7.12.jar:2.7.12]
	at org.springframework.context.annotation.ConditionEvaluator.shouldSkip(ConditionEvaluator.java:108) ~[spring-context-5.3.27.jar:5.3.27]
	at org.springframework.context.annotation.ConfigurationClassBeanDefinitionReader.loadBeanDefinitionsForBeanMethod(ConfigurationClassBeanDefinitionReader.java:193) ~[spring-context-5.3.27.jar:5.3.27]
	at org.springframework.context.annotation.ConfigurationClassBeanDefinitionReader.loadBeanDefinitionsForConfigurationClass(ConfigurationClassBeanDefinitionReader.java:153) ~[spring-context-5.3.27.jar:5.3.27]
	at org.springframework.context.annotation.ConfigurationClassBeanDefinitionReader.loadBeanDefinitions(ConfigurationClassBeanDefinitionReader.java:129) ~[spring-context-5.3.27.jar:5.3.27]
	at org.springframework.context.annotation.ConfigurationClassPostProcessor.processConfigBeanDefinitions(ConfigurationClassPostProcessor.java:343) ~[spring-context-5.3.27.jar:5.3.27]
	at org.springframework.context.annotation.ConfigurationClassPostProcessor.postProcessBeanDefinitionRegistry(ConfigurationClassPostProcessor.java:247) ~[spring-context-5.3.27.jar:5.3.27]
	at org.springframework.context.support.PostProcessorRegistrationDelegate.invokeBeanDefinitionRegistryPostProcessors(PostProcessorRegistrationDelegate.java:311) ~[spring-context-5.3.27.jar:5.3.27]
	at org.springframework.context.support.PostProcessorRegistrationDelegate.invokeBeanFactoryPostProcessors(PostProcessorRegistrationDelegate.java:112) ~[spring-context-5.3.27.jar:5.3.27]
	at org.springframework.context.support.AbstractApplicationContext.invokeBeanFactoryPostProcessors(AbstractApplicationContext.java:748) ~[spring-context-5.3.27.jar:5.3.27]
	at org.springframework.context.support.AbstractApplicationContext.refresh(AbstractApplicationContext.java:564) ~[spring-context-5.3.27.jar:5.3.27]
	at org.springframework.boot.web.servlet.context.ServletWebServerApplicationContext.refresh(ServletWebServerApplicationContext.java:147) ~[spring-boot-2.7.12.jar:2.7.12]
	at org.springframework.boot.SpringApplication.refresh(SpringApplication.java:731) ~[spring-boot-2.7.12.jar:2.7.12]
	at org.springframework.boot.SpringApplication.refreshContext(SpringApplication.java:408) ~[spring-boot-2.7.12.jar:2.7.12]
	at org.springframework.boot.SpringApplication.run(SpringApplication.java:307) ~[spring-boot-2.7.12.jar:2.7.12]
	at org.springframework.boot.SpringApplication.run(SpringApplication.java:1303) ~[spring-boot-2.7.12.jar:2.7.12]
	at org.springframework.boot.SpringApplication.run(SpringApplication.java:1292) ~[spring-boot-2.7.12.jar:2.7.12]
	at com.hmall.cart.CartServiceApplication.main(CartServiceApplication.java:17) ~[classes/:na]
Caused by: java.lang.IllegalStateException: Failed to introspect Class [com.hmall.common.config.Mqconfig] from ClassLoader [jdk.internal.loader.ClassLoaders$AppClassLoader@63947c6b]
	at org.springframework.util.ReflectionUtils.getDeclaredMethods(ReflectionUtils.java:485) ~[spring-core-5.3.27.jar:5.3.27]
	at org.springframework.util.ReflectionUtils.doWithMethods(ReflectionUtils.java:361) ~[spring-core-5.3.27.jar:5.3.27]
	at org.springframework.util.ReflectionUtils.getUniqueDeclaredMethods(ReflectionUtils.java:418) ~[spring-core-5.3.27.jar:5.3.27]
	at org.springframework.beans.factory.support.AbstractAutowireCapableBeanFactory.lambda$getTypeForFactoryMethod$2(AbstractAutowireCapableBeanFactory.java:765) ~[spring-beans-5.3.27.jar:5.3.27]
	at java.base/java.util.concurrent.ConcurrentHashMap.computeIfAbsent(ConcurrentHashMap.java:1740) ~[na:na]
	at org.springframework.beans.factory.support.AbstractAutowireCapableBeanFactory.getTypeForFactoryMethod(AbstractAutowireCapableBeanFactory.java:764) ~[spring-beans-5.3.27.jar:5.3.27]
	at org.springframework.beans.factory.support.AbstractAutowireCapableBeanFactory.determineTargetType(AbstractAutowireCapableBeanFactory.java:703) ~[spring-beans-5.3.27.jar:5.3.27]
	at org.springframework.beans.factory.support.AbstractAutowireCapableBeanFactory.predictBeanType(AbstractAutowireCapableBeanFactory.java:674) ~[spring-beans-5.3.27.jar:5.3.27]
	at org.springframework.beans.factory.support.AbstractBeanFactory.isFactoryBean(AbstractBeanFactory.java:1684) ~[spring-beans-5.3.27.jar:5.3.27]
	at org.springframework.beans.factory.support.DefaultListableBeanFactory.doGetBeanNamesForType(DefaultListableBeanFactory.java:570) ~[spring-beans-5.3.27.jar:5.3.27]
	at org.springframework.beans.factory.support.DefaultListableBeanFactory.getBeanNamesForType(DefaultListableBeanFactory.java:542) ~[spring-beans-5.3.27.jar:5.3.27]
	at org.springframework.boot.autoconfigure.condition.OnBeanCondition.collectBeanNamesForType(OnBeanCondition.java:246) ~[spring-boot-autoconfigure-2.7.12.jar:2.7.12]
	at org.springframework.boot.autoconfigure.condition.OnBeanCondition.getBeanNamesForType(OnBeanCondition.java:239) ~[spring-boot-autoconfigure-2.7.12.jar:2.7.12]
	at org.springframework.boot.autoconfigure.condition.OnBeanCondition.getBeanNamesForType(OnBeanCondition.java:229) ~[spring-boot-autoconfigure-2.7.12.jar:2.7.12]
	at org.springframework.boot.autoconfigure.condition.OnBeanCondition.getMatchingBeans(OnBeanCondition.java:182) ~[spring-boot-autoconfigure-2.7.12.jar:2.7.12]
	at org.springframework.boot.autoconfigure.condition.OnBeanCondition.getMatchOutcome(OnBeanCondition.java:157) ~[spring-boot-autoconfigure-2.7.12.jar:2.7.12]
	at org.springframework.boot.autoconfigure.condition.SpringBootCondition.matches(SpringBootCondition.java:47) ~[spring-boot-autoconfigure-2.7.12.jar:2.7.12]
	... 17 common frames omitted
Caused by: java.lang.NoClassDefFoundError: org/springframework/amqp/support/converter/MessageConverter
	at java.base/java.lang.Class.getDeclaredMethods0(Native Method) ~[na:na]
	at java.base/java.lang.Class.privateGetDeclaredMethods(Class.java:3402) ~[na:na]
	at java.base/java.lang.Class.getDeclaredMethods(Class.java:2504) ~[na:na]
	at org.springframework.util.ReflectionUtils.getDeclaredMethods(ReflectionUtils.java:467) ~[spring-core-5.3.27.jar:5.3.27]
	... 33 common frames omitted
Caused by: java.lang.ClassNotFoundException: org.springframework.amqp.support.converter.MessageConverter
	at java.base/jdk.internal.loader.BuiltinClassLoader.loadClass(BuiltinClassLoader.java:641) ~[na:na]
	at java.base/jdk.internal.loader.ClassLoaders$AppClassLoader.loadClass(ClassLoaders.java:188) ~[na:na]
	at java.base/java.lang.ClassLoader.loadClass(ClassLoader.java:520) ~[na:na]
	... 37 common frames omitted

21:54:33:498  WARN 71696 --- [main] o.s.boot.SpringApplication               : Unable to close ApplicationContext

java.lang.IllegalStateException: Failed to introspect Class [com.hmall.common.config.Mqconfig] from ClassLoader [jdk.internal.loader.ClassLoaders$AppClassLoader@63947c6b]
	at org.springframework.util.ReflectionUtils.getDeclaredMethods(ReflectionUtils.java:485) ~[spring-core-5.3.27.jar:5.3.27]
	at org.springframework.util.ReflectionUtils.doWithMethods(ReflectionUtils.java:361) ~[spring-core-5.3.27.jar:5.3.27]
	at org.springframework.util.ReflectionUtils.getUniqueDeclaredMethods(ReflectionUtils.java:418) ~[spring-core-5.3.27.jar:5.3.27]
	at org.springframework.beans.factory.support.AbstractAutowireCapableBeanFactory.lambda$getTypeForFactoryMethod$2(AbstractAutowireCapableBeanFactory.java:765) ~[spring-beans-5.3.27.jar:5.3.27]
	at java.base/java.util.concurrent.ConcurrentHashMap.computeIfAbsent(ConcurrentHashMap.java:1740) ~[na:na]
	at org.springframework.beans.factory.support.AbstractAutowireCapableBeanFactory.getTypeForFactoryMethod(AbstractAutowireCapableBeanFactory.java:764) ~[spring-beans-5.3.27.jar:5.3.27]
	at org.springframework.beans.factory.support.AbstractAutowireCapableBeanFactory.determineTargetType(AbstractAutowireCapableBeanFactory.java:703) ~[spring-beans-5.3.27.jar:5.3.27]
	at org.springframework.beans.factory.support.AbstractAutowireCapableBeanFactory.predictBeanType(AbstractAutowireCapableBeanFactory.java:674) ~[spring-beans-5.3.27.jar:5.3.27]
	at org.springframework.beans.factory.support.AbstractBeanFactory.isFactoryBean(AbstractBeanFactory.java:1684) ~[spring-beans-5.3.27.jar:5.3.27]
	at org.springframework.beans.factory.support.DefaultListableBeanFactory.doGetBeanNamesForType(DefaultListableBeanFactory.java:570) ~[spring-beans-5.3.27.jar:5.3.27]
	at org.springframework.beans.factory.support.DefaultListableBeanFactory.getBeanNamesForType(DefaultListableBeanFactory.java:542) ~[spring-beans-5.3.27.jar:5.3.27]
	at org.springframework.beans.factory.support.DefaultListableBeanFactory.getBeansOfType(DefaultListableBeanFactory.java:669) ~[spring-beans-5.3.27.jar:5.3.27]
	at org.springframework.beans.factory.support.DefaultListableBeanFactory.getBeansOfType(DefaultListableBeanFactory.java:661) ~[spring-beans-5.3.27.jar:5.3.27]
	at org.springframework.context.support.AbstractApplicationContext.getBeansOfType(AbstractApplicationContext.java:1302) ~[spring-context-5.3.27.jar:5.3.27]
	at org.springframework.boot.SpringApplication.getExitCodeFromMappedException(SpringApplication.java:864) ~[spring-boot-2.7.12.jar:2.7.12]
	at org.springframework.boot.SpringApplication.getExitCodeFromException(SpringApplication.java:852) ~[spring-boot-2.7.12.jar:2.7.12]
	at org.springframework.boot.SpringApplication.handleExitCode(SpringApplication.java:839) ~[spring-boot-2.7.12.jar:2.7.12]
	at org.springframework.boot.SpringApplication.handleRunFailure(SpringApplication.java:779) ~[spring-boot-2.7.12.jar:2.7.12]
	at org.springframework.boot.SpringApplication.run(SpringApplication.java:317) ~[spring-boot-2.7.12.jar:2.7.12]
	at org.springframework.boot.SpringApplication.run(SpringApplication.java:1303) ~[spring-boot-2.7.12.jar:2.7.12]
	at org.springframework.boot.SpringApplication.run(SpringApplication.java:1292) ~[spring-boot-2.7.12.jar:2.7.12]
	at com.hmall.cart.CartServiceApplication.main(CartServiceApplication.java:17) ~[classes/:na]
Caused by: java.lang.NoClassDefFoundError: org/springframework/amqp/support/converter/MessageConverter
	at java.base/java.lang.Class.getDeclaredMethods0(Native Method) ~[na:na]
	at java.base/java.lang.Class.privateGetDeclaredMethods(Class.java:3402) ~[na:na]
	at java.base/java.lang.Class.getDeclaredMethods(Class.java:2504) ~[na:na]
	at org.springframework.util.ReflectionUtils.getDeclaredMethods(ReflectionUtils.java:467) ~[spring-core-5.3.27.jar:5.3.27]
	... 21 common frames omitted
Caused by: java.lang.ClassNotFoundException: org.springframework.amqp.support.converter.MessageConverter
	at java.base/jdk.internal.loader.BuiltinClassLoader.loadClass(BuiltinClassLoader.java:641) ~[na:na]
	at java.base/jdk.internal.loader.ClassLoaders$AppClassLoader.loadClass(ClassLoaders.java:188) ~[na:na]
	at java.base/java.lang.ClassLoader.loadClass(ClassLoader.java:520) ~[na:na]
	... 25 common frames omitted

21:54:33:500  WARN 71696 --- [Thread-5] c.a.nacos.common.notify.NotifyCenter     : [NotifyCenter] Start destroying Publisher
21:54:33:500  WARN 71696 --- [Thread-1] c.a.n.common.http.HttpClientBeanHolder   : [HttpClientBeanHolder] Start destroying common HttpClient
21:54:33:501  WARN 71696 --- [Thread-5] c.a.nacos.common.notify.NotifyCenter     : [NotifyCenter] Destruction of the end
21:54:33:502  WARN 71696 --- [Thread-1] c.a.n.common.http.HttpClientBeanHolder   : [HttpClientBeanHolder] Destruction of the end
21:59:23:092  INFO 111332 --- [main] com.hmall.cart.CartServiceApplication    : The following 1 profile is active: "dev"
21:59:24:370  INFO 111332 --- [main] o.s.cloud.context.scope.GenericScope     : BeanFactory id=4e5b6004-e47e-3f3f-a1b9-abb7b9751943
21:59:24:451  INFO 111332 --- [main] trationDelegate$BeanPostProcessorChecker : Bean 'io.seata.spring.boot.autoconfigure.SeataCoreAutoConfiguration' of type [io.seata.spring.boot.autoconfigure.SeataCoreAutoConfiguration] is not eligible for getting processed by all BeanPostProcessors (for example: not eligible for auto-proxying)
21:59:24:451  INFO 111332 --- [main] trationDelegate$BeanPostProcessorChecker : Bean 'springApplicationContextProvider' of type [io.seata.spring.boot.autoconfigure.provider.SpringApplicationContextProvider] is not eligible for getting processed by all BeanPostProcessors (for example: not eligible for auto-proxying)
21:59:24:451  INFO 111332 --- [main] trationDelegate$BeanPostProcessorChecker : Bean 'io.seata.spring.boot.autoconfigure.SeataAutoConfiguration' of type [io.seata.spring.boot.autoconfigure.SeataAutoConfiguration] is not eligible for getting processed by all BeanPostProcessors (for example: not eligible for auto-proxying)
21:59:24:511  INFO 111332 --- [main] trationDelegate$BeanPostProcessorChecker : Bean 'failureHandler' of type [io.seata.tm.api.DefaultFailureHandlerImpl] is not eligible for getting processed by all BeanPostProcessors (for example: not eligible for auto-proxying)
21:59:24:514  INFO 111332 --- [main] trationDelegate$BeanPostProcessorChecker : Bean 'org.springframework.cloud.commons.config.CommonsConfigAutoConfiguration' of type [org.springframework.cloud.commons.config.CommonsConfigAutoConfiguration] is not eligible for getting processed by all BeanPostProcessors (for example: not eligible for auto-proxying)
21:59:24:515  INFO 111332 --- [main] trationDelegate$BeanPostProcessorChecker : Bean 'org.springframework.cloud.client.loadbalancer.LoadBalancerDefaultMappingsProviderAutoConfiguration' of type [org.springframework.cloud.client.loadbalancer.LoadBalancerDefaultMappingsProviderAutoConfiguration] is not eligible for getting processed by all BeanPostProcessors (for example: not eligible for auto-proxying)
21:59:24:516  INFO 111332 --- [main] trationDelegate$BeanPostProcessorChecker : Bean 'loadBalancerClientsDefaultsMappingsProvider' of type [org.springframework.cloud.client.loadbalancer.LoadBalancerDefaultMappingsProviderAutoConfiguration$$Lambda$575/0x00000008012733f0] is not eligible for getting processed by all BeanPostProcessors (for example: not eligible for auto-proxying)
21:59:24:516  INFO 111332 --- [main] trationDelegate$BeanPostProcessorChecker : Bean 'defaultsBindHandlerAdvisor' of type [org.springframework.cloud.commons.config.DefaultsBindHandlerAdvisor] is not eligible for getting processed by all BeanPostProcessors (for example: not eligible for auto-proxying)
21:59:24:521  INFO 111332 --- [main] trationDelegate$BeanPostProcessorChecker : Bean 'springCloudAlibabaConfiguration' of type [io.seata.spring.boot.autoconfigure.properties.SpringCloudAlibabaConfiguration] is not eligible for getting processed by all BeanPostProcessors (for example: not eligible for auto-proxying)
21:59:24:523  INFO 111332 --- [main] trationDelegate$BeanPostProcessorChecker : Bean 'seataProperties' of type [io.seata.spring.boot.autoconfigure.properties.SeataProperties] is not eligible for getting processed by all BeanPostProcessors (for example: not eligible for auto-proxying)
21:59:24:525  INFO 111332 --- [main] i.s.s.b.a.SeataAutoConfiguration         : Automatically configure Seata
21:59:24:613  INFO 111332 --- [main] io.seata.config.ConfigurationFactory     : load Configuration from :Spring Configuration
21:59:24:618  INFO 111332 --- [main] io.seata.config.ConfigurationFactory     : load Configuration from :Spring Configuration
21:59:24:702  INFO 111332 --- [main] i.s.s.a.GlobalTransactionScanner         : Initializing Global Transaction Clients ... 
21:59:24:808  INFO 111332 --- [main] i.s.core.rpc.netty.NettyClientBootstrap  : NettyClientBootstrap has started
21:59:24:977  INFO 111332 --- [main] com.alibaba.nacos.common.remote.client   : [RpcClientFactory] create a new rpc client of 6e6cefc5-ff85-42f2-bf7b-3f21f4ee7908
21:59:24:977  INFO 111332 --- [main] com.alibaba.nacos.common.remote.client   : [6e6cefc5-ff85-42f2-bf7b-3f21f4ee7908] RpcClient init label, labels = {module=naming, source=sdk}
21:59:24:979  INFO 111332 --- [main] com.alibaba.nacos.common.remote.client   : [6e6cefc5-ff85-42f2-bf7b-3f21f4ee7908] RpcClient init, ServerListFactory = com.alibaba.nacos.client.naming.core.ServerListManager
21:59:24:979  INFO 111332 --- [main] com.alibaba.nacos.common.remote.client   : [6e6cefc5-ff85-42f2-bf7b-3f21f4ee7908] Registry connection listener to current client:com.alibaba.nacos.client.naming.remote.gprc.redo.NamingGrpcRedoService
21:59:24:980  INFO 111332 --- [main] com.alibaba.nacos.common.remote.client   : [6e6cefc5-ff85-42f2-bf7b-3f21f4ee7908] Register server push request handler:com.alibaba.nacos.client.naming.remote.gprc.NamingPushRequestHandler
21:59:24:981  INFO 111332 --- [main] com.alibaba.nacos.common.remote.client   : [6e6cefc5-ff85-42f2-bf7b-3f21f4ee7908] Try to connect to server on start up, server: {serverIp = '192.168.31.23', server main port = 8848}
21:59:25:109  INFO 111332 --- [main] com.alibaba.nacos.common.remote.client   : [6e6cefc5-ff85-42f2-bf7b-3f21f4ee7908] Success to connect to server [192.168.31.23:8848] on start up, connectionId = 1781721443509_192.168.31.178_1927
21:59:25:109  INFO 111332 --- [main] com.alibaba.nacos.common.remote.client   : [6e6cefc5-ff85-42f2-bf7b-3f21f4ee7908] Register server push request handler:com.alibaba.nacos.common.remote.client.RpcClient$ConnectResetRequestHandler
21:59:25:109  INFO 111332 --- [com.alibaba.nacos.client.remote.worker] com.alibaba.nacos.common.remote.client   : [6e6cefc5-ff85-42f2-bf7b-3f21f4ee7908] Notify connected event to listeners.
21:59:25:109  INFO 111332 --- [main] com.alibaba.nacos.common.remote.client   : [6e6cefc5-ff85-42f2-bf7b-3f21f4ee7908] Register server push request handler:com.alibaba.nacos.common.remote.client.RpcClient$$Lambda$484/0x00000008011526e0
21:59:25:154  INFO 111332 --- [main] i.s.c.r.netty.NettyClientChannelManager  : will connect to 192.168.31.23:8099
21:59:25:287  INFO 111332 --- [main] i.s.core.rpc.netty.NettyPoolableFactory  : NettyPool create channel to transactionRole:TMROLE,address:192.168.31.23:8099,msg:< RegisterTMRequest{applicationId='cart-service', transactionServiceGroup='hmall'} >
21:59:25:528  WARN 111332 --- [NettyClientSelector_TMROLE_1_1] ServiceLoader$InnerEnhancedServiceLoader : Load [io.seata.serializer.hessian.HessianSerializer] class fail. com/caucho/hessian/io/AbstractHessianOutput
21:59:25:559  INFO 111332 --- [main] i.s.c.rpc.netty.TmNettyRemotingClient    : register TM success. client version:1.5.2, server version:1.5.2,channel:[id: 0xc7c7e431, L:/192.168.31.178:1930 - R:/192.168.31.23:8099]
21:59:25:564  INFO 111332 --- [main] i.s.core.rpc.netty.NettyPoolableFactory  : register success, cost 69 ms, version:1.5.2,role:TMROLE,channel:[id: 0xc7c7e431, L:/192.168.31.178:1930 - R:/192.168.31.23:8099]
21:59:25:565  INFO 111332 --- [main] i.s.s.a.GlobalTransactionScanner         : Transaction Manager Client is initialized. applicationId[cart-service] txServiceGroup[hmall]
21:59:25:581  INFO 111332 --- [main] io.seata.rm.datasource.AsyncWorker       : Async Commit Buffer Limit: 10000
21:59:25:581  INFO 111332 --- [main] i.s.rm.datasource.xa.ResourceManagerXA   : ResourceManagerXA init ...
21:59:25:590  INFO 111332 --- [main] i.s.core.rpc.netty.NettyClientBootstrap  : NettyClientBootstrap has started
21:59:25:590  INFO 111332 --- [main] i.s.s.a.GlobalTransactionScanner         : Resource Manager is initialized. applicationId[cart-service] txServiceGroup[hmall]
21:59:25:590  INFO 111332 --- [main] i.s.s.a.GlobalTransactionScanner         : Global Transaction Clients are initialized. 
21:59:25:592  INFO 111332 --- [main] trationDelegate$BeanPostProcessorChecker : Bean 'io.seata.spring.boot.autoconfigure.SeataDataSourceAutoConfiguration' of type [io.seata.spring.boot.autoconfigure.SeataDataSourceAutoConfiguration] is not eligible for getting processed by all BeanPostProcessors (for example: not eligible for auto-proxying)
21:59:25:667  INFO 111332 --- [nacos-grpc-client-executor-5] com.alibaba.nacos.common.remote.client   : [6e6cefc5-ff85-42f2-bf7b-3f21f4ee7908] Receive server push request, request = NotifySubscriberRequest, requestId = 43
21:59:25:671  INFO 111332 --- [nacos-grpc-client-executor-5] com.alibaba.nacos.common.remote.client   : [6e6cefc5-ff85-42f2-bf7b-3f21f4ee7908] Ack server push request, request = NotifySubscriberRequest, requestId = 43
21:59:26:041  INFO 111332 --- [main] trationDelegate$BeanPostProcessorChecker : Bean 'com.alibaba.cloud.seata.feign.SeataFeignClientAutoConfiguration$FeignBeanPostProcessorConfiguration' of type [com.alibaba.cloud.seata.feign.SeataFeignClientAutoConfiguration$FeignBeanPostProcessorConfiguration] is not eligible for getting processed by all BeanPostProcessors (for example: not eligible for auto-proxying)
21:59:26:045  INFO 111332 --- [main] trationDelegate$BeanPostProcessorChecker : Bean 'seataFeignObjectWrapper' of type [com.alibaba.cloud.seata.feign.SeataFeignObjectWrapper] is not eligible for getting processed by all BeanPostProcessors (for example: not eligible for auto-proxying)
21:59:26:351  INFO 111332 --- [main] o.s.b.w.embedded.tomcat.TomcatWebServer  : Tomcat initialized with port(s): 8082 (http)
21:59:26:361  INFO 111332 --- [main] o.apache.catalina.core.StandardService   : Starting service [Tomcat]
21:59:26:361  INFO 111332 --- [main] org.apache.catalina.core.StandardEngine  : Starting Servlet engine: [Apache Tomcat/9.0.75]
21:59:26:578  INFO 111332 --- [main] o.a.c.c.C.[Tomcat].[localhost].[/]       : Initializing Spring embedded WebApplicationContext
21:59:26:579  INFO 111332 --- [main] w.s.c.ServletWebServerApplicationContext : Root WebApplicationContext: initialization completed in 3466 ms
21:59:28:033  INFO 111332 --- [main] o.s.cloud.commons.util.InetUtils         : Cannot determine local hostname
21:59:29:387  INFO 111332 --- [main] o.s.cloud.commons.util.InetUtils         : Cannot determine local hostname
21:59:29:643  INFO 111332 --- [main] o.s.c.openfeign.FeignClientFactoryBean   : For 'item-service' URL not provided. Will try picking an instance via load-balancing.
21:59:30:082  INFO 111332 --- [main] com.zaxxer.hikari.HikariDataSource       : HikariPool-1 - Starting...
21:59:30:379  INFO 111332 --- [main] com.zaxxer.hikari.HikariDataSource       : HikariPool-1 - Start completed.
21:59:30:443  INFO 111332 --- [main] i.s.c.r.netty.NettyClientChannelManager  : will connect to 192.168.31.23:8099
21:59:30:443  INFO 111332 --- [main] i.s.c.rpc.netty.RmNettyRemotingClient    : RM will register :jdbc:mysql://192.168.31.23:3306/hm-cart
21:59:30:443  INFO 111332 --- [main] i.s.core.rpc.netty.NettyPoolableFactory  : NettyPool create channel to transactionRole:RMROLE,address:192.168.31.23:8099,msg:< RegisterRMRequest{resourceIds='jdbc:mysql://192.168.31.23:3306/hm-cart', applicationId='cart-service', transactionServiceGroup='hmall'} >
21:59:30:466  INFO 111332 --- [main] i.s.c.rpc.netty.RmNettyRemotingClient    : register RM success. client version:1.5.2, server version:1.5.2,channel:[id: 0xeb86a169, L:/192.168.31.178:1940 - R:/192.168.31.23:8099]
21:59:30:466  INFO 111332 --- [main] i.s.core.rpc.netty.NettyPoolableFactory  : register success, cost 20 ms, version:1.5.2,role:RMROLE,channel:[id: 0xeb86a169, L:/192.168.31.178:1940 - R:/192.168.31.23:8099]
21:59:30:951  INFO 111332 --- [main] c.a.c.sentinel.SentinelWebMvcConfigurer  : [Sentinel Starter] register SentinelWebInterceptor with urlPatterns: [/**].
21:59:31:368  INFO 111332 --- [main] pertySourcedRequestMappingHandlerMapping : Mapped URL path [/v2/api-docs] onto method [springfox.documentation.swagger2.web.Swagger2ControllerWebMvc#getDocumentation(String, HttpServletRequest)]
21:59:31:569  INFO 111332 --- [main] com.alibaba.nacos.common.remote.client   : [RpcClientFactory] create a new rpc client of b6d0785b-4439-4899-838e-5f1661e7c358
21:59:31:569  INFO 111332 --- [main] com.alibaba.nacos.common.remote.client   : [b6d0785b-4439-4899-838e-5f1661e7c358] RpcClient init label, labels = {module=naming, source=sdk}
21:59:31:570  INFO 111332 --- [main] com.alibaba.nacos.common.remote.client   : [b6d0785b-4439-4899-838e-5f1661e7c358] RpcClient init, ServerListFactory = com.alibaba.nacos.client.naming.core.ServerListManager
21:59:31:570  INFO 111332 --- [main] com.alibaba.nacos.common.remote.client   : [b6d0785b-4439-4899-838e-5f1661e7c358] Registry connection listener to current client:com.alibaba.nacos.client.naming.remote.gprc.redo.NamingGrpcRedoService
21:59:31:570  INFO 111332 --- [main] com.alibaba.nacos.common.remote.client   : [b6d0785b-4439-4899-838e-5f1661e7c358] Register server push request handler:com.alibaba.nacos.client.naming.remote.gprc.NamingPushRequestHandler
21:59:31:570  INFO 111332 --- [main] com.alibaba.nacos.common.remote.client   : [b6d0785b-4439-4899-838e-5f1661e7c358] Try to connect to server on start up, server: {serverIp = '192.168.31.23', server main port = 8848}
21:59:31:695  INFO 111332 --- [main] com.alibaba.nacos.common.remote.client   : [b6d0785b-4439-4899-838e-5f1661e7c358] Success to connect to server [192.168.31.23:8848] on start up, connectionId = 1781721450649_192.168.31.178_1952
21:59:31:695  INFO 111332 --- [main] com.alibaba.nacos.common.remote.client   : [b6d0785b-4439-4899-838e-5f1661e7c358] Register server push request handler:com.alibaba.nacos.common.remote.client.RpcClient$ConnectResetRequestHandler
21:59:31:695  INFO 111332 --- [com.alibaba.nacos.client.remote.worker] com.alibaba.nacos.common.remote.client   : [b6d0785b-4439-4899-838e-5f1661e7c358] Notify connected event to listeners.
21:59:31:695  INFO 111332 --- [main] com.alibaba.nacos.common.remote.client   : [b6d0785b-4439-4899-838e-5f1661e7c358] Register server push request handler:com.alibaba.nacos.common.remote.client.RpcClient$$Lambda$484/0x00000008011526e0
21:59:31:718  INFO 111332 --- [main] o.s.b.w.embedded.tomcat.TomcatWebServer  : Tomcat started on port(s): 8082 (http) with context path ''
21:59:32:234  INFO 111332 --- [nacos-grpc-client-executor-4] com.alibaba.nacos.common.remote.client   : [b6d0785b-4439-4899-838e-5f1661e7c358] Receive server push request, request = NotifySubscriberRequest, requestId = 48
21:59:32:236  INFO 111332 --- [nacos-grpc-client-executor-4] com.alibaba.nacos.common.remote.client   : [b6d0785b-4439-4899-838e-5f1661e7c358] Ack server push request, request = NotifySubscriberRequest, requestId = 48
21:59:33:002  INFO 111332 --- [main] o.s.cloud.commons.util.InetUtils         : Cannot determine local hostname
21:59:33:010  INFO 111332 --- [main] c.a.c.n.registry.NacosServiceRegistry    : nacos registry, DEFAULT_GROUP cart-service 192.168.56.1:8082 register finished
21:59:33:012  INFO 111332 --- [main] d.s.w.p.DocumentationPluginsBootstrapper : Documentation plugins bootstrapped
21:59:33:015  INFO 111332 --- [main] d.s.w.p.DocumentationPluginsBootstrapper : Found 1 custom documentation plugin(s)
21:59:33:036  INFO 111332 --- [main] s.d.s.w.s.ApiListingReferenceScanner     : Scanning for api listing references
21:59:33:135  INFO 111332 --- [main] com.hmall.cart.CartServiceApplication    : Started CartServiceApplication in 16.461 seconds (JVM running for 18.033)
21:59:33:140  INFO 111332 --- [main] c.a.c.n.refresh.NacosContextRefresher    : [Nacos Config] Listening config: dataId=cart-service, group=DEFAULT_GROUP
21:59:33:141  INFO 111332 --- [main] c.a.c.n.refresh.NacosContextRefresher    : [Nacos Config] Listening config: dataId=cart-service.yaml, group=DEFAULT_GROUP
21:59:33:141  INFO 111332 --- [main] c.a.c.n.refresh.NacosContextRefresher    : [Nacos Config] Listening config: dataId=cart-service-dev.yaml, group=DEFAULT_GROUP
21:59:33:534  INFO 111332 --- [nacos-grpc-client-executor-7] com.alibaba.nacos.common.remote.client   : [b6d0785b-4439-4899-838e-5f1661e7c358] Receive server push request, request = NotifySubscriberRequest, requestId = 49
21:59:33:537  INFO 111332 --- [nacos-grpc-client-executor-7] com.alibaba.nacos.common.remote.client   : [b6d0785b-4439-4899-838e-5f1661e7c358] Ack server push request, request = NotifySubscriberRequest, requestId = 49
22:00:50:887  INFO 111332 --- [http-nio-8082-exec-1] o.a.c.c.C.[Tomcat].[localhost].[/]       : Initializing Spring DispatcherServlet 'dispatcherServlet'
22:00:50:887  INFO 111332 --- [http-nio-8082-exec-1] o.s.web.servlet.DispatcherServlet        : Initializing Servlet 'dispatcherServlet'
22:00:50:895  INFO 111332 --- [http-nio-8082-exec-1] o.s.web.servlet.DispatcherServlet        : Completed initialization in 8 ms
22:00:51:197  WARN 111332 --- [http-nio-8082-exec-1] c.b.m.c.t.support.ReflectLambdaMeta      : Unable to make field private final java.lang.Class java.lang.invoke.SerializedLambda.capturingClass accessible: module java.base does not "opens java.lang.invoke" to unnamed module @3d494fbf
22:00:51:235 DEBUG 111332 --- [http-nio-8082-exec-1] c.h.cart.mapper.CartMapper.selectList    : ==>  Preparing: SELECT id,user_id,item_id,num,name,spec,price,image,create_time,update_time FROM cart WHERE (user_id = ?)
22:00:51:279 DEBUG 111332 --- [http-nio-8082-exec-1] c.h.cart.mapper.CartMapper.selectList    : ==> Parameters: 1(Long)
22:00:51:325 DEBUG 111332 --- [http-nio-8082-exec-1] c.h.cart.mapper.CartMapper.selectList    : <==      Total: 4
22:00:51:407 DEBUG 111332 --- [http-nio-8082-exec-1] com.hmall.api.client.ItemClient          : [ItemClient#queryItemByIds] ---> GET http://item-service/items?ids=40305713537&ids=4026319&ids=100000006163&ids=100001905417 HTTP/1.1
22:00:51:407 DEBUG 111332 --- [http-nio-8082-exec-1] com.hmall.api.client.ItemClient          : [ItemClient#queryItemByIds] user-info: 1
22:00:51:407 DEBUG 111332 --- [http-nio-8082-exec-1] com.hmall.api.client.ItemClient          : [ItemClient#queryItemByIds] ---> END HTTP (0-byte body)
22:00:52:021  INFO 111332 --- [nacos-grpc-client-executor-25] com.alibaba.nacos.common.remote.client   : [b6d0785b-4439-4899-838e-5f1661e7c358] Receive server push request, request = NotifySubscriberRequest, requestId = 52
22:00:52:021  INFO 111332 --- [nacos-grpc-client-executor-25] com.alibaba.nacos.common.remote.client   : [b6d0785b-4439-4899-838e-5f1661e7c358] Ack server push request, request = NotifySubscriberRequest, requestId = 52
22:00:52:619 DEBUG 111332 --- [http-nio-8082-exec-1] com.hmall.api.client.ItemClient          : [ItemClient#queryItemByIds] <--- HTTP/1.1 200  (1212ms)
22:00:52:621 DEBUG 111332 --- [http-nio-8082-exec-1] com.hmall.api.client.ItemClient          : [ItemClient#queryItemByIds] connection: keep-alive
22:00:52:621 DEBUG 111332 --- [http-nio-8082-exec-1] com.hmall.api.client.ItemClient          : [ItemClient#queryItemByIds] content-type: application/json
22:00:52:621 DEBUG 111332 --- [http-nio-8082-exec-1] com.hmall.api.client.ItemClient          : [ItemClient#queryItemByIds] date: Mon, 22 Jun 2026 14:00:52 GMT
22:00:52:621 DEBUG 111332 --- [http-nio-8082-exec-1] com.hmall.api.client.ItemClient          : [ItemClient#queryItemByIds] keep-alive: timeout=60
22:00:52:621 DEBUG 111332 --- [http-nio-8082-exec-1] com.hmall.api.client.ItemClient          : [ItemClient#queryItemByIds] transfer-encoding: chunked
22:00:52:621 DEBUG 111332 --- [http-nio-8082-exec-1] com.hmall.api.client.ItemClient          : [ItemClient#queryItemByIds] 
22:00:52:624 DEBUG 111332 --- [http-nio-8082-exec-1] com.hmall.api.client.ItemClient          : [ItemClient#queryItemByIds] [{"id":"4026319","name":"TCL 65A950C 65英寸32核人工智能 HDR曲面超薄4K电视金属机身（枪色）","price":394400,"stock":10000,"image":"https://m.360buyimg.com/mobilecms/s720x720_jfs/t1/5269/2/12146/122833/5bd2a509Ed9ba6c1f/6a50f35bfacecbc6.jpg!q70.jpg.webp","category":"曲面电视","brand":"TCL","spec":"{\"版本\": \"65英寸\"}","sold":0,"commentCount":0,"isAD":false,"status":1},{"id":"40305713537","name":"【官方正品 品牌直营】奥古狮登小白鞋女秋季透气2018新款百搭韩版休闲鞋运动鞋女鞋厚底板鞋女 浅蓝【厚底】 41","price":35400,"stock":10000,"image":"https://m.360buyimg.com/mobilecms/s720x720_jfs/t1/14147/34/2890/275451/5c225484Ebd346404/e61513be4639ee2e.jpg!q70.jpg.webp","category":"休闲鞋","brand":"奥古狮登","spec":"{\"颜色\": \"金色\", \"尺码\": \"41\"}","sold":0,"commentCount":0,"isAD":false,"status":1},{"id":"100000006163","name":"巴布豆(BOBDOG)柔薄悦动婴儿拉拉裤XXL码80片(15kg以上)","price":67100,"stock":10000,"image":"https://m.360buyimg.com/mobilecms/s720x720_jfs/t23998/350/2363990466/222391/a6e9581d/5b7cba5bN0c18fb4f.jpg!q70.jpg.webp","category":"拉拉裤","brand":"巴布豆","spec":"{}","sold":11,"commentCount":33343434,"isAD":false,"status":2},{"id":"100001905417","name":"【千玺代言】华为新品 HUAWEI nova 4 极点全面屏手机 2000万超广角三摄 8GB+128GB 蜜语红 全网通双卡双待","price":224900,"stock":10000,"image":"https://m.360buyimg.com/mobilecms/s720x720_jfs/t1/20085/14/1076/149604/5c0f8dd2Ebafd3bfd/0cb34a7826cbe1c3.jpg!q70.jpg.webp","category":"手机","brand":"华为","spec":"{\"颜色\": \"红色\"}","sold":0,"commentCount":0,"isAD":false,"status":1}]
22:00:52:625 DEBUG 111332 --- [http-nio-8082-exec-1] com.hmall.api.client.ItemClient          : [ItemClient#queryItemByIds] <--- END HTTP (1708-byte body)
22:00:57:579 DEBUG 111332 --- [http-nio-8082-exec-2] c.h.cart.mapper.CartMapper.selectList    : ==>  Preparing: SELECT id,user_id,item_id,num,name,spec,price,image,create_time,update_time FROM cart WHERE (user_id = ?)
22:00:57:580 DEBUG 111332 --- [http-nio-8082-exec-2] c.h.cart.mapper.CartMapper.selectList    : ==> Parameters: 1(Long)
22:00:57:584 DEBUG 111332 --- [http-nio-8082-exec-2] c.h.cart.mapper.CartMapper.selectList    : <==      Total: 4
22:00:57:586 DEBUG 111332 --- [http-nio-8082-exec-2] com.hmall.api.client.ItemClient          : [ItemClient#queryItemByIds] ---> GET http://item-service/items?ids=40305713537&ids=4026319&ids=100000006163&ids=100001905417 HTTP/1.1
22:00:57:586 DEBUG 111332 --- [http-nio-8082-exec-2] com.hmall.api.client.ItemClient          : [ItemClient#queryItemByIds] user-info: 1
22:00:57:586 DEBUG 111332 --- [http-nio-8082-exec-2] com.hmall.api.client.ItemClient          : [ItemClient#queryItemByIds] ---> END HTTP (0-byte body)
22:00:58:103 DEBUG 111332 --- [http-nio-8082-exec-2] com.hmall.api.client.ItemClient          : [ItemClient#queryItemByIds] <--- HTTP/1.1 200  (516ms)
22:00:58:103 DEBUG 111332 --- [http-nio-8082-exec-2] com.hmall.api.client.ItemClient          : [ItemClient#queryItemByIds] connection: keep-alive
22:00:58:103 DEBUG 111332 --- [http-nio-8082-exec-2] com.hmall.api.client.ItemClient          : [ItemClient#queryItemByIds] content-type: application/json
22:00:58:103 DEBUG 111332 --- [http-nio-8082-exec-2] com.hmall.api.client.ItemClient          : [ItemClient#queryItemByIds] date: Mon, 22 Jun 2026 14:00:58 GMT
22:00:58:103 DEBUG 111332 --- [http-nio-8082-exec-2] com.hmall.api.client.ItemClient          : [ItemClient#queryItemByIds] keep-alive: timeout=60
22:00:58:104 DEBUG 111332 --- [http-nio-8082-exec-2] com.hmall.api.client.ItemClient          : [ItemClient#queryItemByIds] transfer-encoding: chunked
22:00:58:104 DEBUG 111332 --- [http-nio-8082-exec-2] com.hmall.api.client.ItemClient          : [ItemClient#queryItemByIds] 
22:00:58:104 DEBUG 111332 --- [http-nio-8082-exec-2] com.hmall.api.client.ItemClient          : [ItemClient#queryItemByIds] [{"id":"4026319","name":"TCL 65A950C 65英寸32核人工智能 HDR曲面超薄4K电视金属机身（枪色）","price":394400,"stock":10000,"image":"https://m.360buyimg.com/mobilecms/s720x720_jfs/t1/5269/2/12146/122833/5bd2a509Ed9ba6c1f/6a50f35bfacecbc6.jpg!q70.jpg.webp","category":"曲面电视","brand":"TCL","spec":"{\"版本\": \"65英寸\"}","sold":0,"commentCount":0,"isAD":false,"status":1},{"id":"40305713537","name":"【官方正品 品牌直营】奥古狮登小白鞋女秋季透气2018新款百搭韩版休闲鞋运动鞋女鞋厚底板鞋女 浅蓝【厚底】 41","price":35400,"stock":10000,"image":"https://m.360buyimg.com/mobilecms/s720x720_jfs/t1/14147/34/2890/275451/5c225484Ebd346404/e61513be4639ee2e.jpg!q70.jpg.webp","category":"休闲鞋","brand":"奥古狮登","spec":"{\"颜色\": \"金色\", \"尺码\": \"41\"}","sold":0,"commentCount":0,"isAD":false,"status":1},{"id":"100000006163","name":"巴布豆(BOBDOG)柔薄悦动婴儿拉拉裤XXL码80片(15kg以上)","price":67100,"stock":10000,"image":"https://m.360buyimg.com/mobilecms/s720x720_jfs/t23998/350/2363990466/222391/a6e9581d/5b7cba5bN0c18fb4f.jpg!q70.jpg.webp","category":"拉拉裤","brand":"巴布豆","spec":"{}","sold":11,"commentCount":33343434,"isAD":false,"status":2},{"id":"100001905417","name":"【千玺代言】华为新品 HUAWEI nova 4 极点全面屏手机 2000万超广角三摄 8GB+128GB 蜜语红 全网通双卡双待","price":224900,"stock":10000,"image":"https://m.360buyimg.com/mobilecms/s720x720_jfs/t1/20085/14/1076/149604/5c0f8dd2Ebafd3bfd/0cb34a7826cbe1c3.jpg!q70.jpg.webp","category":"手机","brand":"华为","spec":"{\"颜色\": \"红色\"}","sold":0,"commentCount":0,"isAD":false,"status":1}]
22:00:58:104 DEBUG 111332 --- [http-nio-8082-exec-2] com.hmall.api.client.ItemClient          : [ItemClient#queryItemByIds] <--- END HTTP (1708-byte body)
22:01:07:078 DEBUG 111332 --- [http-nio-8082-exec-3] c.h.cart.mapper.CartMapper.updateById    : ==>  Preparing: UPDATE cart SET num=? WHERE id=?
22:01:07:079 DEBUG 111332 --- [http-nio-8082-exec-3] c.h.cart.mapper.CartMapper.updateById    : ==> Parameters: 2(Integer), 18(Long)
22:01:07:098 DEBUG 111332 --- [http-nio-8082-exec-3] c.h.cart.mapper.CartMapper.updateById    : <==    Updates: 1
22:01:07:116 DEBUG 111332 --- [http-nio-8082-exec-4] c.h.cart.mapper.CartMapper.selectList    : ==>  Preparing: SELECT id,user_id,item_id,num,name,spec,price,image,create_time,update_time FROM cart WHERE (user_id = ?)
22:01:07:116 DEBUG 111332 --- [http-nio-8082-exec-4] c.h.cart.mapper.CartMapper.selectList    : ==> Parameters: 1(Long)
22:01:07:119 DEBUG 111332 --- [http-nio-8082-exec-4] c.h.cart.mapper.CartMapper.selectList    : <==      Total: 4
22:01:07:121 DEBUG 111332 --- [http-nio-8082-exec-4] com.hmall.api.client.ItemClient          : [ItemClient#queryItemByIds] ---> GET http://item-service/items?ids=40305713537&ids=4026319&ids=100000006163&ids=100001905417 HTTP/1.1
22:01:07:121 DEBUG 111332 --- [http-nio-8082-exec-4] com.hmall.api.client.ItemClient          : [ItemClient#queryItemByIds] user-info: 1
22:01:07:122 DEBUG 111332 --- [http-nio-8082-exec-4] com.hmall.api.client.ItemClient          : [ItemClient#queryItemByIds] ---> END HTTP (0-byte body)
22:01:07:632 DEBUG 111332 --- [http-nio-8082-exec-4] com.hmall.api.client.ItemClient          : [ItemClient#queryItemByIds] <--- HTTP/1.1 200  (511ms)
22:01:07:633 DEBUG 111332 --- [http-nio-8082-exec-4] com.hmall.api.client.ItemClient          : [ItemClient#queryItemByIds] connection: keep-alive
22:01:07:633 DEBUG 111332 --- [http-nio-8082-exec-4] com.hmall.api.client.ItemClient          : [ItemClient#queryItemByIds] content-type: application/json
22:01:07:633 DEBUG 111332 --- [http-nio-8082-exec-4] com.hmall.api.client.ItemClient          : [ItemClient#queryItemByIds] date: Mon, 22 Jun 2026 14:01:07 GMT
22:01:07:633 DEBUG 111332 --- [http-nio-8082-exec-4] com.hmall.api.client.ItemClient          : [ItemClient#queryItemByIds] keep-alive: timeout=60
22:01:07:633 DEBUG 111332 --- [http-nio-8082-exec-4] com.hmall.api.client.ItemClient          : [ItemClient#queryItemByIds] transfer-encoding: chunked
22:01:07:633 DEBUG 111332 --- [http-nio-8082-exec-4] com.hmall.api.client.ItemClient          : [ItemClient#queryItemByIds] 
22:01:07:633 DEBUG 111332 --- [http-nio-8082-exec-4] com.hmall.api.client.ItemClient          : [ItemClient#queryItemByIds] [{"id":"4026319","name":"TCL 65A950C 65英寸32核人工智能 HDR曲面超薄4K电视金属机身（枪色）","price":394400,"stock":10000,"image":"https://m.360buyimg.com/mobilecms/s720x720_jfs/t1/5269/2/12146/122833/5bd2a509Ed9ba6c1f/6a50f35bfacecbc6.jpg!q70.jpg.webp","category":"曲面电视","brand":"TCL","spec":"{\"版本\": \"65英寸\"}","sold":0,"commentCount":0,"isAD":false,"status":1},{"id":"40305713537","name":"【官方正品 品牌直营】奥古狮登小白鞋女秋季透气2018新款百搭韩版休闲鞋运动鞋女鞋厚底板鞋女 浅蓝【厚底】 41","price":35400,"stock":10000,"image":"https://m.360buyimg.com/mobilecms/s720x720_jfs/t1/14147/34/2890/275451/5c225484Ebd346404/e61513be4639ee2e.jpg!q70.jpg.webp","category":"休闲鞋","brand":"奥古狮登","spec":"{\"颜色\": \"金色\", \"尺码\": \"41\"}","sold":0,"commentCount":0,"isAD":false,"status":1},{"id":"100000006163","name":"巴布豆(BOBDOG)柔薄悦动婴儿拉拉裤XXL码80片(15kg以上)","price":67100,"stock":10000,"image":"https://m.360buyimg.com/mobilecms/s720x720_jfs/t23998/350/2363990466/222391/a6e9581d/5b7cba5bN0c18fb4f.jpg!q70.jpg.webp","category":"拉拉裤","brand":"巴布豆","spec":"{}","sold":11,"commentCount":33343434,"isAD":false,"status":2},{"id":"100001905417","name":"【千玺代言】华为新品 HUAWEI nova 4 极点全面屏手机 2000万超广角三摄 8GB+128GB 蜜语红 全网通双卡双待","price":224900,"stock":10000,"image":"https://m.360buyimg.com/mobilecms/s720x720_jfs/t1/20085/14/1076/149604/5c0f8dd2Ebafd3bfd/0cb34a7826cbe1c3.jpg!q70.jpg.webp","category":"手机","brand":"华为","spec":"{\"颜色\": \"红色\"}","sold":0,"commentCount":0,"isAD":false,"status":1}]
22:01:07:633 DEBUG 111332 --- [http-nio-8082-exec-4] com.hmall.api.client.ItemClient          : [ItemClient#queryItemByIds] <--- END HTTP (1708-byte body)
22:01:10:274 DEBUG 111332 --- [http-nio-8082-exec-5] c.h.cart.mapper.CartMapper.updateById    : ==>  Preparing: UPDATE cart SET num=? WHERE id=?
22:01:10:275 DEBUG 111332 --- [http-nio-8082-exec-5] c.h.cart.mapper.CartMapper.updateById    : ==> Parameters: 3(Integer), 18(Long)
22:01:10:281 DEBUG 111332 --- [http-nio-8082-exec-5] c.h.cart.mapper.CartMapper.updateById    : <==    Updates: 1
22:01:10:297 DEBUG 111332 --- [http-nio-8082-exec-6] c.h.cart.mapper.CartMapper.selectList    : ==>  Preparing: SELECT id,user_id,item_id,num,name,spec,price,image,create_time,update_time FROM cart WHERE (user_id = ?)
22:01:10:297 DEBUG 111332 --- [http-nio-8082-exec-6] c.h.cart.mapper.CartMapper.selectList    : ==> Parameters: 1(Long)
22:01:10:301 DEBUG 111332 --- [http-nio-8082-exec-6] c.h.cart.mapper.CartMapper.selectList    : <==      Total: 4
22:01:10:307 DEBUG 111332 --- [http-nio-8082-exec-6] com.hmall.api.client.ItemClient          : [ItemClient#queryItemByIds] ---> GET http://item-service/items?ids=40305713537&ids=4026319&ids=100000006163&ids=100001905417 HTTP/1.1
22:01:10:307 DEBUG 111332 --- [http-nio-8082-exec-6] com.hmall.api.client.ItemClient          : [ItemClient#queryItemByIds] user-info: 1
22:01:10:307 DEBUG 111332 --- [http-nio-8082-exec-6] com.hmall.api.client.ItemClient          : [ItemClient#queryItemByIds] ---> END HTTP (0-byte body)
22:01:10:831 DEBUG 111332 --- [http-nio-8082-exec-6] com.hmall.api.client.ItemClient          : [ItemClient#queryItemByIds] <--- HTTP/1.1 200  (523ms)
22:01:10:831 DEBUG 111332 --- [http-nio-8082-exec-6] com.hmall.api.client.ItemClient          : [ItemClient#queryItemByIds] connection: keep-alive
22:01:10:831 DEBUG 111332 --- [http-nio-8082-exec-6] com.hmall.api.client.ItemClient          : [ItemClient#queryItemByIds] content-type: application/json
22:01:10:831 DEBUG 111332 --- [http-nio-8082-exec-6] com.hmall.api.client.ItemClient          : [ItemClient#queryItemByIds] date: Mon, 22 Jun 2026 14:01:10 GMT
22:01:10:831 DEBUG 111332 --- [http-nio-8082-exec-6] com.hmall.api.client.ItemClient          : [ItemClient#queryItemByIds] keep-alive: timeout=60
22:01:10:831 DEBUG 111332 --- [http-nio-8082-exec-6] com.hmall.api.client.ItemClient          : [ItemClient#queryItemByIds] transfer-encoding: chunked
22:01:10:831 DEBUG 111332 --- [http-nio-8082-exec-6] com.hmall.api.client.ItemClient          : [ItemClient#queryItemByIds] 
22:01:10:831 DEBUG 111332 --- [http-nio-8082-exec-6] com.hmall.api.client.ItemClient          : [ItemClient#queryItemByIds] [{"id":"4026319","name":"TCL 65A950C 65英寸32核人工智能 HDR曲面超薄4K电视金属机身（枪色）","price":394400,"stock":10000,"image":"https://m.360buyimg.com/mobilecms/s720x720_jfs/t1/5269/2/12146/122833/5bd2a509Ed9ba6c1f/6a50f35bfacecbc6.jpg!q70.jpg.webp","category":"曲面电视","brand":"TCL","spec":"{\"版本\": \"65英寸\"}","sold":0,"commentCount":0,"isAD":false,"status":1},{"id":"40305713537","name":"【官方正品 品牌直营】奥古狮登小白鞋女秋季透气2018新款百搭韩版休闲鞋运动鞋女鞋厚底板鞋女 浅蓝【厚底】 41","price":35400,"stock":10000,"image":"https://m.360buyimg.com/mobilecms/s720x720_jfs/t1/14147/34/2890/275451/5c225484Ebd346404/e61513be4639ee2e.jpg!q70.jpg.webp","category":"休闲鞋","brand":"奥古狮登","spec":"{\"颜色\": \"金色\", \"尺码\": \"41\"}","sold":0,"commentCount":0,"isAD":false,"status":1},{"id":"100000006163","name":"巴布豆(BOBDOG)柔薄悦动婴儿拉拉裤XXL码80片(15kg以上)","price":67100,"stock":10000,"image":"https://m.360buyimg.com/mobilecms/s720x720_jfs/t23998/350/2363990466/222391/a6e9581d/5b7cba5bN0c18fb4f.jpg!q70.jpg.webp","category":"拉拉裤","brand":"巴布豆","spec":"{}","sold":11,"commentCount":33343434,"isAD":false,"status":2},{"id":"100001905417","name":"【千玺代言】华为新品 HUAWEI nova 4 极点全面屏手机 2000万超广角三摄 8GB+128GB 蜜语红 全网通双卡双待","price":224900,"stock":10000,"image":"https://m.360buyimg.com/mobilecms/s720x720_jfs/t1/20085/14/1076/149604/5c0f8dd2Ebafd3bfd/0cb34a7826cbe1c3.jpg!q70.jpg.webp","category":"手机","brand":"华为","spec":"{\"颜色\": \"红色\"}","sold":0,"commentCount":0,"isAD":false,"status":1}]
22:01:10:832 DEBUG 111332 --- [http-nio-8082-exec-6] com.hmall.api.client.ItemClient          : [ItemClient#queryItemByIds] <--- END HTTP (1708-byte body)
22:01:11:468 DEBUG 111332 --- [http-nio-8082-exec-7] c.h.cart.mapper.CartMapper.updateById    : ==>  Preparing: UPDATE cart SET num=? WHERE id=?
22:01:11:469 DEBUG 111332 --- [http-nio-8082-exec-7] c.h.cart.mapper.CartMapper.updateById    : ==> Parameters: 2(Integer), 18(Long)
22:01:11:474 DEBUG 111332 --- [http-nio-8082-exec-7] c.h.cart.mapper.CartMapper.updateById    : <==    Updates: 1
22:01:11:489 DEBUG 111332 --- [http-nio-8082-exec-8] c.h.cart.mapper.CartMapper.selectList    : ==>  Preparing: SELECT id,user_id,item_id,num,name,spec,price,image,create_time,update_time FROM cart WHERE (user_id = ?)
22:01:11:490 DEBUG 111332 --- [http-nio-8082-exec-8] c.h.cart.mapper.CartMapper.selectList    : ==> Parameters: 1(Long)
22:01:11:492 DEBUG 111332 --- [http-nio-8082-exec-8] c.h.cart.mapper.CartMapper.selectList    : <==      Total: 4
22:01:11:494 DEBUG 111332 --- [http-nio-8082-exec-8] com.hmall.api.client.ItemClient          : [ItemClient#queryItemByIds] ---> GET http://item-service/items?ids=40305713537&ids=4026319&ids=100000006163&ids=100001905417 HTTP/1.1
22:01:11:494 DEBUG 111332 --- [http-nio-8082-exec-8] com.hmall.api.client.ItemClient          : [ItemClient#queryItemByIds] user-info: 1
22:01:11:494 DEBUG 111332 --- [http-nio-8082-exec-8] com.hmall.api.client.ItemClient          : [ItemClient#queryItemByIds] ---> END HTTP (0-byte body)
22:01:12:006 DEBUG 111332 --- [http-nio-8082-exec-8] com.hmall.api.client.ItemClient          : [ItemClient#queryItemByIds] <--- HTTP/1.1 200  (511ms)
22:01:12:006 DEBUG 111332 --- [http-nio-8082-exec-8] com.hmall.api.client.ItemClient          : [ItemClient#queryItemByIds] connection: keep-alive
22:01:12:006 DEBUG 111332 --- [http-nio-8082-exec-8] com.hmall.api.client.ItemClient          : [ItemClient#queryItemByIds] content-type: application/json
22:01:12:006 DEBUG 111332 --- [http-nio-8082-exec-8] com.hmall.api.client.ItemClient          : [ItemClient#queryItemByIds] date: Mon, 22 Jun 2026 14:01:12 GMT
22:01:12:006 DEBUG 111332 --- [http-nio-8082-exec-8] com.hmall.api.client.ItemClient          : [ItemClient#queryItemByIds] keep-alive: timeout=60
22:01:12:006 DEBUG 111332 --- [http-nio-8082-exec-8] com.hmall.api.client.ItemClient          : [ItemClient#queryItemByIds] transfer-encoding: chunked
22:01:12:006 DEBUG 111332 --- [http-nio-8082-exec-8] com.hmall.api.client.ItemClient          : [ItemClient#queryItemByIds] 
22:01:12:007 DEBUG 111332 --- [http-nio-8082-exec-8] com.hmall.api.client.ItemClient          : [ItemClient#queryItemByIds] [{"id":"4026319","name":"TCL 65A950C 65英寸32核人工智能 HDR曲面超薄4K电视金属机身（枪色）","price":394400,"stock":10000,"image":"https://m.360buyimg.com/mobilecms/s720x720_jfs/t1/5269/2/12146/122833/5bd2a509Ed9ba6c1f/6a50f35bfacecbc6.jpg!q70.jpg.webp","category":"曲面电视","brand":"TCL","spec":"{\"版本\": \"65英寸\"}","sold":0,"commentCount":0,"isAD":false,"status":1},{"id":"40305713537","name":"【官方正品 品牌直营】奥古狮登小白鞋女秋季透气2018新款百搭韩版休闲鞋运动鞋女鞋厚底板鞋女 浅蓝【厚底】 41","price":35400,"stock":10000,"image":"https://m.360buyimg.com/mobilecms/s720x720_jfs/t1/14147/34/2890/275451/5c225484Ebd346404/e61513be4639ee2e.jpg!q70.jpg.webp","category":"休闲鞋","brand":"奥古狮登","spec":"{\"颜色\": \"金色\", \"尺码\": \"41\"}","sold":0,"commentCount":0,"isAD":false,"status":1},{"id":"100000006163","name":"巴布豆(BOBDOG)柔薄悦动婴儿拉拉裤XXL码80片(15kg以上)","price":67100,"stock":10000,"image":"https://m.360buyimg.com/mobilecms/s720x720_jfs/t23998/350/2363990466/222391/a6e9581d/5b7cba5bN0c18fb4f.jpg!q70.jpg.webp","category":"拉拉裤","brand":"巴布豆","spec":"{}","sold":11,"commentCount":33343434,"isAD":false,"status":2},{"id":"100001905417","name":"【千玺代言】华为新品 HUAWEI nova 4 极点全面屏手机 2000万超广角三摄 8GB+128GB 蜜语红 全网通双卡双待","price":224900,"stock":10000,"image":"https://m.360buyimg.com/mobilecms/s720x720_jfs/t1/20085/14/1076/149604/5c0f8dd2Ebafd3bfd/0cb34a7826cbe1c3.jpg!q70.jpg.webp","category":"手机","brand":"华为","spec":"{\"颜色\": \"红色\"}","sold":0,"commentCount":0,"isAD":false,"status":1}]
22:01:12:007 DEBUG 111332 --- [http-nio-8082-exec-8] com.hmall.api.client.ItemClient          : [ItemClient#queryItemByIds] <--- END HTTP (1708-byte body)
22:01:14:481 DEBUG 111332 --- [http-nio-8082-exec-10] c.h.cart.mapper.CartMapper.updateById    : ==>  Preparing: UPDATE cart SET num=? WHERE id=?
22:01:14:481 DEBUG 111332 --- [http-nio-8082-exec-10] c.h.cart.mapper.CartMapper.updateById    : ==> Parameters: 1(Integer), 18(Long)
22:01:14:486 DEBUG 111332 --- [http-nio-8082-exec-10] c.h.cart.mapper.CartMapper.updateById    : <==    Updates: 1
22:01:14:500 DEBUG 111332 --- [http-nio-8082-exec-9] c.h.cart.mapper.CartMapper.selectList    : ==>  Preparing: SELECT id,user_id,item_id,num,name,spec,price,image,create_time,update_time FROM cart WHERE (user_id = ?)
22:01:14:500 DEBUG 111332 --- [http-nio-8082-exec-9] c.h.cart.mapper.CartMapper.selectList    : ==> Parameters: 1(Long)
22:01:14:503 DEBUG 111332 --- [http-nio-8082-exec-9] c.h.cart.mapper.CartMapper.selectList    : <==      Total: 4
22:01:14:504 DEBUG 111332 --- [http-nio-8082-exec-9] com.hmall.api.client.ItemClient          : [ItemClient#queryItemByIds] ---> GET http://item-service/items?ids=40305713537&ids=4026319&ids=100000006163&ids=100001905417 HTTP/1.1
22:01:14:504 DEBUG 111332 --- [http-nio-8082-exec-9] com.hmall.api.client.ItemClient          : [ItemClient#queryItemByIds] user-info: 1
22:01:14:504 DEBUG 111332 --- [http-nio-8082-exec-9] com.hmall.api.client.ItemClient          : [ItemClient#queryItemByIds] ---> END HTTP (0-byte body)
22:01:15:015 DEBUG 111332 --- [http-nio-8082-exec-9] com.hmall.api.client.ItemClient          : [ItemClient#queryItemByIds] <--- HTTP/1.1 200  (510ms)
22:01:15:015 DEBUG 111332 --- [http-nio-8082-exec-9] com.hmall.api.client.ItemClient          : [ItemClient#queryItemByIds] connection: keep-alive
22:01:15:015 DEBUG 111332 --- [http-nio-8082-exec-9] com.hmall.api.client.ItemClient          : [ItemClient#queryItemByIds] content-type: application/json
22:01:15:015 DEBUG 111332 --- [http-nio-8082-exec-9] com.hmall.api.client.ItemClient          : [ItemClient#queryItemByIds] date: Mon, 22 Jun 2026 14:01:15 GMT
22:01:15:015 DEBUG 111332 --- [http-nio-8082-exec-9] com.hmall.api.client.ItemClient          : [ItemClient#queryItemByIds] keep-alive: timeout=60
22:01:15:015 DEBUG 111332 --- [http-nio-8082-exec-9] com.hmall.api.client.ItemClient          : [ItemClient#queryItemByIds] transfer-encoding: chunked
22:01:15:015 DEBUG 111332 --- [http-nio-8082-exec-9] com.hmall.api.client.ItemClient          : [ItemClient#queryItemByIds] 
22:01:15:017 DEBUG 111332 --- [http-nio-8082-exec-9] com.hmall.api.client.ItemClient          : [ItemClient#queryItemByIds] [{"id":"4026319","name":"TCL 65A950C 65英寸32核人工智能 HDR曲面超薄4K电视金属机身（枪色）","price":394400,"stock":10000,"image":"https://m.360buyimg.com/mobilecms/s720x720_jfs/t1/5269/2/12146/122833/5bd2a509Ed9ba6c1f/6a50f35bfacecbc6.jpg!q70.jpg.webp","category":"曲面电视","brand":"TCL","spec":"{\"版本\": \"65英寸\"}","sold":0,"commentCount":0,"isAD":false,"status":1},{"id":"40305713537","name":"【官方正品 品牌直营】奥古狮登小白鞋女秋季透气2018新款百搭韩版休闲鞋运动鞋女鞋厚底板鞋女 浅蓝【厚底】 41","price":35400,"stock":10000,"image":"https://m.360buyimg.com/mobilecms/s720x720_jfs/t1/14147/34/2890/275451/5c225484Ebd346404/e61513be4639ee2e.jpg!q70.jpg.webp","category":"休闲鞋","brand":"奥古狮登","spec":"{\"颜色\": \"金色\", \"尺码\": \"41\"}","sold":0,"commentCount":0,"isAD":false,"status":1},{"id":"100000006163","name":"巴布豆(BOBDOG)柔薄悦动婴儿拉拉裤XXL码80片(15kg以上)","price":67100,"stock":10000,"image":"https://m.360buyimg.com/mobilecms/s720x720_jfs/t23998/350/2363990466/222391/a6e9581d/5b7cba5bN0c18fb4f.jpg!q70.jpg.webp","category":"拉拉裤","brand":"巴布豆","spec":"{}","sold":11,"commentCount":33343434,"isAD":false,"status":2},{"id":"100001905417","name":"【千玺代言】华为新品 HUAWEI nova 4 极点全面屏手机 2000万超广角三摄 8GB+128GB 蜜语红 全网通双卡双待","price":224900,"stock":10000,"image":"https://m.360buyimg.com/mobilecms/s720x720_jfs/t1/20085/14/1076/149604/5c0f8dd2Ebafd3bfd/0cb34a7826cbe1c3.jpg!q70.jpg.webp","category":"手机","brand":"华为","spec":"{\"颜色\": \"红色\"}","sold":0,"commentCount":0,"isAD":false,"status":1}]
22:01:15:017 DEBUG 111332 --- [http-nio-8082-exec-9] com.hmall.api.client.ItemClient          : [ItemClient#queryItemByIds] <--- END HTTP (1708-byte body)
22:01:27:197 DEBUG 111332 --- [http-nio-8082-exec-1] com.hmall.cart.mapper.CartMapper.delete  : ==>  Preparing: DELETE FROM cart WHERE (user_id = ? AND item_id IN (?))
22:01:27:445 DEBUG 111332 --- [http-nio-8082-exec-1] com.hmall.cart.mapper.CartMapper.delete  : ==> Parameters: 1(Long), 4026319(Long)
22:01:27:542 DEBUG 111332 --- [http-nio-8082-exec-1] com.hmall.cart.mapper.CartMapper.delete  : <==    Updates: 1
22:01:27:905  WARN 111332 --- [http-nio-8082-exec-1] ServiceLoader$InnerEnhancedServiceLoader : Load [io.seata.rm.datasource.undo.parser.ProtostuffUndoLogParser] class fail. io/protostuff/runtime/IdStrategy
22:01:28:597  INFO 111332 --- [rpcDispatch_RMROLE_1_1_32] i.s.c.r.p.c.RmBranchCommitProcessor      : rm client handle branch commit process:xid=192.168.31.23:8099:36820376088490275,branchId=36820376088490283,branchType=AT,resourceId=jdbc:mysql://192.168.31.23:3306/hm-cart,applicationData={"autoCommit":false}
22:01:28:597  INFO 111332 --- [rpcDispatch_RMROLE_1_1_32] io.seata.rm.AbstractRMHandler            : Branch committing: 192.168.31.23:8099:36820376088490275 36820376088490283 jdbc:mysql://192.168.31.23:3306/hm-cart {"autoCommit":false}
22:01:28:599  INFO 111332 --- [rpcDispatch_RMROLE_1_1_32] io.seata.rm.AbstractRMHandler            : Branch commit result: PhaseTwo_Committed
22:06:29:843  INFO 111332 --- [nacos-grpc-client-executor-92] com.alibaba.nacos.common.remote.client   : [6e6cefc5-ff85-42f2-bf7b-3f21f4ee7908] Receive server push request, request = NotifySubscriberRequest, requestId = 58
22:06:29:846  INFO 111332 --- [nacos-grpc-client-executor-92] com.alibaba.nacos.common.remote.client   : [6e6cefc5-ff85-42f2-bf7b-3f21f4ee7908] Ack server push request, request = NotifySubscriberRequest, requestId = 58
22:06:30:155  INFO 111332 --- [nacos-grpc-client-executor-100] com.alibaba.nacos.common.remote.client   : [59091302-2920-42cb-8fa3-87e9a7dd1494_config-0] Receive server push request, request = ClientDetectionRequest, requestId = 61
22:06:30:155  INFO 111332 --- [nacos-grpc-client-executor-93] com.alibaba.nacos.common.remote.client   : [b6d0785b-4439-4899-838e-5f1661e7c358] Receive server push request, request = ClientDetectionRequest, requestId = 60
22:06:30:156  INFO 111332 --- [nacos-grpc-client-executor-100] com.alibaba.nacos.common.remote.client   : [59091302-2920-42cb-8fa3-87e9a7dd1494_config-0] Ack server push request, request = ClientDetectionRequest, requestId = 61
22:06:30:156  INFO 111332 --- [nacos-grpc-client-executor-93] com.alibaba.nacos.common.remote.client   : [b6d0785b-4439-4899-838e-5f1661e7c358] Ack server push request, request = ClientDetectionRequest, requestId = 60
22:06:32:781  INFO 111332 --- [nacos-grpc-client-executor-93] com.alibaba.nacos.common.remote.client   : [6e6cefc5-ff85-42f2-bf7b-3f21f4ee7908] Receive server push request, request = NotifySubscriberRequest, requestId = 65
22:06:32:787  INFO 111332 --- [nacos-grpc-client-executor-93] com.alibaba.nacos.common.remote.client   : [6e6cefc5-ff85-42f2-bf7b-3f21f4ee7908] Ack server push request, request = NotifySubscriberRequest, requestId = 65
22:07:10:934 DEBUG 111332 --- [http-nio-8082-exec-4] com.hmall.cart.mapper.CartMapper.delete  : ==>  Preparing: DELETE FROM cart WHERE (user_id = ? AND item_id IN (?))
22:07:10:935 DEBUG 111332 --- [http-nio-8082-exec-4] com.hmall.cart.mapper.CartMapper.delete  : ==> Parameters: 1(Long), 4026319(Long)
22:07:10:944 DEBUG 111332 --- [http-nio-8082-exec-4] com.hmall.cart.mapper.CartMapper.delete  : <==    Updates: 0
22:12:25:686 DEBUG 111332 --- [http-nio-8082-exec-6] c.h.cart.mapper.CartMapper.selectList    : ==>  Preparing: SELECT id,user_id,item_id,num,name,spec,price,image,create_time,update_time FROM cart WHERE (user_id = ?)
22:12:25:686 DEBUG 111332 --- [http-nio-8082-exec-6] c.h.cart.mapper.CartMapper.selectList    : ==> Parameters: 1(Long)
22:12:25:690 DEBUG 111332 --- [http-nio-8082-exec-6] c.h.cart.mapper.CartMapper.selectList    : <==      Total: 3
22:12:25:695 DEBUG 111332 --- [http-nio-8082-exec-6] com.hmall.api.client.ItemClient          : [ItemClient#queryItemByIds] ---> GET http://item-service/items?ids=40305713537&ids=100000006163&ids=100001905417 HTTP/1.1
22:12:25:697 DEBUG 111332 --- [http-nio-8082-exec-6] com.hmall.api.client.ItemClient          : [ItemClient#queryItemByIds] user-info: 1
22:12:25:697 DEBUG 111332 --- [http-nio-8082-exec-6] com.hmall.api.client.ItemClient          : [ItemClient#queryItemByIds] ---> END HTTP (0-byte body)
22:12:26:232 DEBUG 111332 --- [http-nio-8082-exec-6] com.hmall.api.client.ItemClient          : [ItemClient#queryItemByIds] <--- HTTP/1.1 200  (534ms)
22:12:26:232 DEBUG 111332 --- [http-nio-8082-exec-6] com.hmall.api.client.ItemClient          : [ItemClient#queryItemByIds] connection: keep-alive
22:12:26:232 DEBUG 111332 --- [http-nio-8082-exec-6] com.hmall.api.client.ItemClient          : [ItemClient#queryItemByIds] content-type: application/json
22:12:26:232 DEBUG 111332 --- [http-nio-8082-exec-6] com.hmall.api.client.ItemClient          : [ItemClient#queryItemByIds] date: Mon, 22 Jun 2026 14:12:26 GMT
22:12:26:232 DEBUG 111332 --- [http-nio-8082-exec-6] com.hmall.api.client.ItemClient          : [ItemClient#queryItemByIds] keep-alive: timeout=60
22:12:26:232 DEBUG 111332 --- [http-nio-8082-exec-6] com.hmall.api.client.ItemClient          : [ItemClient#queryItemByIds] transfer-encoding: chunked
22:12:26:232 DEBUG 111332 --- [http-nio-8082-exec-6] com.hmall.api.client.ItemClient          : [ItemClient#queryItemByIds] 
22:12:26:232 DEBUG 111332 --- [http-nio-8082-exec-6] com.hmall.api.client.ItemClient          : [ItemClient#queryItemByIds] [{"id":"40305713537","name":"【官方正品 品牌直营】奥古狮登小白鞋女秋季透气2018新款百搭韩版休闲鞋运动鞋女鞋厚底板鞋女 浅蓝【厚底】 41","price":35400,"stock":10000,"image":"https://m.360buyimg.com/mobilecms/s720x720_jfs/t1/14147/34/2890/275451/5c225484Ebd346404/e61513be4639ee2e.jpg!q70.jpg.webp","category":"休闲鞋","brand":"奥古狮登","spec":"{\"颜色\": \"金色\", \"尺码\": \"41\"}","sold":0,"commentCount":0,"isAD":false,"status":1},{"id":"100000006163","name":"巴布豆(BOBDOG)柔薄悦动婴儿拉拉裤XXL码80片(15kg以上)","price":67100,"stock":10000,"image":"https://m.360buyimg.com/mobilecms/s720x720_jfs/t23998/350/2363990466/222391/a6e9581d/5b7cba5bN0c18fb4f.jpg!q70.jpg.webp","category":"拉拉裤","brand":"巴布豆","spec":"{}","sold":11,"commentCount":33343434,"isAD":false,"status":2},{"id":"100001905417","name":"【千玺代言】华为新品 HUAWEI nova 4 极点全面屏手机 2000万超广角三摄 8GB+128GB 蜜语红 全网通双卡双待","price":224900,"stock":10000,"image":"https://m.360buyimg.com/mobilecms/s720x720_jfs/t1/20085/14/1076/149604/5c0f8dd2Ebafd3bfd/0cb34a7826cbe1c3.jpg!q70.jpg.webp","category":"手机","brand":"华为","spec":"{\"颜色\": \"红色\"}","sold":0,"commentCount":0,"isAD":false,"status":1}]
22:12:26:232 DEBUG 111332 --- [http-nio-8082-exec-6] com.hmall.api.client.ItemClient          : [ItemClient#queryItemByIds] <--- END HTTP (1309-byte body)
22:12:31:840 DEBUG 111332 --- [http-nio-8082-exec-7] c.h.cart.mapper.CartMapper.selectList    : ==>  Preparing: SELECT id,user_id,item_id,num,name,spec,price,image,create_time,update_time FROM cart WHERE (user_id = ?)
22:12:31:841 DEBUG 111332 --- [http-nio-8082-exec-7] c.h.cart.mapper.CartMapper.selectList    : ==> Parameters: 1(Long)
22:12:31:845 DEBUG 111332 --- [http-nio-8082-exec-7] c.h.cart.mapper.CartMapper.selectList    : <==      Total: 3
22:12:31:847 DEBUG 111332 --- [http-nio-8082-exec-7] com.hmall.api.client.ItemClient          : [ItemClient#queryItemByIds] ---> GET http://item-service/items?ids=40305713537&ids=100000006163&ids=100001905417 HTTP/1.1
22:12:31:848 DEBUG 111332 --- [http-nio-8082-exec-7] com.hmall.api.client.ItemClient          : [ItemClient#queryItemByIds] user-info: 1
22:12:31:848 DEBUG 111332 --- [http-nio-8082-exec-7] com.hmall.api.client.ItemClient          : [ItemClient#queryItemByIds] ---> END HTTP (0-byte body)
22:12:32:357 DEBUG 111332 --- [http-nio-8082-exec-7] com.hmall.api.client.ItemClient          : [ItemClient#queryItemByIds] <--- HTTP/1.1 200  (510ms)
22:12:32:358 DEBUG 111332 --- [http-nio-8082-exec-7] com.hmall.api.client.ItemClient          : [ItemClient#queryItemByIds] connection: keep-alive
22:12:32:358 DEBUG 111332 --- [http-nio-8082-exec-7] com.hmall.api.client.ItemClient          : [ItemClient#queryItemByIds] content-type: application/json
22:12:32:358 DEBUG 111332 --- [http-nio-8082-exec-7] com.hmall.api.client.ItemClient          : [ItemClient#queryItemByIds] date: Mon, 22 Jun 2026 14:12:32 GMT
22:12:32:358 DEBUG 111332 --- [http-nio-8082-exec-7] com.hmall.api.client.ItemClient          : [ItemClient#queryItemByIds] keep-alive: timeout=60
22:12:32:358 DEBUG 111332 --- [http-nio-8082-exec-7] com.hmall.api.client.ItemClient          : [ItemClient#queryItemByIds] transfer-encoding: chunked
22:12:32:358 DEBUG 111332 --- [http-nio-8082-exec-7] com.hmall.api.client.ItemClient          : [ItemClient#queryItemByIds] 
22:12:32:358 DEBUG 111332 --- [http-nio-8082-exec-7] com.hmall.api.client.ItemClient          : [ItemClient#queryItemByIds] [{"id":"40305713537","name":"【官方正品 品牌直营】奥古狮登小白鞋女秋季透气2018新款百搭韩版休闲鞋运动鞋女鞋厚底板鞋女 浅蓝【厚底】 41","price":35400,"stock":10000,"image":"https://m.360buyimg.com/mobilecms/s720x720_jfs/t1/14147/34/2890/275451/5c225484Ebd346404/e61513be4639ee2e.jpg!q70.jpg.webp","category":"休闲鞋","brand":"奥古狮登","spec":"{\"颜色\": \"金色\", \"尺码\": \"41\"}","sold":0,"commentCount":0,"isAD":false,"status":1},{"id":"100000006163","name":"巴布豆(BOBDOG)柔薄悦动婴儿拉拉裤XXL码80片(15kg以上)","price":67100,"stock":10000,"image":"https://m.360buyimg.com/mobilecms/s720x720_jfs/t23998/350/2363990466/222391/a6e9581d/5b7cba5bN0c18fb4f.jpg!q70.jpg.webp","category":"拉拉裤","brand":"巴布豆","spec":"{}","sold":11,"commentCount":33343434,"isAD":false,"status":2},{"id":"100001905417","name":"【千玺代言】华为新品 HUAWEI nova 4 极点全面屏手机 2000万超广角三摄 8GB+128GB 蜜语红 全网通双卡双待","price":224900,"stock":10000,"image":"https://m.360buyimg.com/mobilecms/s720x720_jfs/t1/20085/14/1076/149604/5c0f8dd2Ebafd3bfd/0cb34a7826cbe1c3.jpg!q70.jpg.webp","category":"手机","brand":"华为","spec":"{\"颜色\": \"红色\"}","sold":0,"commentCount":0,"isAD":false,"status":1}]
22:12:32:359 DEBUG 111332 --- [http-nio-8082-exec-7] com.hmall.api.client.ItemClient          : [ItemClient#queryItemByIds] <--- END HTTP (1309-byte body)
22:12:32:885 DEBUG 111332 --- [http-nio-8082-exec-8] c.h.cart.mapper.CartMapper.selectList    : ==>  Preparing: SELECT id,user_id,item_id,num,name,spec,price,image,create_time,update_time FROM cart WHERE (user_id = ?)
22:12:32:886 DEBUG 111332 --- [http-nio-8082-exec-8] c.h.cart.mapper.CartMapper.selectList    : ==> Parameters: 1(Long)
22:12:32:888 DEBUG 111332 --- [http-nio-8082-exec-8] c.h.cart.mapper.CartMapper.selectList    : <==      Total: 3
22:12:32:890 DEBUG 111332 --- [http-nio-8082-exec-8] com.hmall.api.client.ItemClient          : [ItemClient#queryItemByIds] ---> GET http://item-service/items?ids=40305713537&ids=100000006163&ids=100001905417 HTTP/1.1
22:12:32:890 DEBUG 111332 --- [http-nio-8082-exec-8] com.hmall.api.client.ItemClient          : [ItemClient#queryItemByIds] user-info: 1
22:12:32:890 DEBUG 111332 --- [http-nio-8082-exec-8] com.hmall.api.client.ItemClient          : [ItemClient#queryItemByIds] ---> END HTTP (0-byte body)
22:12:33:400 DEBUG 111332 --- [http-nio-8082-exec-8] com.hmall.api.client.ItemClient          : [ItemClient#queryItemByIds] <--- HTTP/1.1 200  (509ms)
22:12:33:400 DEBUG 111332 --- [http-nio-8082-exec-8] com.hmall.api.client.ItemClient          : [ItemClient#queryItemByIds] connection: keep-alive
22:12:33:400 DEBUG 111332 --- [http-nio-8082-exec-8] com.hmall.api.client.ItemClient          : [ItemClient#queryItemByIds] content-type: application/json
22:12:33:400 DEBUG 111332 --- [http-nio-8082-exec-8] com.hmall.api.client.ItemClient          : [ItemClient#queryItemByIds] date: Mon, 22 Jun 2026 14:12:33 GMT
22:12:33:400 DEBUG 111332 --- [http-nio-8082-exec-8] com.hmall.api.client.ItemClient          : [ItemClient#queryItemByIds] keep-alive: timeout=60
22:12:33:400 DEBUG 111332 --- [http-nio-8082-exec-8] com.hmall.api.client.ItemClient          : [ItemClient#queryItemByIds] transfer-encoding: chunked
22:12:33:400 DEBUG 111332 --- [http-nio-8082-exec-8] com.hmall.api.client.ItemClient          : [ItemClient#queryItemByIds] 
22:12:33:401 DEBUG 111332 --- [http-nio-8082-exec-8] com.hmall.api.client.ItemClient          : [ItemClient#queryItemByIds] [{"id":"40305713537","name":"【官方正品 品牌直营】奥古狮登小白鞋女秋季透气2018新款百搭韩版休闲鞋运动鞋女鞋厚底板鞋女 浅蓝【厚底】 41","price":35400,"stock":10000,"image":"https://m.360buyimg.com/mobilecms/s720x720_jfs/t1/14147/34/2890/275451/5c225484Ebd346404/e61513be4639ee2e.jpg!q70.jpg.webp","category":"休闲鞋","brand":"奥古狮登","spec":"{\"颜色\": \"金色\", \"尺码\": \"41\"}","sold":0,"commentCount":0,"isAD":false,"status":1},{"id":"100000006163","name":"巴布豆(BOBDOG)柔薄悦动婴儿拉拉裤XXL码80片(15kg以上)","price":67100,"stock":10000,"image":"https://m.360buyimg.com/mobilecms/s720x720_jfs/t23998/350/2363990466/222391/a6e9581d/5b7cba5bN0c18fb4f.jpg!q70.jpg.webp","category":"拉拉裤","brand":"巴布豆","spec":"{}","sold":11,"commentCount":33343434,"isAD":false,"status":2},{"id":"100001905417","name":"【千玺代言】华为新品 HUAWEI nova 4 极点全面屏手机 2000万超广角三摄 8GB+128GB 蜜语红 全网通双卡双待","price":224900,"stock":10000,"image":"https://m.360buyimg.com/mobilecms/s720x720_jfs/t1/20085/14/1076/149604/5c0f8dd2Ebafd3bfd/0cb34a7826cbe1c3.jpg!q70.jpg.webp","category":"手机","brand":"华为","spec":"{\"颜色\": \"红色\"}","sold":0,"commentCount":0,"isAD":false,"status":1}]
22:12:33:401 DEBUG 111332 --- [http-nio-8082-exec-8] com.hmall.api.client.ItemClient          : [ItemClient#queryItemByIds] <--- END HTTP (1309-byte body)
22:12:40:337 DEBUG 111332 --- [http-nio-8082-exec-10] com.hmall.cart.mapper.CartMapper.delete  : ==>  Preparing: DELETE FROM cart WHERE (user_id = ? AND item_id IN (?))
22:12:40:339 DEBUG 111332 --- [http-nio-8082-exec-10] com.hmall.cart.mapper.CartMapper.delete  : ==> Parameters: 1(Long), 40305713537(Long)
22:12:40:344 DEBUG 111332 --- [http-nio-8082-exec-10] com.hmall.cart.mapper.CartMapper.delete  : <==    Updates: 1
22:12:40:883  INFO 111332 --- [rpcDispatch_RMROLE_1_2_32] i.s.c.r.p.c.RmBranchCommitProcessor      : rm client handle branch commit process:xid=192.168.31.23:8099:36820376088490299,branchId=36820376088490306,branchType=AT,resourceId=jdbc:mysql://192.168.31.23:3306/hm-cart,applicationData={"autoCommit":false}
22:12:40:883  INFO 111332 --- [rpcDispatch_RMROLE_1_2_32] io.seata.rm.AbstractRMHandler            : Branch committing: 192.168.31.23:8099:36820376088490299 36820376088490306 jdbc:mysql://192.168.31.23:3306/hm-cart {"autoCommit":false}
22:12:40:883  INFO 111332 --- [rpcDispatch_RMROLE_1_2_32] io.seata.rm.AbstractRMHandler            : Branch commit result: PhaseTwo_Committed
22:17:27:645 DEBUG 111332 --- [http-nio-8082-exec-2] c.h.cart.mapper.CartMapper.selectList    : ==>  Preparing: SELECT id,user_id,item_id,num,name,spec,price,image,create_time,update_time FROM cart WHERE (user_id = ?)
22:17:27:646 DEBUG 111332 --- [http-nio-8082-exec-2] c.h.cart.mapper.CartMapper.selectList    : ==> Parameters: 1(Long)
22:17:27:660 DEBUG 111332 --- [http-nio-8082-exec-2] c.h.cart.mapper.CartMapper.selectList    : <==      Total: 2
22:17:27:662 DEBUG 111332 --- [http-nio-8082-exec-2] com.hmall.api.client.ItemClient          : [ItemClient#queryItemByIds] ---> GET http://item-service/items?ids=100000006163&ids=100001905417 HTTP/1.1
22:17:27:662 DEBUG 111332 --- [http-nio-8082-exec-2] com.hmall.api.client.ItemClient          : [ItemClient#queryItemByIds] user-info: 1
22:17:27:662 DEBUG 111332 --- [http-nio-8082-exec-2] com.hmall.api.client.ItemClient          : [ItemClient#queryItemByIds] ---> END HTTP (0-byte body)
22:17:28:182 DEBUG 111332 --- [http-nio-8082-exec-2] com.hmall.api.client.ItemClient          : [ItemClient#queryItemByIds] <--- HTTP/1.1 200  (518ms)
22:17:28:183 DEBUG 111332 --- [http-nio-8082-exec-2] com.hmall.api.client.ItemClient          : [ItemClient#queryItemByIds] connection: keep-alive
22:17:28:183 DEBUG 111332 --- [http-nio-8082-exec-2] com.hmall.api.client.ItemClient          : [ItemClient#queryItemByIds] content-type: application/json
22:17:28:183 DEBUG 111332 --- [http-nio-8082-exec-2] com.hmall.api.client.ItemClient          : [ItemClient#queryItemByIds] date: Mon, 22 Jun 2026 14:17:28 GMT
22:17:28:183 DEBUG 111332 --- [http-nio-8082-exec-2] com.hmall.api.client.ItemClient          : [ItemClient#queryItemByIds] keep-alive: timeout=60
22:17:28:183 DEBUG 111332 --- [http-nio-8082-exec-2] com.hmall.api.client.ItemClient          : [ItemClient#queryItemByIds] transfer-encoding: chunked
22:17:28:183 DEBUG 111332 --- [http-nio-8082-exec-2] com.hmall.api.client.ItemClient          : [ItemClient#queryItemByIds] 
22:17:28:184 DEBUG 111332 --- [http-nio-8082-exec-2] com.hmall.api.client.ItemClient          : [ItemClient#queryItemByIds] [{"id":"100000006163","name":"巴布豆(BOBDOG)柔薄悦动婴儿拉拉裤XXL码80片(15kg以上)","price":67100,"stock":10000,"image":"https://m.360buyimg.com/mobilecms/s720x720_jfs/t23998/350/2363990466/222391/a6e9581d/5b7cba5bN0c18fb4f.jpg!q70.jpg.webp","category":"拉拉裤","brand":"巴布豆","spec":"{}","sold":11,"commentCount":33343434,"isAD":false,"status":2},{"id":"100001905417","name":"【千玺代言】华为新品 HUAWEI nova 4 极点全面屏手机 2000万超广角三摄 8GB+128GB 蜜语红 全网通双卡双待","price":224900,"stock":10000,"image":"https://m.360buyimg.com/mobilecms/s720x720_jfs/t1/20085/14/1076/149604/5c0f8dd2Ebafd3bfd/0cb34a7826cbe1c3.jpg!q70.jpg.webp","category":"手机","brand":"华为","spec":"{\"颜色\": \"红色\"}","sold":0,"commentCount":0,"isAD":false,"status":1}]
22:17:28:184 DEBUG 111332 --- [http-nio-8082-exec-2] com.hmall.api.client.ItemClient          : [ItemClient#queryItemByIds] <--- END HTTP (817-byte body)
22:17:28:992 DEBUG 111332 --- [http-nio-8082-exec-3] c.h.cart.mapper.CartMapper.selectList    : ==>  Preparing: SELECT id,user_id,item_id,num,name,spec,price,image,create_time,update_time FROM cart WHERE (user_id = ?)
22:17:28:992 DEBUG 111332 --- [http-nio-8082-exec-3] c.h.cart.mapper.CartMapper.selectList    : ==> Parameters: 1(Long)
22:17:28:994 DEBUG 111332 --- [http-nio-8082-exec-3] c.h.cart.mapper.CartMapper.selectList    : <==      Total: 2
22:17:28:995 DEBUG 111332 --- [http-nio-8082-exec-3] com.hmall.api.client.ItemClient          : [ItemClient#queryItemByIds] ---> GET http://item-service/items?ids=100000006163&ids=100001905417 HTTP/1.1
22:17:28:995 DEBUG 111332 --- [http-nio-8082-exec-3] com.hmall.api.client.ItemClient          : [ItemClient#queryItemByIds] user-info: 1
22:17:28:995 DEBUG 111332 --- [http-nio-8082-exec-3] com.hmall.api.client.ItemClient          : [ItemClient#queryItemByIds] ---> END HTTP (0-byte body)
22:17:29:506 DEBUG 111332 --- [http-nio-8082-exec-3] com.hmall.api.client.ItemClient          : [ItemClient#queryItemByIds] <--- HTTP/1.1 200  (510ms)
22:17:29:506 DEBUG 111332 --- [http-nio-8082-exec-3] com.hmall.api.client.ItemClient          : [ItemClient#queryItemByIds] connection: keep-alive
22:17:29:506 DEBUG 111332 --- [http-nio-8082-exec-3] com.hmall.api.client.ItemClient          : [ItemClient#queryItemByIds] content-type: application/json
22:17:29:506 DEBUG 111332 --- [http-nio-8082-exec-3] com.hmall.api.client.ItemClient          : [ItemClient#queryItemByIds] date: Mon, 22 Jun 2026 14:17:29 GMT
22:17:29:506 DEBUG 111332 --- [http-nio-8082-exec-3] com.hmall.api.client.ItemClient          : [ItemClient#queryItemByIds] keep-alive: timeout=60
22:17:29:506 DEBUG 111332 --- [http-nio-8082-exec-3] com.hmall.api.client.ItemClient          : [ItemClient#queryItemByIds] transfer-encoding: chunked
22:17:29:507 DEBUG 111332 --- [http-nio-8082-exec-3] com.hmall.api.client.ItemClient          : [ItemClient#queryItemByIds] 
22:17:29:507 DEBUG 111332 --- [http-nio-8082-exec-3] com.hmall.api.client.ItemClient          : [ItemClient#queryItemByIds] [{"id":"100000006163","name":"巴布豆(BOBDOG)柔薄悦动婴儿拉拉裤XXL码80片(15kg以上)","price":67100,"stock":10000,"image":"https://m.360buyimg.com/mobilecms/s720x720_jfs/t23998/350/2363990466/222391/a6e9581d/5b7cba5bN0c18fb4f.jpg!q70.jpg.webp","category":"拉拉裤","brand":"巴布豆","spec":"{}","sold":11,"commentCount":33343434,"isAD":false,"status":2},{"id":"100001905417","name":"【千玺代言】华为新品 HUAWEI nova 4 极点全面屏手机 2000万超广角三摄 8GB+128GB 蜜语红 全网通双卡双待","price":224900,"stock":10000,"image":"https://m.360buyimg.com/mobilecms/s720x720_jfs/t1/20085/14/1076/149604/5c0f8dd2Ebafd3bfd/0cb34a7826cbe1c3.jpg!q70.jpg.webp","category":"手机","brand":"华为","spec":"{\"颜色\": \"红色\"}","sold":0,"commentCount":0,"isAD":false,"status":1}]
22:17:29:507 DEBUG 111332 --- [http-nio-8082-exec-3] com.hmall.api.client.ItemClient          : [ItemClient#queryItemByIds] <--- END HTTP (817-byte body)
22:17:36:138 DEBUG 111332 --- [http-nio-8082-exec-4] c.h.cart.mapper.CartMapper.updateById    : ==>  Preparing: UPDATE cart SET num=? WHERE id=?
22:17:36:139 DEBUG 111332 --- [http-nio-8082-exec-4] c.h.cart.mapper.CartMapper.updateById    : ==> Parameters: 1(Integer), 17(Long)
22:17:36:144 DEBUG 111332 --- [http-nio-8082-exec-4] c.h.cart.mapper.CartMapper.updateById    : <==    Updates: 1
22:17:36:157 DEBUG 111332 --- [http-nio-8082-exec-5] c.h.cart.mapper.CartMapper.selectList    : ==>  Preparing: SELECT id,user_id,item_id,num,name,spec,price,image,create_time,update_time FROM cart WHERE (user_id = ?)
22:17:36:157 DEBUG 111332 --- [http-nio-8082-exec-5] c.h.cart.mapper.CartMapper.selectList    : ==> Parameters: 1(Long)
22:17:36:159 DEBUG 111332 --- [http-nio-8082-exec-5] c.h.cart.mapper.CartMapper.selectList    : <==      Total: 2
22:17:36:160 DEBUG 111332 --- [http-nio-8082-exec-5] com.hmall.api.client.ItemClient          : [ItemClient#queryItemByIds] ---> GET http://item-service/items?ids=100000006163&ids=100001905417 HTTP/1.1
22:17:36:160 DEBUG 111332 --- [http-nio-8082-exec-5] com.hmall.api.client.ItemClient          : [ItemClient#queryItemByIds] user-info: 1
22:17:36:160 DEBUG 111332 --- [http-nio-8082-exec-5] com.hmall.api.client.ItemClient          : [ItemClient#queryItemByIds] ---> END HTTP (0-byte body)
22:17:36:669 DEBUG 111332 --- [http-nio-8082-exec-5] com.hmall.api.client.ItemClient          : [ItemClient#queryItemByIds] <--- HTTP/1.1 200  (509ms)
22:17:36:669 DEBUG 111332 --- [http-nio-8082-exec-5] com.hmall.api.client.ItemClient          : [ItemClient#queryItemByIds] connection: keep-alive
22:17:36:669 DEBUG 111332 --- [http-nio-8082-exec-5] com.hmall.api.client.ItemClient          : [ItemClient#queryItemByIds] content-type: application/json
22:17:36:670 DEBUG 111332 --- [http-nio-8082-exec-5] com.hmall.api.client.ItemClient          : [ItemClient#queryItemByIds] date: Mon, 22 Jun 2026 14:17:36 GMT
22:17:36:670 DEBUG 111332 --- [http-nio-8082-exec-5] com.hmall.api.client.ItemClient          : [ItemClient#queryItemByIds] keep-alive: timeout=60
22:17:36:670 DEBUG 111332 --- [http-nio-8082-exec-5] com.hmall.api.client.ItemClient          : [ItemClient#queryItemByIds] transfer-encoding: chunked
22:17:36:670 DEBUG 111332 --- [http-nio-8082-exec-5] com.hmall.api.client.ItemClient          : [ItemClient#queryItemByIds] 
22:17:36:670 DEBUG 111332 --- [http-nio-8082-exec-5] com.hmall.api.client.ItemClient          : [ItemClient#queryItemByIds] [{"id":"100000006163","name":"巴布豆(BOBDOG)柔薄悦动婴儿拉拉裤XXL码80片(15kg以上)","price":67100,"stock":10000,"image":"https://m.360buyimg.com/mobilecms/s720x720_jfs/t23998/350/2363990466/222391/a6e9581d/5b7cba5bN0c18fb4f.jpg!q70.jpg.webp","category":"拉拉裤","brand":"巴布豆","spec":"{}","sold":11,"commentCount":33343434,"isAD":false,"status":2},{"id":"100001905417","name":"【千玺代言】华为新品 HUAWEI nova 4 极点全面屏手机 2000万超广角三摄 8GB+128GB 蜜语红 全网通双卡双待","price":224900,"stock":10000,"image":"https://m.360buyimg.com/mobilecms/s720x720_jfs/t1/20085/14/1076/149604/5c0f8dd2Ebafd3bfd/0cb34a7826cbe1c3.jpg!q70.jpg.webp","category":"手机","brand":"华为","spec":"{\"颜色\": \"红色\"}","sold":0,"commentCount":0,"isAD":false,"status":1}]
22:17:36:670 DEBUG 111332 --- [http-nio-8082-exec-5] com.hmall.api.client.ItemClient          : [ItemClient#queryItemByIds] <--- END HTTP (817-byte body)
22:17:40:797 DEBUG 111332 --- [http-nio-8082-exec-6] com.hmall.cart.mapper.CartMapper.delete  : ==>  Preparing: DELETE FROM cart WHERE (user_id = ? AND item_id IN (?))
22:17:40:798 DEBUG 111332 --- [http-nio-8082-exec-6] com.hmall.cart.mapper.CartMapper.delete  : ==> Parameters: 1(Long), 100001905417(Long)
22:17:40:815 DEBUG 111332 --- [http-nio-8082-exec-6] com.hmall.cart.mapper.CartMapper.delete  : <==    Updates: 1
22:17:41:972  INFO 111332 --- [rpcDispatch_RMROLE_1_3_32] i.s.c.r.p.c.RmBranchCommitProcessor      : rm client handle branch commit process:xid=192.168.31.23:8099:36820376088490311,branchId=36820376088490318,branchType=AT,resourceId=jdbc:mysql://192.168.31.23:3306/hm-cart,applicationData={"autoCommit":false}
22:17:41:972  INFO 111332 --- [rpcDispatch_RMROLE_1_3_32] io.seata.rm.AbstractRMHandler            : Branch committing: 192.168.31.23:8099:36820376088490311 36820376088490318 jdbc:mysql://192.168.31.23:3306/hm-cart {"autoCommit":false}
22:17:41:972  INFO 111332 --- [rpcDispatch_RMROLE_1_3_32] io.seata.rm.AbstractRMHandler            : Branch commit result: PhaseTwo_Committed
22:21:08:439 DEBUG 111332 --- [http-nio-8082-exec-10] c.h.cart.mapper.CartMapper.selectList    : ==>  Preparing: SELECT id,user_id,item_id,num,name,spec,price,image,create_time,update_time FROM cart WHERE (user_id = ?)
22:21:08:440 DEBUG 111332 --- [http-nio-8082-exec-10] c.h.cart.mapper.CartMapper.selectList    : ==> Parameters: 1(Long)
22:21:08:442 DEBUG 111332 --- [http-nio-8082-exec-10] c.h.cart.mapper.CartMapper.selectList    : <==      Total: 1
22:21:08:443 DEBUG 111332 --- [http-nio-8082-exec-10] com.hmall.api.client.ItemClient          : [ItemClient#queryItemByIds] ---> GET http://item-service/items?ids=100000006163 HTTP/1.1
22:21:08:443 DEBUG 111332 --- [http-nio-8082-exec-10] com.hmall.api.client.ItemClient          : [ItemClient#queryItemByIds] user-info: 1
22:21:08:443 DEBUG 111332 --- [http-nio-8082-exec-10] com.hmall.api.client.ItemClient          : [ItemClient#queryItemByIds] ---> END HTTP (0-byte body)
22:21:08:957 DEBUG 111332 --- [http-nio-8082-exec-10] com.hmall.api.client.ItemClient          : [ItemClient#queryItemByIds] <--- HTTP/1.1 200  (512ms)
22:21:08:957 DEBUG 111332 --- [http-nio-8082-exec-10] com.hmall.api.client.ItemClient          : [ItemClient#queryItemByIds] connection: keep-alive
22:21:08:957 DEBUG 111332 --- [http-nio-8082-exec-10] com.hmall.api.client.ItemClient          : [ItemClient#queryItemByIds] content-type: application/json
22:21:08:957 DEBUG 111332 --- [http-nio-8082-exec-10] com.hmall.api.client.ItemClient          : [ItemClient#queryItemByIds] date: Mon, 22 Jun 2026 14:21:08 GMT
22:21:08:957 DEBUG 111332 --- [http-nio-8082-exec-10] com.hmall.api.client.ItemClient          : [ItemClient#queryItemByIds] keep-alive: timeout=60
22:21:08:957 DEBUG 111332 --- [http-nio-8082-exec-10] com.hmall.api.client.ItemClient          : [ItemClient#queryItemByIds] transfer-encoding: chunked
22:21:08:957 DEBUG 111332 --- [http-nio-8082-exec-10] com.hmall.api.client.ItemClient          : [ItemClient#queryItemByIds] 
22:21:08:957 DEBUG 111332 --- [http-nio-8082-exec-10] com.hmall.api.client.ItemClient          : [ItemClient#queryItemByIds] [{"id":"100000006163","name":"巴布豆(BOBDOG)柔薄悦动婴儿拉拉裤XXL码80片(15kg以上)","price":67100,"stock":10000,"image":"https://m.360buyimg.com/mobilecms/s720x720_jfs/t23998/350/2363990466/222391/a6e9581d/5b7cba5bN0c18fb4f.jpg!q70.jpg.webp","category":"拉拉裤","brand":"巴布豆","spec":"{}","sold":11,"commentCount":33343434,"isAD":false,"status":2}]
22:21:08:958 DEBUG 111332 --- [http-nio-8082-exec-10] com.hmall.api.client.ItemClient          : [ItemClient#queryItemByIds] <--- END HTTP (371-byte body)
22:21:13:608 DEBUG 111332 --- [http-nio-8082-exec-9] c.h.cart.mapper.CartMapper.selectCount   : ==>  Preparing: SELECT COUNT( * ) AS total FROM cart WHERE (user_id = ? AND item_id = ?)
22:21:13:609 DEBUG 111332 --- [http-nio-8082-exec-9] c.h.cart.mapper.CartMapper.selectCount   : ==> Parameters: 1(Long), 40305713537(Long)
22:21:13:612 DEBUG 111332 --- [http-nio-8082-exec-9] c.h.cart.mapper.CartMapper.selectCount   : <==      Total: 1
22:21:13:615 DEBUG 111332 --- [http-nio-8082-exec-9] c.h.cart.mapper.CartMapper.selectCount   : ==>  Preparing: SELECT COUNT( * ) AS total FROM cart WHERE (user_id = ?)
22:21:13:616 DEBUG 111332 --- [http-nio-8082-exec-9] c.h.cart.mapper.CartMapper.selectCount   : ==> Parameters: 1(Long)
22:21:13:617 DEBUG 111332 --- [http-nio-8082-exec-9] c.h.cart.mapper.CartMapper.selectCount   : <==      Total: 1
22:21:13:626 DEBUG 111332 --- [http-nio-8082-exec-9] com.hmall.cart.mapper.CartMapper.insert  : ==>  Preparing: INSERT INTO cart ( user_id, item_id, name, spec, price, image ) VALUES ( ?, ?, ?, ?, ?, ? )
22:21:13:627 DEBUG 111332 --- [http-nio-8082-exec-9] com.hmall.cart.mapper.CartMapper.insert  : ==> Parameters: 1(Long), 40305713537(Long), 【官方正品 品牌直营】奥古狮登小白鞋女秋季透气2018新款百搭韩版休闲鞋运动鞋女鞋厚底板鞋女 浅蓝【厚底】 41(String), {"颜色": "金色", "尺码": "41"}(String), 35400(Integer), https://m.360buyimg.com/mobilecms/s720x720_jfs/t1/14147/34/2890/275451/5c225484Ebd346404/e61513be4639ee2e.jpg!q70.jpg.webp(String)
22:21:13:634 DEBUG 111332 --- [http-nio-8082-exec-9] com.hmall.cart.mapper.CartMapper.insert  : <==    Updates: 1
22:21:13:736 DEBUG 111332 --- [http-nio-8082-exec-1] c.h.cart.mapper.CartMapper.selectList    : ==>  Preparing: SELECT id,user_id,item_id,num,name,spec,price,image,create_time,update_time FROM cart WHERE (user_id = ?)
22:21:13:737 DEBUG 111332 --- [http-nio-8082-exec-1] c.h.cart.mapper.CartMapper.selectList    : ==> Parameters: 1(Long)
22:21:13:741 DEBUG 111332 --- [http-nio-8082-exec-1] c.h.cart.mapper.CartMapper.selectList    : <==      Total: 2
22:21:13:754 DEBUG 111332 --- [http-nio-8082-exec-1] com.hmall.api.client.ItemClient          : [ItemClient#queryItemByIds] ---> GET http://item-service/items?ids=40305713537&ids=100000006163 HTTP/1.1
22:21:13:754 DEBUG 111332 --- [http-nio-8082-exec-1] com.hmall.api.client.ItemClient          : [ItemClient#queryItemByIds] user-info: 1
22:21:13:755 DEBUG 111332 --- [http-nio-8082-exec-1] com.hmall.api.client.ItemClient          : [ItemClient#queryItemByIds] ---> END HTTP (0-byte body)
22:21:14:264 DEBUG 111332 --- [http-nio-8082-exec-1] com.hmall.api.client.ItemClient          : [ItemClient#queryItemByIds] <--- HTTP/1.1 200  (509ms)
22:21:14:264 DEBUG 111332 --- [http-nio-8082-exec-1] com.hmall.api.client.ItemClient          : [ItemClient#queryItemByIds] connection: keep-alive
22:21:14:264 DEBUG 111332 --- [http-nio-8082-exec-1] com.hmall.api.client.ItemClient          : [ItemClient#queryItemByIds] content-type: application/json
22:21:14:264 DEBUG 111332 --- [http-nio-8082-exec-1] com.hmall.api.client.ItemClient          : [ItemClient#queryItemByIds] date: Mon, 22 Jun 2026 14:21:14 GMT
22:21:14:264 DEBUG 111332 --- [http-nio-8082-exec-1] com.hmall.api.client.ItemClient          : [ItemClient#queryItemByIds] keep-alive: timeout=60
22:21:14:264 DEBUG 111332 --- [http-nio-8082-exec-1] com.hmall.api.client.ItemClient          : [ItemClient#queryItemByIds] transfer-encoding: chunked
22:21:14:264 DEBUG 111332 --- [http-nio-8082-exec-1] com.hmall.api.client.ItemClient          : [ItemClient#queryItemByIds] 
22:21:14:265 DEBUG 111332 --- [http-nio-8082-exec-1] com.hmall.api.client.ItemClient          : [ItemClient#queryItemByIds] [{"id":"40305713537","name":"【官方正品 品牌直营】奥古狮登小白鞋女秋季透气2018新款百搭韩版休闲鞋运动鞋女鞋厚底板鞋女 浅蓝【厚底】 41","price":35400,"stock":9998,"image":"https://m.360buyimg.com/mobilecms/s720x720_jfs/t1/14147/34/2890/275451/5c225484Ebd346404/e61513be4639ee2e.jpg!q70.jpg.webp","category":"休闲鞋","brand":"奥古狮登","spec":"{\"颜色\": \"金色\", \"尺码\": \"41\"}","sold":0,"commentCount":0,"isAD":false,"status":1},{"id":"100000006163","name":"巴布豆(BOBDOG)柔薄悦动婴儿拉拉裤XXL码80片(15kg以上)","price":67100,"stock":10000,"image":"https://m.360buyimg.com/mobilecms/s720x720_jfs/t23998/350/2363990466/222391/a6e9581d/5b7cba5bN0c18fb4f.jpg!q70.jpg.webp","category":"拉拉裤","brand":"巴布豆","spec":"{}","sold":11,"commentCount":33343434,"isAD":false,"status":2}]
22:21:14:265 DEBUG 111332 --- [http-nio-8082-exec-1] com.hmall.api.client.ItemClient          : [ItemClient#queryItemByIds] <--- END HTTP (862-byte body)
22:21:17:636 DEBUG 111332 --- [http-nio-8082-exec-2] com.hmall.cart.mapper.CartMapper.delete  : ==>  Preparing: DELETE FROM cart WHERE (user_id = ? AND item_id IN (?))
22:21:17:637 DEBUG 111332 --- [http-nio-8082-exec-2] com.hmall.cart.mapper.CartMapper.delete  : ==> Parameters: 1(Long), 40305713537(Long)
22:21:17:644 DEBUG 111332 --- [http-nio-8082-exec-2] com.hmall.cart.mapper.CartMapper.delete  : <==    Updates: 1
22:21:17:908  INFO 111332 --- [rpcDispatch_RMROLE_1_4_32] i.s.c.r.p.c.RmBranchCommitProcessor      : rm client handle branch commit process:xid=192.168.31.23:8099:36820376088490324,branchId=36820376088490330,branchType=AT,resourceId=jdbc:mysql://192.168.31.23:3306/hm-cart,applicationData={"autoCommit":false}
22:21:17:908  INFO 111332 --- [rpcDispatch_RMROLE_1_4_32] io.seata.rm.AbstractRMHandler            : Branch committing: 192.168.31.23:8099:36820376088490324 36820376088490330 jdbc:mysql://192.168.31.23:3306/hm-cart {"autoCommit":false}
22:21:17:908  INFO 111332 --- [rpcDispatch_RMROLE_1_4_32] io.seata.rm.AbstractRMHandler            : Branch commit result: PhaseTwo_Committed
22:26:28:780 DEBUG 111332 --- [http-nio-8082-exec-5] c.h.cart.mapper.CartMapper.selectList    : ==>  Preparing: SELECT id,user_id,item_id,num,name,spec,price,image,create_time,update_time FROM cart WHERE (user_id = ?)
22:26:28:780 DEBUG 111332 --- [http-nio-8082-exec-5] c.h.cart.mapper.CartMapper.selectList    : ==> Parameters: 1(Long)
22:26:28:782 DEBUG 111332 --- [http-nio-8082-exec-5] c.h.cart.mapper.CartMapper.selectList    : <==      Total: 1
22:26:28:783 DEBUG 111332 --- [http-nio-8082-exec-5] com.hmall.api.client.ItemClient          : [ItemClient#queryItemByIds] ---> GET http://item-service/items?ids=100000006163 HTTP/1.1
22:26:28:783 DEBUG 111332 --- [http-nio-8082-exec-5] com.hmall.api.client.ItemClient          : [ItemClient#queryItemByIds] user-info: 1
22:26:28:783 DEBUG 111332 --- [http-nio-8082-exec-5] com.hmall.api.client.ItemClient          : [ItemClient#queryItemByIds] ---> END HTTP (0-byte body)
22:26:29:295 DEBUG 111332 --- [http-nio-8082-exec-5] com.hmall.api.client.ItemClient          : [ItemClient#queryItemByIds] <--- HTTP/1.1 200  (511ms)
22:26:29:295 DEBUG 111332 --- [http-nio-8082-exec-5] com.hmall.api.client.ItemClient          : [ItemClient#queryItemByIds] connection: keep-alive
22:26:29:295 DEBUG 111332 --- [http-nio-8082-exec-5] com.hmall.api.client.ItemClient          : [ItemClient#queryItemByIds] content-type: application/json
22:26:29:295 DEBUG 111332 --- [http-nio-8082-exec-5] com.hmall.api.client.ItemClient          : [ItemClient#queryItemByIds] date: Mon, 22 Jun 2026 14:26:29 GMT
22:26:29:295 DEBUG 111332 --- [http-nio-8082-exec-5] com.hmall.api.client.ItemClient          : [ItemClient#queryItemByIds] keep-alive: timeout=60
22:26:29:295 DEBUG 111332 --- [http-nio-8082-exec-5] com.hmall.api.client.ItemClient          : [ItemClient#queryItemByIds] transfer-encoding: chunked
22:26:29:295 DEBUG 111332 --- [http-nio-8082-exec-5] com.hmall.api.client.ItemClient          : [ItemClient#queryItemByIds] 
22:26:29:296 DEBUG 111332 --- [http-nio-8082-exec-5] com.hmall.api.client.ItemClient          : [ItemClient#queryItemByIds] [{"id":"100000006163","name":"巴布豆(BOBDOG)柔薄悦动婴儿拉拉裤XXL码80片(15kg以上)","price":67100,"stock":10000,"image":"https://m.360buyimg.com/mobilecms/s720x720_jfs/t23998/350/2363990466/222391/a6e9581d/5b7cba5bN0c18fb4f.jpg!q70.jpg.webp","category":"拉拉裤","brand":"巴布豆","spec":"{}","sold":11,"commentCount":33343434,"isAD":false,"status":2}]
22:26:29:296 DEBUG 111332 --- [http-nio-8082-exec-5] com.hmall.api.client.ItemClient          : [ItemClient#queryItemByIds] <--- END HTTP (371-byte body)
22:26:34:184 DEBUG 111332 --- [http-nio-8082-exec-6] c.h.cart.mapper.CartMapper.selectCount   : ==>  Preparing: SELECT COUNT( * ) AS total FROM cart WHERE (user_id = ? AND item_id = ?)
22:26:34:185 DEBUG 111332 --- [http-nio-8082-exec-6] c.h.cart.mapper.CartMapper.selectCount   : ==> Parameters: 1(Long), 1533902(Long)
22:26:34:187 DEBUG 111332 --- [http-nio-8082-exec-6] c.h.cart.mapper.CartMapper.selectCount   : <==      Total: 1
22:26:34:188 DEBUG 111332 --- [http-nio-8082-exec-6] c.h.cart.mapper.CartMapper.selectCount   : ==>  Preparing: SELECT COUNT( * ) AS total FROM cart WHERE (user_id = ?)
22:26:34:188 DEBUG 111332 --- [http-nio-8082-exec-6] c.h.cart.mapper.CartMapper.selectCount   : ==> Parameters: 1(Long)
22:26:34:189 DEBUG 111332 --- [http-nio-8082-exec-6] c.h.cart.mapper.CartMapper.selectCount   : <==      Total: 1
22:26:34:190 DEBUG 111332 --- [http-nio-8082-exec-6] com.hmall.cart.mapper.CartMapper.insert  : ==>  Preparing: INSERT INTO cart ( user_id, item_id, name, spec, price, image ) VALUES ( ?, ?, ?, ?, ?, ? )
22:26:34:191 DEBUG 111332 --- [http-nio-8082-exec-6] com.hmall.cart.mapper.CartMapper.insert  : ==> Parameters: 1(Long), 1533902(Long), 新西兰进口牛奶 纽仕兰 3.5g蛋白质全脂牛奶 250ml*24整箱装纯牛奶(String), {}(String), 9700(Integer), https://m.360buyimg.com/mobilecms/s720x720_jfs/t3526/295/888755633/189982/16ea21b4/5816dce5N70820f42.jpg!q70.jpg.webp(String)
22:26:34:196 DEBUG 111332 --- [http-nio-8082-exec-6] com.hmall.cart.mapper.CartMapper.insert  : <==    Updates: 1
22:26:34:262 DEBUG 111332 --- [http-nio-8082-exec-7] c.h.cart.mapper.CartMapper.selectList    : ==>  Preparing: SELECT id,user_id,item_id,num,name,spec,price,image,create_time,update_time FROM cart WHERE (user_id = ?)
22:26:34:262 DEBUG 111332 --- [http-nio-8082-exec-7] c.h.cart.mapper.CartMapper.selectList    : ==> Parameters: 1(Long)
22:26:34:264 DEBUG 111332 --- [http-nio-8082-exec-7] c.h.cart.mapper.CartMapper.selectList    : <==      Total: 2
22:26:34:265 DEBUG 111332 --- [http-nio-8082-exec-7] com.hmall.api.client.ItemClient          : [ItemClient#queryItemByIds] ---> GET http://item-service/items?ids=100000006163&ids=1533902 HTTP/1.1
22:26:34:265 DEBUG 111332 --- [http-nio-8082-exec-7] com.hmall.api.client.ItemClient          : [ItemClient#queryItemByIds] user-info: 1
22:26:34:265 DEBUG 111332 --- [http-nio-8082-exec-7] com.hmall.api.client.ItemClient          : [ItemClient#queryItemByIds] ---> END HTTP (0-byte body)
22:26:34:774 DEBUG 111332 --- [http-nio-8082-exec-7] com.hmall.api.client.ItemClient          : [ItemClient#queryItemByIds] <--- HTTP/1.1 200  (508ms)
22:26:34:774 DEBUG 111332 --- [http-nio-8082-exec-7] com.hmall.api.client.ItemClient          : [ItemClient#queryItemByIds] connection: keep-alive
22:26:34:774 DEBUG 111332 --- [http-nio-8082-exec-7] com.hmall.api.client.ItemClient          : [ItemClient#queryItemByIds] content-type: application/json
22:26:34:774 DEBUG 111332 --- [http-nio-8082-exec-7] com.hmall.api.client.ItemClient          : [ItemClient#queryItemByIds] date: Mon, 22 Jun 2026 14:26:34 GMT
22:26:34:774 DEBUG 111332 --- [http-nio-8082-exec-7] com.hmall.api.client.ItemClient          : [ItemClient#queryItemByIds] keep-alive: timeout=60
22:26:34:774 DEBUG 111332 --- [http-nio-8082-exec-7] com.hmall.api.client.ItemClient          : [ItemClient#queryItemByIds] transfer-encoding: chunked
22:26:34:774 DEBUG 111332 --- [http-nio-8082-exec-7] com.hmall.api.client.ItemClient          : [ItemClient#queryItemByIds] 
22:26:34:774 DEBUG 111332 --- [http-nio-8082-exec-7] com.hmall.api.client.ItemClient          : [ItemClient#queryItemByIds] [{"id":"1533902","name":"新西兰进口牛奶 纽仕兰 3.5g蛋白质全脂牛奶 250ml*24整箱装纯牛奶","price":9700,"stock":10000,"image":"https://m.360buyimg.com/mobilecms/s720x720_jfs/t3526/295/888755633/189982/16ea21b4/5816dce5N70820f42.jpg!q70.jpg.webp","category":"牛奶","brand":"纽仕兰","spec":"{}","sold":0,"commentCount":0,"isAD":false,"status":1},{"id":"100000006163","name":"巴布豆(BOBDOG)柔薄悦动婴儿拉拉裤XXL码80片(15kg以上)","price":67100,"stock":10000,"image":"https://m.360buyimg.com/mobilecms/s720x720_jfs/t23998/350/2363990466/222391/a6e9581d/5b7cba5bN0c18fb4f.jpg!q70.jpg.webp","category":"拉拉裤","brand":"巴布豆","spec":"{}","sold":11,"commentCount":33343434,"isAD":false,"status":2}]
22:26:34:774 DEBUG 111332 --- [http-nio-8082-exec-7] com.hmall.api.client.ItemClient          : [ItemClient#queryItemByIds] <--- END HTTP (739-byte body)
22:26:38:096 DEBUG 111332 --- [http-nio-8082-exec-8] com.hmall.cart.mapper.CartMapper.delete  : ==>  Preparing: DELETE FROM cart WHERE (user_id = ? AND item_id IN (?))
22:26:38:097 DEBUG 111332 --- [http-nio-8082-exec-8] com.hmall.cart.mapper.CartMapper.delete  : ==> Parameters: 1(Long), 1533902(Long)
22:26:38:101 DEBUG 111332 --- [http-nio-8082-exec-8] com.hmall.cart.mapper.CartMapper.delete  : <==    Updates: 1
22:26:38:895  INFO 111332 --- [rpcDispatch_RMROLE_1_5_32] i.s.c.r.p.c.RmBranchCommitProcessor      : rm client handle branch commit process:xid=192.168.31.23:8099:36820376088490335,branchId=36820376088490342,branchType=AT,resourceId=jdbc:mysql://192.168.31.23:3306/hm-cart,applicationData={"autoCommit":false}
22:26:38:895  INFO 111332 --- [rpcDispatch_RMROLE_1_5_32] io.seata.rm.AbstractRMHandler            : Branch committing: 192.168.31.23:8099:36820376088490335 36820376088490342 jdbc:mysql://192.168.31.23:3306/hm-cart {"autoCommit":false}
22:26:38:895  INFO 111332 --- [rpcDispatch_RMROLE_1_5_32] io.seata.rm.AbstractRMHandler            : Branch commit result: PhaseTwo_Committed
22:29:23:408 DEBUG 111332 --- [http-nio-8082-exec-1] c.h.cart.mapper.CartMapper.selectList    : ==>  Preparing: SELECT id,user_id,item_id,num,name,spec,price,image,create_time,update_time FROM cart WHERE (user_id = ?)
22:29:23:408 DEBUG 111332 --- [http-nio-8082-exec-1] c.h.cart.mapper.CartMapper.selectList    : ==> Parameters: 1(Long)
22:29:23:413 DEBUG 111332 --- [http-nio-8082-exec-1] c.h.cart.mapper.CartMapper.selectList    : <==      Total: 1
22:29:23:415 DEBUG 111332 --- [http-nio-8082-exec-1] com.hmall.api.client.ItemClient          : [ItemClient#queryItemByIds] ---> GET http://item-service/items?ids=100000006163 HTTP/1.1
22:29:23:415 DEBUG 111332 --- [http-nio-8082-exec-1] com.hmall.api.client.ItemClient          : [ItemClient#queryItemByIds] user-info: 1
22:29:23:415 DEBUG 111332 --- [http-nio-8082-exec-1] com.hmall.api.client.ItemClient          : [ItemClient#queryItemByIds] ---> END HTTP (0-byte body)
22:29:23:928 DEBUG 111332 --- [http-nio-8082-exec-1] com.hmall.api.client.ItemClient          : [ItemClient#queryItemByIds] <--- HTTP/1.1 200  (513ms)
22:29:23:928 DEBUG 111332 --- [http-nio-8082-exec-1] com.hmall.api.client.ItemClient          : [ItemClient#queryItemByIds] connection: keep-alive
22:29:23:928 DEBUG 111332 --- [http-nio-8082-exec-1] com.hmall.api.client.ItemClient          : [ItemClient#queryItemByIds] content-type: application/json
22:29:23:928 DEBUG 111332 --- [http-nio-8082-exec-1] com.hmall.api.client.ItemClient          : [ItemClient#queryItemByIds] date: Mon, 22 Jun 2026 14:29:23 GMT
22:29:23:928 DEBUG 111332 --- [http-nio-8082-exec-1] com.hmall.api.client.ItemClient          : [ItemClient#queryItemByIds] keep-alive: timeout=60
22:29:23:928 DEBUG 111332 --- [http-nio-8082-exec-1] com.hmall.api.client.ItemClient          : [ItemClient#queryItemByIds] transfer-encoding: chunked
22:29:23:928 DEBUG 111332 --- [http-nio-8082-exec-1] com.hmall.api.client.ItemClient          : [ItemClient#queryItemByIds] 
22:29:23:928 DEBUG 111332 --- [http-nio-8082-exec-1] com.hmall.api.client.ItemClient          : [ItemClient#queryItemByIds] [{"id":"100000006163","name":"巴布豆(BOBDOG)柔薄悦动婴儿拉拉裤XXL码80片(15kg以上)","price":67100,"stock":10000,"image":"https://m.360buyimg.com/mobilecms/s720x720_jfs/t23998/350/2363990466/222391/a6e9581d/5b7cba5bN0c18fb4f.jpg!q70.jpg.webp","category":"拉拉裤","brand":"巴布豆","spec":"{}","sold":11,"commentCount":33343434,"isAD":false,"status":2}]
22:29:23:929 DEBUG 111332 --- [http-nio-8082-exec-1] com.hmall.api.client.ItemClient          : [ItemClient#queryItemByIds] <--- END HTTP (371-byte body)
22:29:29:502 DEBUG 111332 --- [http-nio-8082-exec-2] c.h.cart.mapper.CartMapper.selectCount   : ==>  Preparing: SELECT COUNT( * ) AS total FROM cart WHERE (user_id = ? AND item_id = ?)
22:29:29:502 DEBUG 111332 --- [http-nio-8082-exec-2] c.h.cart.mapper.CartMapper.selectCount   : ==> Parameters: 1(Long), 1713453(Long)
22:29:29:504 DEBUG 111332 --- [http-nio-8082-exec-2] c.h.cart.mapper.CartMapper.selectCount   : <==      Total: 1
22:29:29:505 DEBUG 111332 --- [http-nio-8082-exec-2] c.h.cart.mapper.CartMapper.selectCount   : ==>  Preparing: SELECT COUNT( * ) AS total FROM cart WHERE (user_id = ?)
22:29:29:506 DEBUG 111332 --- [http-nio-8082-exec-2] c.h.cart.mapper.CartMapper.selectCount   : ==> Parameters: 1(Long)
22:29:29:507 DEBUG 111332 --- [http-nio-8082-exec-2] c.h.cart.mapper.CartMapper.selectCount   : <==      Total: 1
22:29:29:508 DEBUG 111332 --- [http-nio-8082-exec-2] com.hmall.cart.mapper.CartMapper.insert  : ==>  Preparing: INSERT INTO cart ( user_id, item_id, name, spec, price, image ) VALUES ( ?, ?, ?, ?, ?, ? )
22:29:29:508 DEBUG 111332 --- [http-nio-8082-exec-2] com.hmall.cart.mapper.CartMapper.insert  : ==> Parameters: 1(Long), 1713453(Long), 小鹿叮叮 超薄 成长裤 婴儿拉拉裤 男女学步通用尿不湿 大号L码84片【9-14kg】(String), {}(String), 12800(Integer), https://m.360buyimg.com/mobilecms/s720x720_jfs/t22591/39/1930198982/188975/7385556d/5b6d33bdNa455e2b0.jpg!q70.jpg.webp(String)
22:29:29:513 DEBUG 111332 --- [http-nio-8082-exec-2] com.hmall.cart.mapper.CartMapper.insert  : <==    Updates: 1
22:29:29:568 DEBUG 111332 --- [http-nio-8082-exec-3] c.h.cart.mapper.CartMapper.selectList    : ==>  Preparing: SELECT id,user_id,item_id,num,name,spec,price,image,create_time,update_time FROM cart WHERE (user_id = ?)
22:29:29:569 DEBUG 111332 --- [http-nio-8082-exec-3] c.h.cart.mapper.CartMapper.selectList    : ==> Parameters: 1(Long)
22:29:29:571 DEBUG 111332 --- [http-nio-8082-exec-3] c.h.cart.mapper.CartMapper.selectList    : <==      Total: 2
22:29:29:572 DEBUG 111332 --- [http-nio-8082-exec-3] com.hmall.api.client.ItemClient          : [ItemClient#queryItemByIds] ---> GET http://item-service/items?ids=100000006163&ids=1713453 HTTP/1.1
22:29:29:572 DEBUG 111332 --- [http-nio-8082-exec-3] com.hmall.api.client.ItemClient          : [ItemClient#queryItemByIds] user-info: 1
22:29:29:572 DEBUG 111332 --- [http-nio-8082-exec-3] com.hmall.api.client.ItemClient          : [ItemClient#queryItemByIds] ---> END HTTP (0-byte body)
22:29:30:080 DEBUG 111332 --- [http-nio-8082-exec-3] com.hmall.api.client.ItemClient          : [ItemClient#queryItemByIds] <--- HTTP/1.1 200  (507ms)
22:29:30:080 DEBUG 111332 --- [http-nio-8082-exec-3] com.hmall.api.client.ItemClient          : [ItemClient#queryItemByIds] connection: keep-alive
22:29:30:080 DEBUG 111332 --- [http-nio-8082-exec-3] com.hmall.api.client.ItemClient          : [ItemClient#queryItemByIds] content-type: application/json
22:29:30:080 DEBUG 111332 --- [http-nio-8082-exec-3] com.hmall.api.client.ItemClient          : [ItemClient#queryItemByIds] date: Mon, 22 Jun 2026 14:29:30 GMT
22:29:30:080 DEBUG 111332 --- [http-nio-8082-exec-3] com.hmall.api.client.ItemClient          : [ItemClient#queryItemByIds] keep-alive: timeout=60
22:29:30:080 DEBUG 111332 --- [http-nio-8082-exec-3] com.hmall.api.client.ItemClient          : [ItemClient#queryItemByIds] transfer-encoding: chunked
22:29:30:080 DEBUG 111332 --- [http-nio-8082-exec-3] com.hmall.api.client.ItemClient          : [ItemClient#queryItemByIds] 
22:29:30:081 DEBUG 111332 --- [http-nio-8082-exec-3] com.hmall.api.client.ItemClient          : [ItemClient#queryItemByIds] [{"id":"1713453","name":"小鹿叮叮 超薄 成长裤 婴儿拉拉裤 男女学步通用尿不湿 大号L码84片【9-14kg】","price":12800,"stock":10000,"image":"https://m.360buyimg.com/mobilecms/s720x720_jfs/t22591/39/1930198982/188975/7385556d/5b6d33bdNa455e2b0.jpg!q70.jpg.webp","category":"拉拉裤","brand":"小鹿叮叮","spec":"{}","sold":0,"commentCount":0,"isAD":false,"status":1},{"id":"100000006163","name":"巴布豆(BOBDOG)柔薄悦动婴儿拉拉裤XXL码80片(15kg以上)","price":67100,"stock":10000,"image":"https://m.360buyimg.com/mobilecms/s720x720_jfs/t23998/350/2363990466/222391/a6e9581d/5b7cba5bN0c18fb4f.jpg!q70.jpg.webp","category":"拉拉裤","brand":"巴布豆","spec":"{}","sold":11,"commentCount":33343434,"isAD":false,"status":2}]
22:29:30:081 DEBUG 111332 --- [http-nio-8082-exec-3] com.hmall.api.client.ItemClient          : [ItemClient#queryItemByIds] <--- END HTTP (764-byte body)
22:29:33:134 DEBUG 111332 --- [http-nio-8082-exec-4] com.hmall.cart.mapper.CartMapper.delete  : ==>  Preparing: DELETE FROM cart WHERE (user_id = ? AND item_id IN (?))
22:29:33:135 DEBUG 111332 --- [http-nio-8082-exec-4] com.hmall.cart.mapper.CartMapper.delete  : ==> Parameters: 1(Long), 1713453(Long)
22:29:33:140 DEBUG 111332 --- [http-nio-8082-exec-4] com.hmall.cart.mapper.CartMapper.delete  : <==    Updates: 1
22:29:34:061  INFO 111332 --- [rpcDispatch_RMROLE_1_6_32] i.s.c.r.p.c.RmBranchCommitProcessor      : rm client handle branch commit process:xid=192.168.31.23:8099:36820376088490347,branchId=36820376088490354,branchType=AT,resourceId=jdbc:mysql://192.168.31.23:3306/hm-cart,applicationData={"autoCommit":false}
22:29:34:061  INFO 111332 --- [rpcDispatch_RMROLE_1_6_32] io.seata.rm.AbstractRMHandler            : Branch committing: 192.168.31.23:8099:36820376088490347 36820376088490354 jdbc:mysql://192.168.31.23:3306/hm-cart {"autoCommit":false}
22:29:34:061  INFO 111332 --- [rpcDispatch_RMROLE_1_6_32] io.seata.rm.AbstractRMHandler            : Branch commit result: PhaseTwo_Committed
22:40:59:446 DEBUG 111332 --- [http-nio-8082-exec-7] c.h.cart.mapper.CartMapper.selectList    : ==>  Preparing: SELECT id,user_id,item_id,num,name,spec,price,image,create_time,update_time FROM cart WHERE (user_id = ?)
22:40:59:447 DEBUG 111332 --- [http-nio-8082-exec-7] c.h.cart.mapper.CartMapper.selectList    : ==> Parameters: 1(Long)
22:40:59:450 DEBUG 111332 --- [http-nio-8082-exec-7] c.h.cart.mapper.CartMapper.selectList    : <==      Total: 1
22:40:59:455 DEBUG 111332 --- [http-nio-8082-exec-7] com.hmall.api.client.ItemClient          : [ItemClient#queryItemByIds] ---> GET http://item-service/items?ids=100000006163 HTTP/1.1
22:40:59:455 DEBUG 111332 --- [http-nio-8082-exec-7] com.hmall.api.client.ItemClient          : [ItemClient#queryItemByIds] user-info: 1
22:40:59:455 DEBUG 111332 --- [http-nio-8082-exec-7] com.hmall.api.client.ItemClient          : [ItemClient#queryItemByIds] ---> END HTTP (0-byte body)
22:40:59:968 DEBUG 111332 --- [http-nio-8082-exec-7] com.hmall.api.client.ItemClient          : [ItemClient#queryItemByIds] <--- HTTP/1.1 200  (512ms)
22:40:59:968 DEBUG 111332 --- [http-nio-8082-exec-7] com.hmall.api.client.ItemClient          : [ItemClient#queryItemByIds] connection: keep-alive
22:40:59:968 DEBUG 111332 --- [http-nio-8082-exec-7] com.hmall.api.client.ItemClient          : [ItemClient#queryItemByIds] content-type: application/json
22:40:59:968 DEBUG 111332 --- [http-nio-8082-exec-7] com.hmall.api.client.ItemClient          : [ItemClient#queryItemByIds] date: Mon, 22 Jun 2026 14:40:59 GMT
22:40:59:968 DEBUG 111332 --- [http-nio-8082-exec-7] com.hmall.api.client.ItemClient          : [ItemClient#queryItemByIds] keep-alive: timeout=60
22:40:59:968 DEBUG 111332 --- [http-nio-8082-exec-7] com.hmall.api.client.ItemClient          : [ItemClient#queryItemByIds] transfer-encoding: chunked
22:40:59:968 DEBUG 111332 --- [http-nio-8082-exec-7] com.hmall.api.client.ItemClient          : [ItemClient#queryItemByIds] 
22:40:59:968 DEBUG 111332 --- [http-nio-8082-exec-7] com.hmall.api.client.ItemClient          : [ItemClient#queryItemByIds] [{"id":"100000006163","name":"巴布豆(BOBDOG)柔薄悦动婴儿拉拉裤XXL码80片(15kg以上)","price":67100,"stock":10000,"image":"https://m.360buyimg.com/mobilecms/s720x720_jfs/t23998/350/2363990466/222391/a6e9581d/5b7cba5bN0c18fb4f.jpg!q70.jpg.webp","category":"拉拉裤","brand":"巴布豆","spec":"{}","sold":11,"commentCount":33343434,"isAD":false,"status":2}]
22:40:59:969 DEBUG 111332 --- [http-nio-8082-exec-7] com.hmall.api.client.ItemClient          : [ItemClient#queryItemByIds] <--- END HTTP (371-byte body)
22:41:03:047 DEBUG 111332 --- [http-nio-8082-exec-8] c.h.cart.mapper.CartMapper.selectCount   : ==>  Preparing: SELECT COUNT( * ) AS total FROM cart WHERE (user_id = ? AND item_id = ?)
22:41:03:048 DEBUG 111332 --- [http-nio-8082-exec-8] c.h.cart.mapper.CartMapper.selectCount   : ==> Parameters: 1(Long), 2030774(Long)
22:41:03:049 DEBUG 111332 --- [http-nio-8082-exec-8] c.h.cart.mapper.CartMapper.selectCount   : <==      Total: 1
22:41:03:050 DEBUG 111332 --- [http-nio-8082-exec-8] c.h.cart.mapper.CartMapper.selectCount   : ==>  Preparing: SELECT COUNT( * ) AS total FROM cart WHERE (user_id = ?)
22:41:03:050 DEBUG 111332 --- [http-nio-8082-exec-8] c.h.cart.mapper.CartMapper.selectCount   : ==> Parameters: 1(Long)
22:41:03:052 DEBUG 111332 --- [http-nio-8082-exec-8] c.h.cart.mapper.CartMapper.selectCount   : <==      Total: 1
22:41:03:056 DEBUG 111332 --- [http-nio-8082-exec-8] com.hmall.cart.mapper.CartMapper.insert  : ==>  Preparing: INSERT INTO cart ( user_id, item_id, name, spec, price, image ) VALUES ( ?, ?, ?, ?, ?, ? )
22:41:03:057 DEBUG 111332 --- [http-nio-8082-exec-8] com.hmall.cart.mapper.CartMapper.insert  : ==> Parameters: 1(Long), 2030774(Long), 外交官（Diplomat）磨砂箱子拉杆箱行李箱男女旅行箱密码箱万向轮箱包TC-15174TT 28英寸 黑色(String), {"颜色": "黑色", "尺寸": "28英寸"}(String), 58800(Integer), https://m.360buyimg.com/mobilecms/s720x720_jfs/t22870/321/1238637240/149996/1aa457fe/5b594396Nfb108e31.jpg!q70.jpg.webp(String)
22:41:03:062 DEBUG 111332 --- [http-nio-8082-exec-8] com.hmall.cart.mapper.CartMapper.insert  : <==    Updates: 1
22:41:03:120 DEBUG 111332 --- [http-nio-8082-exec-10] c.h.cart.mapper.CartMapper.selectList    : ==>  Preparing: SELECT id,user_id,item_id,num,name,spec,price,image,create_time,update_time FROM cart WHERE (user_id = ?)
22:41:03:120 DEBUG 111332 --- [http-nio-8082-exec-10] c.h.cart.mapper.CartMapper.selectList    : ==> Parameters: 1(Long)
22:41:03:121 DEBUG 111332 --- [http-nio-8082-exec-10] c.h.cart.mapper.CartMapper.selectList    : <==      Total: 2
22:41:03:122 DEBUG 111332 --- [http-nio-8082-exec-10] com.hmall.api.client.ItemClient          : [ItemClient#queryItemByIds] ---> GET http://item-service/items?ids=100000006163&ids=2030774 HTTP/1.1
22:41:03:122 DEBUG 111332 --- [http-nio-8082-exec-10] com.hmall.api.client.ItemClient          : [ItemClient#queryItemByIds] user-info: 1
22:41:03:122 DEBUG 111332 --- [http-nio-8082-exec-10] com.hmall.api.client.ItemClient          : [ItemClient#queryItemByIds] ---> END HTTP (0-byte body)
22:41:03:631 DEBUG 111332 --- [http-nio-8082-exec-10] com.hmall.api.client.ItemClient          : [ItemClient#queryItemByIds] <--- HTTP/1.1 200  (507ms)
22:41:03:631 DEBUG 111332 --- [http-nio-8082-exec-10] com.hmall.api.client.ItemClient          : [ItemClient#queryItemByIds] connection: keep-alive
22:41:03:631 DEBUG 111332 --- [http-nio-8082-exec-10] com.hmall.api.client.ItemClient          : [ItemClient#queryItemByIds] content-type: application/json
22:41:03:631 DEBUG 111332 --- [http-nio-8082-exec-10] com.hmall.api.client.ItemClient          : [ItemClient#queryItemByIds] date: Mon, 22 Jun 2026 14:41:03 GMT
22:41:03:631 DEBUG 111332 --- [http-nio-8082-exec-10] com.hmall.api.client.ItemClient          : [ItemClient#queryItemByIds] keep-alive: timeout=60
22:41:03:631 DEBUG 111332 --- [http-nio-8082-exec-10] com.hmall.api.client.ItemClient          : [ItemClient#queryItemByIds] transfer-encoding: chunked
22:41:03:631 DEBUG 111332 --- [http-nio-8082-exec-10] com.hmall.api.client.ItemClient          : [ItemClient#queryItemByIds] 
22:41:03:631 DEBUG 111332 --- [http-nio-8082-exec-10] com.hmall.api.client.ItemClient          : [ItemClient#queryItemByIds] [{"id":"2030774","name":"外交官（Diplomat）磨砂箱子拉杆箱行李箱男女旅行箱密码箱万向轮箱包TC-15174TT 28英寸 黑色","price":58800,"stock":10000,"image":"https://m.360buyimg.com/mobilecms/s720x720_jfs/t22870/321/1238637240/149996/1aa457fe/5b594396Nfb108e31.jpg!q70.jpg.webp","category":"拉杆箱","brand":"Diplomat","spec":"{\"颜色\": \"黑色\", \"尺寸\": \"28英寸\"}","sold":0,"commentCount":0,"isAD":false,"status":1},{"id":"100000006163","name":"巴布豆(BOBDOG)柔薄悦动婴儿拉拉裤XXL码80片(15kg以上)","price":67100,"stock":10000,"image":"https://m.360buyimg.com/mobilecms/s720x720_jfs/t23998/350/2363990466/222391/a6e9581d/5b7cba5bN0c18fb4f.jpg!q70.jpg.webp","category":"拉拉裤","brand":"巴布豆","spec":"{}","sold":11,"commentCount":33343434,"isAD":false,"status":2}]
22:41:03:631 DEBUG 111332 --- [http-nio-8082-exec-10] com.hmall.api.client.ItemClient          : [ItemClient#queryItemByIds] <--- END HTTP (826-byte body)
22:41:07:558 DEBUG 111332 --- [http-nio-8082-exec-9] com.hmall.cart.mapper.CartMapper.delete  : ==>  Preparing: DELETE FROM cart WHERE (user_id = ? AND item_id IN (?))
22:41:07:559 DEBUG 111332 --- [http-nio-8082-exec-9] com.hmall.cart.mapper.CartMapper.delete  : ==> Parameters: 1(Long), 2030774(Long)
22:41:07:573 DEBUG 111332 --- [http-nio-8082-exec-9] com.hmall.cart.mapper.CartMapper.delete  : <==    Updates: 1
22:41:07:908  INFO 111332 --- [rpcDispatch_RMROLE_1_7_32] i.s.c.r.p.c.RmBranchCommitProcessor      : rm client handle branch commit process:xid=192.168.31.23:8099:36820376088490359,branchId=36820376088490366,branchType=AT,resourceId=jdbc:mysql://192.168.31.23:3306/hm-cart,applicationData={"autoCommit":false}
22:41:07:908  INFO 111332 --- [rpcDispatch_RMROLE_1_7_32] io.seata.rm.AbstractRMHandler            : Branch committing: 192.168.31.23:8099:36820376088490359 36820376088490366 jdbc:mysql://192.168.31.23:3306/hm-cart {"autoCommit":false}
22:41:07:908  INFO 111332 --- [rpcDispatch_RMROLE_1_7_32] io.seata.rm.AbstractRMHandler            : Branch commit result: PhaseTwo_Committed
22:43:14:985 DEBUG 111332 --- [http-nio-8082-exec-3] c.h.cart.mapper.CartMapper.selectList    : ==>  Preparing: SELECT id,user_id,item_id,num,name,spec,price,image,create_time,update_time FROM cart WHERE (user_id = ?)
22:43:14:985 DEBUG 111332 --- [http-nio-8082-exec-3] c.h.cart.mapper.CartMapper.selectList    : ==> Parameters: 1(Long)
22:43:14:988 DEBUG 111332 --- [http-nio-8082-exec-3] c.h.cart.mapper.CartMapper.selectList    : <==      Total: 1
22:43:14:989 DEBUG 111332 --- [http-nio-8082-exec-3] com.hmall.api.client.ItemClient          : [ItemClient#queryItemByIds] ---> GET http://item-service/items?ids=100000006163 HTTP/1.1
22:43:14:989 DEBUG 111332 --- [http-nio-8082-exec-3] com.hmall.api.client.ItemClient          : [ItemClient#queryItemByIds] user-info: 1
22:43:14:989 DEBUG 111332 --- [http-nio-8082-exec-3] com.hmall.api.client.ItemClient          : [ItemClient#queryItemByIds] ---> END HTTP (0-byte body)
22:43:15:501 DEBUG 111332 --- [http-nio-8082-exec-3] com.hmall.api.client.ItemClient          : [ItemClient#queryItemByIds] <--- HTTP/1.1 200  (513ms)
22:43:15:501 DEBUG 111332 --- [http-nio-8082-exec-3] com.hmall.api.client.ItemClient          : [ItemClient#queryItemByIds] connection: keep-alive
22:43:15:501 DEBUG 111332 --- [http-nio-8082-exec-3] com.hmall.api.client.ItemClient          : [ItemClient#queryItemByIds] content-type: application/json
22:43:15:502 DEBUG 111332 --- [http-nio-8082-exec-3] com.hmall.api.client.ItemClient          : [ItemClient#queryItemByIds] date: Mon, 22 Jun 2026 14:43:15 GMT
22:43:15:502 DEBUG 111332 --- [http-nio-8082-exec-3] com.hmall.api.client.ItemClient          : [ItemClient#queryItemByIds] keep-alive: timeout=60
22:43:15:502 DEBUG 111332 --- [http-nio-8082-exec-3] com.hmall.api.client.ItemClient          : [ItemClient#queryItemByIds] transfer-encoding: chunked
22:43:15:502 DEBUG 111332 --- [http-nio-8082-exec-3] com.hmall.api.client.ItemClient          : [ItemClient#queryItemByIds] 
22:43:15:502 DEBUG 111332 --- [http-nio-8082-exec-3] com.hmall.api.client.ItemClient          : [ItemClient#queryItemByIds] [{"id":"100000006163","name":"巴布豆(BOBDOG)柔薄悦动婴儿拉拉裤XXL码80片(15kg以上)","price":67100,"stock":10000,"image":"https://m.360buyimg.com/mobilecms/s720x720_jfs/t23998/350/2363990466/222391/a6e9581d/5b7cba5bN0c18fb4f.jpg!q70.jpg.webp","category":"拉拉裤","brand":"巴布豆","spec":"{}","sold":11,"commentCount":33343434,"isAD":false,"status":2}]
22:43:15:502 DEBUG 111332 --- [http-nio-8082-exec-3] com.hmall.api.client.ItemClient          : [ItemClient#queryItemByIds] <--- END HTTP (371-byte body)
22:43:25:404 DEBUG 111332 --- [http-nio-8082-exec-4] com.hmall.cart.mapper.CartMapper.delete  : ==>  Preparing: DELETE FROM cart WHERE (user_id = ? AND item_id IN (?))
22:43:25:404 DEBUG 111332 --- [http-nio-8082-exec-4] com.hmall.cart.mapper.CartMapper.delete  : ==> Parameters: 1(Long), 2030774(Long)
22:43:25:408 DEBUG 111332 --- [http-nio-8082-exec-4] com.hmall.cart.mapper.CartMapper.delete  : <==    Updates: 0
