11:10:34:817  INFO 57616 --- [main] com.hmall.item.ItemServiceApplication    : Starting ItemServiceApplication using Java 17.0.6 on DESKTOP-AHH2H43 with PID 57616 (C:\Users\19263\Desktop\hmall1\item-service\target\classes started by 19263 in C:\Users\19263\Desktop\hmall1)
11:10:34:833 DEBUG 57616 --- [main] com.hmall.item.ItemServiceApplication    : Running with Spring Boot v2.7.12, Spring v5.3.27
11:10:34:835  INFO 57616 --- [main] com.hmall.item.ItemServiceApplication    : The following 1 profile is active: "local"
11:10:37:901  INFO 57616 --- [main] o.s.cloud.context.scope.GenericScope     : BeanFactory id=3c6262eb-7459-353f-b511-55ccfc305c14
11:10:38:907  INFO 57616 --- [main] o.s.b.w.embedded.tomcat.TomcatWebServer  : Tomcat initialized with port(s): 8081 (http)
11:10:38:932  INFO 57616 --- [main] o.apache.catalina.core.StandardService   : Starting service [Tomcat]
11:10:38:933  INFO 57616 --- [main] org.apache.catalina.core.StandardEngine  : Starting Servlet engine: [Apache Tomcat/9.0.75]
11:10:39:358  INFO 57616 --- [main] o.a.c.c.C.[Tomcat].[localhost].[/]       : Initializing Spring embedded WebApplicationContext
11:10:39:358  INFO 57616 --- [main] w.s.c.ServletWebServerApplicationContext : Root WebApplicationContext: initialization completed in 4388 ms
11:10:42:759  INFO 57616 --- [main] pertySourcedRequestMappingHandlerMapping : Mapped URL path [/v2/api-docs] onto method [springfox.documentation.swagger2.web.Swagger2ControllerWebMvc#getDocumentation(String, HttpServletRequest)]
11:10:44:365  INFO 57616 --- [main] com.alibaba.nacos.common.remote.client   : [RpcClientFactory] create a new rpc client of c993dd44-9e99-4aa0-83d4-0647bad21541
11:10:44:512  INFO 57616 --- [main] org.reflections.Reflections              : Reflections took 73 ms to scan 1 urls, producing 3 keys and 6 values 
11:10:44:591  INFO 57616 --- [main] org.reflections.Reflections              : Reflections took 31 ms to scan 1 urls, producing 4 keys and 9 values 
11:10:44:632  INFO 57616 --- [main] org.reflections.Reflections              : Reflections took 32 ms to scan 1 urls, producing 3 keys and 10 values 
11:10:44:637  WARN 57616 --- [main] org.reflections.Reflections              : given scan urls are empty. set urls in the configuration
11:10:44:662  INFO 57616 --- [main] org.reflections.Reflections              : Reflections took 23 ms to scan 1 urls, producing 1 keys and 5 values 
11:10:44:688  INFO 57616 --- [main] org.reflections.Reflections              : Reflections took 21 ms to scan 1 urls, producing 1 keys and 7 values 
11:10:44:710  INFO 57616 --- [main] org.reflections.Reflections              : Reflections took 17 ms to scan 1 urls, producing 2 keys and 8 values 
11:10:44:716  WARN 57616 --- [main] org.reflections.Reflections              : given scan urls are empty. set urls in the configuration
11:10:44:719  INFO 57616 --- [main] com.alibaba.nacos.common.remote.client   : [c993dd44-9e99-4aa0-83d4-0647bad21541] RpcClient init label, labels = {module=naming, source=sdk}
11:10:44:727  INFO 57616 --- [main] com.alibaba.nacos.common.remote.client   : [c993dd44-9e99-4aa0-83d4-0647bad21541] RpcClient init, ServerListFactory = com.alibaba.nacos.client.naming.core.ServerListManager
11:10:44:727  INFO 57616 --- [main] com.alibaba.nacos.common.remote.client   : [c993dd44-9e99-4aa0-83d4-0647bad21541] Registry connection listener to current client:com.alibaba.nacos.client.naming.remote.gprc.redo.NamingGrpcRedoService
11:10:44:728  INFO 57616 --- [main] com.alibaba.nacos.common.remote.client   : [c993dd44-9e99-4aa0-83d4-0647bad21541] Register server push request handler:com.alibaba.nacos.client.naming.remote.gprc.NamingPushRequestHandler
11:10:44:733  INFO 57616 --- [main] com.alibaba.nacos.common.remote.client   : [c993dd44-9e99-4aa0-83d4-0647bad21541] Try to connect to server on start up, server: {serverIp = '192.168.31.23', server main port = 8848}
11:10:47:821  INFO 57616 --- [main] com.alibaba.nacos.common.remote.client   : [c993dd44-9e99-4aa0-83d4-0647bad21541] Success to connect to server [192.168.31.23:8848] on start up, connectionId = 1781665847328_192.168.31.4_9786
11:10:47:822  INFO 57616 --- [com.alibaba.nacos.client.remote.worker] com.alibaba.nacos.common.remote.client   : [c993dd44-9e99-4aa0-83d4-0647bad21541] Notify connected event to listeners.
11:10:47:825  INFO 57616 --- [main] com.alibaba.nacos.common.remote.client   : [c993dd44-9e99-4aa0-83d4-0647bad21541] Register server push request handler:com.alibaba.nacos.common.remote.client.RpcClient$ConnectResetRequestHandler
11:10:47:826  INFO 57616 --- [main] com.alibaba.nacos.common.remote.client   : [c993dd44-9e99-4aa0-83d4-0647bad21541] Register server push request handler:com.alibaba.nacos.common.remote.client.RpcClient$$Lambda$916/0x0000000801372918
11:10:47:991  INFO 57616 --- [main] o.s.b.w.embedded.tomcat.TomcatWebServer  : Tomcat started on port(s): 8081 (http) with context path ''
11:10:48:024  INFO 57616 --- [main] c.a.c.n.registry.NacosServiceRegistry    : nacos registry, DEFAULT_GROUP item-service 192.168.31.4:8081 register finished
11:10:48:485  INFO 57616 --- [nacos-grpc-client-executor-9] com.alibaba.nacos.common.remote.client   : [c993dd44-9e99-4aa0-83d4-0647bad21541] Receive server push request, request = NotifySubscriberRequest, requestId = 2
11:10:48:495  INFO 57616 --- [nacos-grpc-client-executor-9] com.alibaba.nacos.common.remote.client   : [c993dd44-9e99-4aa0-83d4-0647bad21541] Ack server push request, request = NotifySubscriberRequest, requestId = 2
11:10:48:966  INFO 57616 --- [main] d.s.w.p.DocumentationPluginsBootstrapper : Documentation plugins bootstrapped
11:10:48:976  INFO 57616 --- [main] d.s.w.p.DocumentationPluginsBootstrapper : Found 1 custom documentation plugin(s)
11:10:49:071  INFO 57616 --- [main] s.d.s.w.s.ApiListingReferenceScanner     : Scanning for api listing references
11:10:49:482  INFO 57616 --- [main] com.hmall.item.ItemServiceApplication    : Started ItemServiceApplication in 16.989 seconds (JVM running for 19.263)
11:18:50:872  WARN 57616 --- [Thread-4] c.a.nacos.common.notify.NotifyCenter     : [NotifyCenter] Start destroying Publisher
11:18:50:873  WARN 57616 --- [Thread-7] c.a.n.common.http.HttpClientBeanHolder   : [HttpClientBeanHolder] Start destroying common HttpClient
11:18:50:873  WARN 57616 --- [Thread-4] c.a.nacos.common.notify.NotifyCenter     : [NotifyCenter] Destruction of the end
11:18:50:874  WARN 57616 --- [Thread-7] c.a.n.common.http.HttpClientBeanHolder   : [HttpClientBeanHolder] Destruction of the end
11:18:50:984  INFO 57616 --- [SpringApplicationShutdownHook] c.a.c.n.registry.NacosServiceRegistry    : De-registering from Nacos Server now...
11:18:51:018  INFO 57616 --- [SpringApplicationShutdownHook] c.a.c.n.registry.NacosServiceRegistry    : De-registration finished.
11:18:51:329  INFO 57616 --- [SpringApplicationShutdownHook] com.alibaba.nacos.common.remote.client   : Shutdown rpc client, set status to shutdown
11:18:51:329  INFO 57616 --- [SpringApplicationShutdownHook] com.alibaba.nacos.common.remote.client   : Shutdown client event executor java.util.concurrent.ScheduledThreadPoolExecutor@40d2cfa1[Running, pool size = 2, active threads = 2, queued tasks = 0, completed tasks = 0]
11:18:51:329  INFO 57616 --- [SpringApplicationShutdownHook] com.alibaba.nacos.common.remote.client   : Close current connection 1781665847328_192.168.31.4_9786
11:18:51:341  INFO 57616 --- [SpringApplicationShutdownHook] c.a.n.c.remote.client.grpc.GrpcClient    : Shutdown grpc executor java.util.concurrent.ThreadPoolExecutor@4a06728b[Running, pool size = 4, active threads = 0, queued tasks = 0, completed tasks = 110]
11:19:29:661  INFO 90000 --- [main] com.hmall.item.ItemServiceApplication    : Starting ItemServiceApplication using Java 17.0.6 on DESKTOP-AHH2H43 with PID 90000 (C:\Users\19263\Desktop\hmall1\item-service\target\classes started by 19263 in C:\Users\19263\Desktop\hmall1)
11:19:29:669 DEBUG 90000 --- [main] com.hmall.item.ItemServiceApplication    : Running with Spring Boot v2.7.12, Spring v5.3.27
11:19:29:670  INFO 90000 --- [main] com.hmall.item.ItemServiceApplication    : The following 1 profile is active: "local"
11:19:31:797  INFO 90000 --- [main] o.s.cloud.context.scope.GenericScope     : BeanFactory id=3c6262eb-7459-353f-b511-55ccfc305c14
11:19:32:438  INFO 90000 --- [main] o.s.b.w.embedded.tomcat.TomcatWebServer  : Tomcat initialized with port(s): 8081 (http)
11:19:32:459  INFO 90000 --- [main] o.apache.catalina.core.StandardService   : Starting service [Tomcat]
11:19:32:460  INFO 90000 --- [main] org.apache.catalina.core.StandardEngine  : Starting Servlet engine: [Apache Tomcat/9.0.75]
11:19:32:744  INFO 90000 --- [main] o.a.c.c.C.[Tomcat].[localhost].[/]       : Initializing Spring embedded WebApplicationContext
11:19:32:744  INFO 90000 --- [main] w.s.c.ServletWebServerApplicationContext : Root WebApplicationContext: initialization completed in 2934 ms
11:19:34:875  INFO 90000 --- [main] pertySourcedRequestMappingHandlerMapping : Mapped URL path [/v2/api-docs] onto method [springfox.documentation.swagger2.web.Swagger2ControllerWebMvc#getDocumentation(String, HttpServletRequest)]
11:19:35:589  INFO 90000 --- [main] com.alibaba.nacos.common.remote.client   : [RpcClientFactory] create a new rpc client of 51b9458e-5840-4265-82ba-d597592a0094
11:19:35:719  INFO 90000 --- [main] org.reflections.Reflections              : Reflections took 61 ms to scan 1 urls, producing 3 keys and 6 values 
11:19:35:772  INFO 90000 --- [main] org.reflections.Reflections              : Reflections took 17 ms to scan 1 urls, producing 4 keys and 9 values 
11:19:35:787  INFO 90000 --- [main] org.reflections.Reflections              : Reflections took 10 ms to scan 1 urls, producing 3 keys and 10 values 
11:19:35:791  WARN 90000 --- [main] org.reflections.Reflections              : given scan urls are empty. set urls in the configuration
11:19:35:809  INFO 90000 --- [main] org.reflections.Reflections              : Reflections took 17 ms to scan 1 urls, producing 1 keys and 5 values 
11:19:35:823  INFO 90000 --- [main] org.reflections.Reflections              : Reflections took 10 ms to scan 1 urls, producing 1 keys and 7 values 
11:19:35:836  INFO 90000 --- [main] org.reflections.Reflections              : Reflections took 9 ms to scan 1 urls, producing 2 keys and 8 values 
11:19:35:839  WARN 90000 --- [main] org.reflections.Reflections              : given scan urls are empty. set urls in the configuration
11:19:35:841  INFO 90000 --- [main] com.alibaba.nacos.common.remote.client   : [51b9458e-5840-4265-82ba-d597592a0094] RpcClient init label, labels = {module=naming, source=sdk}
11:19:35:843  INFO 90000 --- [main] com.alibaba.nacos.common.remote.client   : [51b9458e-5840-4265-82ba-d597592a0094] RpcClient init, ServerListFactory = com.alibaba.nacos.client.naming.core.ServerListManager
11:19:35:843  INFO 90000 --- [main] com.alibaba.nacos.common.remote.client   : [51b9458e-5840-4265-82ba-d597592a0094] Registry connection listener to current client:com.alibaba.nacos.client.naming.remote.gprc.redo.NamingGrpcRedoService
11:19:35:844  INFO 90000 --- [main] com.alibaba.nacos.common.remote.client   : [51b9458e-5840-4265-82ba-d597592a0094] Register server push request handler:com.alibaba.nacos.client.naming.remote.gprc.NamingPushRequestHandler
11:19:35:847  INFO 90000 --- [main] com.alibaba.nacos.common.remote.client   : [51b9458e-5840-4265-82ba-d597592a0094] Try to connect to server on start up, server: {serverIp = '192.168.31.23', server main port = 8848}
11:19:37:457  INFO 90000 --- [main] com.alibaba.nacos.common.remote.client   : [51b9458e-5840-4265-82ba-d597592a0094] Success to connect to server [192.168.31.23:8848] on start up, connectionId = 1781666377098_192.168.31.4_5199
11:19:37:459  INFO 90000 --- [com.alibaba.nacos.client.remote.worker] com.alibaba.nacos.common.remote.client   : [51b9458e-5840-4265-82ba-d597592a0094] Notify connected event to listeners.
11:19:37:459  INFO 90000 --- [main] com.alibaba.nacos.common.remote.client   : [51b9458e-5840-4265-82ba-d597592a0094] Register server push request handler:com.alibaba.nacos.common.remote.client.RpcClient$ConnectResetRequestHandler
11:19:37:459  INFO 90000 --- [main] com.alibaba.nacos.common.remote.client   : [51b9458e-5840-4265-82ba-d597592a0094] Register server push request handler:com.alibaba.nacos.common.remote.client.RpcClient$$Lambda$916/0x00000008013991e8
11:19:37:530  INFO 90000 --- [main] o.s.b.w.embedded.tomcat.TomcatWebServer  : Tomcat started on port(s): 8081 (http) with context path ''
11:19:37:543  INFO 90000 --- [main] c.a.c.n.registry.NacosServiceRegistry    : nacos registry, DEFAULT_GROUP item-service 192.168.31.4:8081 register finished
11:19:37:886  INFO 90000 --- [main] d.s.w.p.DocumentationPluginsBootstrapper : Documentation plugins bootstrapped
11:19:37:890  INFO 90000 --- [main] d.s.w.p.DocumentationPluginsBootstrapper : Found 1 custom documentation plugin(s)
11:19:37:928  INFO 90000 --- [main] s.d.s.w.s.ApiListingReferenceScanner     : Scanning for api listing references
11:19:38:052  INFO 90000 --- [nacos-grpc-client-executor-9] com.alibaba.nacos.common.remote.client   : [51b9458e-5840-4265-82ba-d597592a0094] Receive server push request, request = NotifySubscriberRequest, requestId = 12
11:19:38:058  INFO 90000 --- [nacos-grpc-client-executor-9] com.alibaba.nacos.common.remote.client   : [51b9458e-5840-4265-82ba-d597592a0094] Ack server push request, request = NotifySubscriberRequest, requestId = 12
11:19:38:124  INFO 90000 --- [main] com.hmall.item.ItemServiceApplication    : Started ItemServiceApplication in 10.831 seconds (JVM running for 13.13)
11:50:54:656  INFO 90000 --- [http-nio-8081-exec-4] o.a.c.c.C.[Tomcat].[localhost].[/]       : Initializing Spring DispatcherServlet 'dispatcherServlet'
11:50:54:667  INFO 90000 --- [http-nio-8081-exec-4] o.s.web.servlet.DispatcherServlet        : Initializing Servlet 'dispatcherServlet'
11:50:54:719  INFO 90000 --- [http-nio-8081-exec-4] o.s.web.servlet.DispatcherServlet        : Completed initialization in 51 ms
11:50:55:664  INFO 90000 --- [http-nio-8081-exec-1] com.zaxxer.hikari.HikariDataSource       : HikariPool-1 - Starting...
11:50:57:803  INFO 90000 --- [http-nio-8081-exec-1] com.zaxxer.hikari.HikariDataSource       : HikariPool-1 - Start completed.
11:50:57:853 DEBUG 90000 --- [http-nio-8081-exec-9] c.h.i.mapper.ItemMapper.selectBatchIds   : ==>  Preparing: SELECT id,name,price,stock,image,category,brand,spec,sold,comment_count,isAD,status,create_time,update_time,creater,updater FROM item WHERE id IN ( ? , ? )
11:50:57:948 DEBUG 90000 --- [http-nio-8081-exec-5] c.h.i.mapper.ItemMapper.selectBatchIds   : ==>  Preparing: SELECT id,name,price,stock,image,category,brand,spec,sold,comment_count,isAD,status,create_time,update_time,creater,updater FROM item WHERE id IN ( ? , ? )
11:50:57:968 DEBUG 90000 --- [http-nio-8081-exec-5] c.h.i.mapper.ItemMapper.selectBatchIds   : ==> Parameters: 100000006163(Long), 14741770661(Long)
11:50:57:968 DEBUG 90000 --- [http-nio-8081-exec-9] c.h.i.mapper.ItemMapper.selectBatchIds   : ==> Parameters: 100000006163(Long), 14741770661(Long)
11:50:58:584 DEBUG 90000 --- [http-nio-8081-exec-4] c.h.i.mapper.ItemMapper.selectBatchIds   : ==>  Preparing: SELECT id,name,price,stock,image,category,brand,spec,sold,comment_count,isAD,status,create_time,update_time,creater,updater FROM item WHERE id IN ( ? , ? )
11:50:58:585 DEBUG 90000 --- [http-nio-8081-exec-4] c.h.i.mapper.ItemMapper.selectBatchIds   : ==> Parameters: 100000006163(Long), 14741770661(Long)
11:50:58:649 DEBUG 90000 --- [http-nio-8081-exec-5] c.h.i.mapper.ItemMapper.selectBatchIds   : <==      Total: 2
11:50:58:650 DEBUG 90000 --- [http-nio-8081-exec-9] c.h.i.mapper.ItemMapper.selectBatchIds   : <==      Total: 2
11:50:58:666 DEBUG 90000 --- [http-nio-8081-exec-4] c.h.i.mapper.ItemMapper.selectBatchIds   : <==      Total: 2
11:50:58:676 DEBUG 90000 --- [http-nio-8081-exec-2] c.h.i.mapper.ItemMapper.selectBatchIds   : ==>  Preparing: SELECT id,name,price,stock,image,category,brand,spec,sold,comment_count,isAD,status,create_time,update_time,creater,updater FROM item WHERE id IN ( ? , ? )
11:50:58:676 DEBUG 90000 --- [http-nio-8081-exec-6] c.h.i.mapper.ItemMapper.selectBatchIds   : ==>  Preparing: SELECT id,name,price,stock,image,category,brand,spec,sold,comment_count,isAD,status,create_time,update_time,creater,updater FROM item WHERE id IN ( ? , ? )
11:50:58:676 DEBUG 90000 --- [http-nio-8081-exec-3] c.h.i.mapper.ItemMapper.selectBatchIds   : ==>  Preparing: SELECT id,name,price,stock,image,category,brand,spec,sold,comment_count,isAD,status,create_time,update_time,creater,updater FROM item WHERE id IN ( ? , ? )
11:50:58:677 DEBUG 90000 --- [http-nio-8081-exec-2] c.h.i.mapper.ItemMapper.selectBatchIds   : ==> Parameters: 100000006163(Long), 14741770661(Long)
11:50:58:677 DEBUG 90000 --- [http-nio-8081-exec-6] c.h.i.mapper.ItemMapper.selectBatchIds   : ==> Parameters: 100000006163(Long), 14741770661(Long)
11:50:58:678 DEBUG 90000 --- [http-nio-8081-exec-3] c.h.i.mapper.ItemMapper.selectBatchIds   : ==> Parameters: 100000006163(Long), 14741770661(Long)
11:50:58:691 DEBUG 90000 --- [http-nio-8081-exec-2] c.h.i.mapper.ItemMapper.selectBatchIds   : <==      Total: 2
11:50:58:693 DEBUG 90000 --- [http-nio-8081-exec-1] c.h.i.mapper.ItemMapper.selectBatchIds   : ==>  Preparing: SELECT id,name,price,stock,image,category,brand,spec,sold,comment_count,isAD,status,create_time,update_time,creater,updater FROM item WHERE id IN ( ? , ? )
11:50:58:693 DEBUG 90000 --- [http-nio-8081-exec-1] c.h.i.mapper.ItemMapper.selectBatchIds   : ==> Parameters: 100000006163(Long), 14741770661(Long)
11:50:58:694 DEBUG 90000 --- [http-nio-8081-exec-3] c.h.i.mapper.ItemMapper.selectBatchIds   : <==      Total: 2
11:50:58:695 DEBUG 90000 --- [http-nio-8081-exec-8] c.h.i.mapper.ItemMapper.selectBatchIds   : ==>  Preparing: SELECT id,name,price,stock,image,category,brand,spec,sold,comment_count,isAD,status,create_time,update_time,creater,updater FROM item WHERE id IN ( ? , ? )
11:50:58:697 DEBUG 90000 --- [http-nio-8081-exec-8] c.h.i.mapper.ItemMapper.selectBatchIds   : ==> Parameters: 100000006163(Long), 14741770661(Long)
11:50:58:700 DEBUG 90000 --- [http-nio-8081-exec-6] c.h.i.mapper.ItemMapper.selectBatchIds   : <==      Total: 2
11:50:58:703 DEBUG 90000 --- [http-nio-8081-exec-8] c.h.i.mapper.ItemMapper.selectBatchIds   : <==      Total: 2
11:50:58:746 DEBUG 90000 --- [http-nio-8081-exec-1] c.h.i.mapper.ItemMapper.selectBatchIds   : <==      Total: 2
11:51:06:355 DEBUG 90000 --- [http-nio-8081-exec-10] c.h.i.mapper.ItemMapper.selectBatchIds   : ==>  Preparing: SELECT id,name,price,stock,image,category,brand,spec,sold,comment_count,isAD,status,create_time,update_time,creater,updater FROM item WHERE id IN ( ? , ? )
11:51:06:357 DEBUG 90000 --- [http-nio-8081-exec-10] c.h.i.mapper.ItemMapper.selectBatchIds   : ==> Parameters: 100000006163(Long), 14741770661(Long)
11:51:06:409 DEBUG 90000 --- [http-nio-8081-exec-10] c.h.i.mapper.ItemMapper.selectBatchIds   : <==      Total: 2
11:51:07:211 DEBUG 90000 --- [http-nio-8081-exec-7] c.h.i.mapper.ItemMapper.selectBatchIds   : ==>  Preparing: SELECT id,name,price,stock,image,category,brand,spec,sold,comment_count,isAD,status,create_time,update_time,creater,updater FROM item WHERE id IN ( ? , ? )
11:51:07:213 DEBUG 90000 --- [http-nio-8081-exec-7] c.h.i.mapper.ItemMapper.selectBatchIds   : ==> Parameters: 100000006163(Long), 14741770661(Long)
11:51:07:219 DEBUG 90000 --- [http-nio-8081-exec-7] c.h.i.mapper.ItemMapper.selectBatchIds   : <==      Total: 2
11:51:07:736 DEBUG 90000 --- [http-nio-8081-exec-4] c.h.i.mapper.ItemMapper.selectBatchIds   : ==>  Preparing: SELECT id,name,price,stock,image,category,brand,spec,sold,comment_count,isAD,status,create_time,update_time,creater,updater FROM item WHERE id IN ( ? , ? )
11:51:07:737 DEBUG 90000 --- [http-nio-8081-exec-4] c.h.i.mapper.ItemMapper.selectBatchIds   : ==> Parameters: 100000006163(Long), 14741770661(Long)
11:51:07:740 DEBUG 90000 --- [http-nio-8081-exec-4] c.h.i.mapper.ItemMapper.selectBatchIds   : <==      Total: 2
11:51:08:324 DEBUG 90000 --- [http-nio-8081-exec-3] c.h.i.mapper.ItemMapper.selectBatchIds   : ==>  Preparing: SELECT id,name,price,stock,image,category,brand,spec,sold,comment_count,isAD,status,create_time,update_time,creater,updater FROM item WHERE id IN ( ? , ? )
11:51:08:326 DEBUG 90000 --- [http-nio-8081-exec-3] c.h.i.mapper.ItemMapper.selectBatchIds   : ==> Parameters: 100000006163(Long), 14741770661(Long)
11:51:08:337 DEBUG 90000 --- [http-nio-8081-exec-3] c.h.i.mapper.ItemMapper.selectBatchIds   : <==      Total: 2
11:51:08:881 DEBUG 90000 --- [http-nio-8081-exec-1] c.h.i.mapper.ItemMapper.selectBatchIds   : ==>  Preparing: SELECT id,name,price,stock,image,category,brand,spec,sold,comment_count,isAD,status,create_time,update_time,creater,updater FROM item WHERE id IN ( ? , ? )
11:51:08:882 DEBUG 90000 --- [http-nio-8081-exec-1] c.h.i.mapper.ItemMapper.selectBatchIds   : ==> Parameters: 100000006163(Long), 14741770661(Long)
11:51:08:889 DEBUG 90000 --- [http-nio-8081-exec-1] c.h.i.mapper.ItemMapper.selectBatchIds   : <==      Total: 2
11:51:09:172 DEBUG 90000 --- [http-nio-8081-exec-6] c.h.i.mapper.ItemMapper.selectBatchIds   : ==>  Preparing: SELECT id,name,price,stock,image,category,brand,spec,sold,comment_count,isAD,status,create_time,update_time,creater,updater FROM item WHERE id IN ( ? , ? )
11:51:09:174 DEBUG 90000 --- [http-nio-8081-exec-6] c.h.i.mapper.ItemMapper.selectBatchIds   : ==> Parameters: 100000006163(Long), 14741770661(Long)
11:51:09:182 DEBUG 90000 --- [http-nio-8081-exec-6] c.h.i.mapper.ItemMapper.selectBatchIds   : <==      Total: 2
11:51:09:700 DEBUG 90000 --- [http-nio-8081-exec-2] c.h.i.mapper.ItemMapper.selectBatchIds   : ==>  Preparing: SELECT id,name,price,stock,image,category,brand,spec,sold,comment_count,isAD,status,create_time,update_time,creater,updater FROM item WHERE id IN ( ? , ? )
11:51:09:702 DEBUG 90000 --- [http-nio-8081-exec-2] c.h.i.mapper.ItemMapper.selectBatchIds   : ==> Parameters: 100000006163(Long), 14741770661(Long)
11:51:09:706 DEBUG 90000 --- [http-nio-8081-exec-2] c.h.i.mapper.ItemMapper.selectBatchIds   : <==      Total: 2
11:51:10:496 DEBUG 90000 --- [http-nio-8081-exec-9] c.h.i.mapper.ItemMapper.selectBatchIds   : ==>  Preparing: SELECT id,name,price,stock,image,category,brand,spec,sold,comment_count,isAD,status,create_time,update_time,creater,updater FROM item WHERE id IN ( ? , ? )
11:51:10:499 DEBUG 90000 --- [http-nio-8081-exec-9] c.h.i.mapper.ItemMapper.selectBatchIds   : ==> Parameters: 100000006163(Long), 14741770661(Long)
11:51:10:514 DEBUG 90000 --- [http-nio-8081-exec-9] c.h.i.mapper.ItemMapper.selectBatchIds   : <==      Total: 2
11:51:10:878 DEBUG 90000 --- [http-nio-8081-exec-5] c.h.i.mapper.ItemMapper.selectBatchIds   : ==>  Preparing: SELECT id,name,price,stock,image,category,brand,spec,sold,comment_count,isAD,status,create_time,update_time,creater,updater FROM item WHERE id IN ( ? , ? )
11:51:10:880 DEBUG 90000 --- [http-nio-8081-exec-5] c.h.i.mapper.ItemMapper.selectBatchIds   : ==> Parameters: 100000006163(Long), 14741770661(Long)
11:51:10:886 DEBUG 90000 --- [http-nio-8081-exec-5] c.h.i.mapper.ItemMapper.selectBatchIds   : <==      Total: 2
11:51:11:519 DEBUG 90000 --- [http-nio-8081-exec-8] c.h.i.mapper.ItemMapper.selectBatchIds   : ==>  Preparing: SELECT id,name,price,stock,image,category,brand,spec,sold,comment_count,isAD,status,create_time,update_time,creater,updater FROM item WHERE id IN ( ? , ? )
11:51:11:520 DEBUG 90000 --- [http-nio-8081-exec-8] c.h.i.mapper.ItemMapper.selectBatchIds   : ==> Parameters: 100000006163(Long), 14741770661(Long)
11:51:11:525 DEBUG 90000 --- [http-nio-8081-exec-8] c.h.i.mapper.ItemMapper.selectBatchIds   : <==      Total: 2
11:51:12:090 DEBUG 90000 --- [http-nio-8081-exec-10] c.h.i.mapper.ItemMapper.selectBatchIds   : ==>  Preparing: SELECT id,name,price,stock,image,category,brand,spec,sold,comment_count,isAD,status,create_time,update_time,creater,updater FROM item WHERE id IN ( ? , ? )
11:51:12:091 DEBUG 90000 --- [http-nio-8081-exec-10] c.h.i.mapper.ItemMapper.selectBatchIds   : ==> Parameters: 100000006163(Long), 14741770661(Long)
11:51:12:098 DEBUG 90000 --- [http-nio-8081-exec-10] c.h.i.mapper.ItemMapper.selectBatchIds   : <==      Total: 2
11:51:12:368 DEBUG 90000 --- [http-nio-8081-exec-7] c.h.i.mapper.ItemMapper.selectBatchIds   : ==>  Preparing: SELECT id,name,price,stock,image,category,brand,spec,sold,comment_count,isAD,status,create_time,update_time,creater,updater FROM item WHERE id IN ( ? , ? )
11:51:12:369 DEBUG 90000 --- [http-nio-8081-exec-7] c.h.i.mapper.ItemMapper.selectBatchIds   : ==> Parameters: 100000006163(Long), 14741770661(Long)
11:51:12:373 DEBUG 90000 --- [http-nio-8081-exec-7] c.h.i.mapper.ItemMapper.selectBatchIds   : <==      Total: 2
11:51:12:740 DEBUG 90000 --- [http-nio-8081-exec-4] c.h.i.mapper.ItemMapper.selectBatchIds   : ==>  Preparing: SELECT id,name,price,stock,image,category,brand,spec,sold,comment_count,isAD,status,create_time,update_time,creater,updater FROM item WHERE id IN ( ? , ? )
11:51:12:741 DEBUG 90000 --- [http-nio-8081-exec-4] c.h.i.mapper.ItemMapper.selectBatchIds   : ==> Parameters: 100000006163(Long), 14741770661(Long)
11:51:12:745 DEBUG 90000 --- [http-nio-8081-exec-4] c.h.i.mapper.ItemMapper.selectBatchIds   : <==      Total: 2
11:51:12:935 DEBUG 90000 --- [http-nio-8081-exec-3] c.h.i.mapper.ItemMapper.selectBatchIds   : ==>  Preparing: SELECT id,name,price,stock,image,category,brand,spec,sold,comment_count,isAD,status,create_time,update_time,creater,updater FROM item WHERE id IN ( ? , ? )
11:51:12:936 DEBUG 90000 --- [http-nio-8081-exec-3] c.h.i.mapper.ItemMapper.selectBatchIds   : ==> Parameters: 100000006163(Long), 14741770661(Long)
11:51:12:946 DEBUG 90000 --- [http-nio-8081-exec-3] c.h.i.mapper.ItemMapper.selectBatchIds   : <==      Total: 2
11:51:13:199 DEBUG 90000 --- [http-nio-8081-exec-1] c.h.i.mapper.ItemMapper.selectBatchIds   : ==>  Preparing: SELECT id,name,price,stock,image,category,brand,spec,sold,comment_count,isAD,status,create_time,update_time,creater,updater FROM item WHERE id IN ( ? , ? )
11:51:13:200 DEBUG 90000 --- [http-nio-8081-exec-1] c.h.i.mapper.ItemMapper.selectBatchIds   : ==> Parameters: 100000006163(Long), 14741770661(Long)
11:51:13:206 DEBUG 90000 --- [http-nio-8081-exec-1] c.h.i.mapper.ItemMapper.selectBatchIds   : <==      Total: 2
11:51:13:366 DEBUG 90000 --- [http-nio-8081-exec-6] c.h.i.mapper.ItemMapper.selectBatchIds   : ==>  Preparing: SELECT id,name,price,stock,image,category,brand,spec,sold,comment_count,isAD,status,create_time,update_time,creater,updater FROM item WHERE id IN ( ? , ? )
11:51:13:367 DEBUG 90000 --- [http-nio-8081-exec-6] c.h.i.mapper.ItemMapper.selectBatchIds   : ==> Parameters: 100000006163(Long), 14741770661(Long)
11:51:13:374 DEBUG 90000 --- [http-nio-8081-exec-6] c.h.i.mapper.ItemMapper.selectBatchIds   : <==      Total: 2
11:58:29:247 DEBUG 90000 --- [http-nio-8081-exec-1] c.h.i.mapper.ItemMapper.selectBatchIds   : ==>  Preparing: SELECT id,name,price,stock,image,category,brand,spec,sold,comment_count,isAD,status,create_time,update_time,creater,updater FROM item WHERE id IN ( ? , ? )
11:58:29:248 DEBUG 90000 --- [http-nio-8081-exec-1] c.h.i.mapper.ItemMapper.selectBatchIds   : ==> Parameters: 100000006163(Long), 14741770661(Long)
11:58:29:255 DEBUG 90000 --- [http-nio-8081-exec-1] c.h.i.mapper.ItemMapper.selectBatchIds   : <==      Total: 2
11:58:29:775 DEBUG 90000 --- [http-nio-8081-exec-6] c.h.i.mapper.ItemMapper.selectBatchIds   : ==>  Preparing: SELECT id,name,price,stock,image,category,brand,spec,sold,comment_count,isAD,status,create_time,update_time,creater,updater FROM item WHERE id IN ( ? , ? )
11:58:29:776 DEBUG 90000 --- [http-nio-8081-exec-6] c.h.i.mapper.ItemMapper.selectBatchIds   : ==> Parameters: 100000006163(Long), 14741770661(Long)
11:58:29:779 DEBUG 90000 --- [http-nio-8081-exec-6] c.h.i.mapper.ItemMapper.selectBatchIds   : <==      Total: 2
11:58:31:346 DEBUG 90000 --- [http-nio-8081-exec-8] c.h.i.mapper.ItemMapper.selectBatchIds   : ==>  Preparing: SELECT id,name,price,stock,image,category,brand,spec,sold,comment_count,isAD,status,create_time,update_time,creater,updater FROM item WHERE id IN ( ? , ? )
11:58:31:346 DEBUG 90000 --- [http-nio-8081-exec-8] c.h.i.mapper.ItemMapper.selectBatchIds   : ==> Parameters: 100000006163(Long), 14741770661(Long)
11:58:31:349 DEBUG 90000 --- [http-nio-8081-exec-8] c.h.i.mapper.ItemMapper.selectBatchIds   : <==      Total: 2
11:58:32:276 DEBUG 90000 --- [http-nio-8081-exec-9] c.h.i.mapper.ItemMapper.selectBatchIds   : ==>  Preparing: SELECT id,name,price,stock,image,category,brand,spec,sold,comment_count,isAD,status,create_time,update_time,creater,updater FROM item WHERE id IN ( ? , ? )
11:58:32:277 DEBUG 90000 --- [http-nio-8081-exec-9] c.h.i.mapper.ItemMapper.selectBatchIds   : ==> Parameters: 100000006163(Long), 14741770661(Long)
11:58:32:280 DEBUG 90000 --- [http-nio-8081-exec-9] c.h.i.mapper.ItemMapper.selectBatchIds   : <==      Total: 2
11:58:34:611 DEBUG 90000 --- [http-nio-8081-exec-10] c.h.i.mapper.ItemMapper.selectBatchIds   : ==>  Preparing: SELECT id,name,price,stock,image,category,brand,spec,sold,comment_count,isAD,status,create_time,update_time,creater,updater FROM item WHERE id IN ( ? )
11:58:34:612 DEBUG 90000 --- [http-nio-8081-exec-10] c.h.i.mapper.ItemMapper.selectBatchIds   : ==> Parameters: 100000006163(Long)
11:58:34:614 DEBUG 90000 --- [http-nio-8081-exec-10] c.h.i.mapper.ItemMapper.selectBatchIds   : <==      Total: 1
11:58:36:393 DEBUG 90000 --- [http-nio-8081-exec-4] c.h.i.mapper.ItemMapper.selectBatchIds   : ==>  Preparing: SELECT id,name,price,stock,image,category,brand,spec,sold,comment_count,isAD,status,create_time,update_time,creater,updater FROM item WHERE id IN ( ? )
11:58:36:394 DEBUG 90000 --- [http-nio-8081-exec-4] c.h.i.mapper.ItemMapper.selectBatchIds   : ==> Parameters: 100000006163(Long)
11:58:36:398 DEBUG 90000 --- [http-nio-8081-exec-4] c.h.i.mapper.ItemMapper.selectBatchIds   : <==      Total: 1
11:58:37:393  WARN 90000 --- [http-nio-8081-exec-2] c.b.m.c.t.support.ReflectLambdaMeta      : Unable to make field private final java.lang.Class java.lang.invoke.SerializedLambda.capturingClass accessible: module java.base does not "opens java.lang.invoke" to unnamed module @5b6f7412
11:58:37:528 DEBUG 90000 --- [http-nio-8081-exec-2] c.h.i.m.ItemMapper.selectPage_mpCount    : ==>  Preparing: SELECT COUNT(*) AS total FROM item WHERE (status = ?)
11:58:37:529 DEBUG 90000 --- [http-nio-8081-exec-2] c.h.i.m.ItemMapper.selectPage_mpCount    : ==> Parameters: 1(Integer)
11:58:37:592 DEBUG 90000 --- [http-nio-8081-exec-2] c.h.i.m.ItemMapper.selectPage_mpCount    : <==      Total: 1
11:58:37:616 DEBUG 90000 --- [http-nio-8081-exec-2] c.h.item.mapper.ItemMapper.selectPage    : ==>  Preparing: SELECT id, name, price, stock, image, category, brand, spec, sold, comment_count, isAD, status, create_time, update_time, creater, updater FROM item WHERE (status = ?) ORDER BY update_time DESC LIMIT ?
11:58:37:616 DEBUG 90000 --- [http-nio-8081-exec-2] c.h.item.mapper.ItemMapper.selectPage    : ==> Parameters: 1(Integer), 20(Long)
11:58:37:642 DEBUG 90000 --- [http-nio-8081-exec-2] c.h.item.mapper.ItemMapper.selectPage    : <==      Total: 20
12:32:29:386 ERROR 90000 --- [nacos-grpc-client-executor-506] c.a.n.c.remote.client.grpc.GrpcClient    : [1781666377098_192.168.31.4_5199]Request stream error, switch server,error={}

com.alibaba.nacos.shaded.io.grpc.StatusRuntimeException: UNAVAILABLE: io exception
	at com.alibaba.nacos.shaded.io.grpc.Status.asRuntimeException(Status.java:533) ~[nacos-client-2.0.4.jar:na]
	at com.alibaba.nacos.shaded.io.grpc.stub.ClientCalls$StreamObserverToCallListenerAdapter.onClose(ClientCalls.java:442) ~[nacos-client-2.0.4.jar:na]
	at com.alibaba.nacos.shaded.io.grpc.PartialForwardingClientCallListener.onClose(PartialForwardingClientCallListener.java:39) ~[nacos-client-2.0.4.jar:na]
	at com.alibaba.nacos.shaded.io.grpc.ForwardingClientCallListener.onClose(ForwardingClientCallListener.java:23) ~[nacos-client-2.0.4.jar:na]
	at com.alibaba.nacos.shaded.io.grpc.ForwardingClientCallListener$SimpleForwardingClientCallListener.onClose(ForwardingClientCallListener.java:40) ~[nacos-client-2.0.4.jar:na]
	at com.alibaba.nacos.shaded.io.grpc.internal.CensusStatsModule$StatsClientInterceptor$1$1.onClose(CensusStatsModule.java:700) ~[nacos-client-2.0.4.jar:na]
	at com.alibaba.nacos.shaded.io.grpc.PartialForwardingClientCallListener.onClose(PartialForwardingClientCallListener.java:39) ~[nacos-client-2.0.4.jar:na]
	at com.alibaba.nacos.shaded.io.grpc.ForwardingClientCallListener.onClose(ForwardingClientCallListener.java:23) ~[nacos-client-2.0.4.jar:na]
	at com.alibaba.nacos.shaded.io.grpc.ForwardingClientCallListener$SimpleForwardingClientCallListener.onClose(ForwardingClientCallListener.java:40) ~[nacos-client-2.0.4.jar:na]
	at com.alibaba.nacos.shaded.io.grpc.internal.CensusTracingModule$TracingClientInterceptor$1$1.onClose(CensusTracingModule.java:399) ~[nacos-client-2.0.4.jar:na]
	at com.alibaba.nacos.shaded.io.grpc.internal.ClientCallImpl.closeObserver(ClientCallImpl.java:510) ~[nacos-client-2.0.4.jar:na]
	at com.alibaba.nacos.shaded.io.grpc.internal.ClientCallImpl.access$300(ClientCallImpl.java:66) ~[nacos-client-2.0.4.jar:na]
	at com.alibaba.nacos.shaded.io.grpc.internal.ClientCallImpl$ClientStreamListenerImpl.close(ClientCallImpl.java:630) ~[nacos-client-2.0.4.jar:na]
	at com.alibaba.nacos.shaded.io.grpc.internal.ClientCallImpl$ClientStreamListenerImpl.access$700(ClientCallImpl.java:518) ~[nacos-client-2.0.4.jar:na]
	at com.alibaba.nacos.shaded.io.grpc.internal.ClientCallImpl$ClientStreamListenerImpl$1StreamClosed.runInternal(ClientCallImpl.java:692) ~[nacos-client-2.0.4.jar:na]
	at com.alibaba.nacos.shaded.io.grpc.internal.ClientCallImpl$ClientStreamListenerImpl$1StreamClosed.runInContext(ClientCallImpl.java:681) ~[nacos-client-2.0.4.jar:na]
	at com.alibaba.nacos.shaded.io.grpc.internal.ContextRunnable.run(ContextRunnable.java:37) ~[nacos-client-2.0.4.jar:na]
	at com.alibaba.nacos.shaded.io.grpc.internal.SerializingExecutor.run(SerializingExecutor.java:123) ~[nacos-client-2.0.4.jar:na]
	at java.base/java.util.concurrent.ThreadPoolExecutor.runWorker(ThreadPoolExecutor.java:1136) ~[na:na]
	at java.base/java.util.concurrent.ThreadPoolExecutor$Worker.run(ThreadPoolExecutor.java:635) ~[na:na]
	at java.base/java.lang.Thread.run(Thread.java:833) ~[na:na]
Caused by: java.net.SocketException: Connection reset
	at java.base/sun.nio.ch.SocketChannelImpl.throwConnectionReset(SocketChannelImpl.java:394) ~[na:na]
	at java.base/sun.nio.ch.SocketChannelImpl.read(SocketChannelImpl.java:426) ~[na:na]
	at com.alibaba.nacos.shaded.io.grpc.netty.shaded.io.netty.buffer.PooledByteBuf.setBytes(PooledByteBuf.java:247) ~[nacos-client-2.0.4.jar:na]
	at com.alibaba.nacos.shaded.io.grpc.netty.shaded.io.netty.buffer.AbstractByteBuf.writeBytes(AbstractByteBuf.java:1140) ~[nacos-client-2.0.4.jar:na]
	at com.alibaba.nacos.shaded.io.grpc.netty.shaded.io.netty.channel.socket.nio.NioSocketChannel.doReadBytes(NioSocketChannel.java:347) ~[nacos-client-2.0.4.jar:na]
	at com.alibaba.nacos.shaded.io.grpc.netty.shaded.io.netty.channel.nio.AbstractNioByteChannel$NioByteUnsafe.read(AbstractNioByteChannel.java:148) ~[nacos-client-2.0.4.jar:na]
	at com.alibaba.nacos.shaded.io.grpc.netty.shaded.io.netty.channel.nio.NioEventLoop.processSelectedKey(NioEventLoop.java:697) ~[nacos-client-2.0.4.jar:na]
	at com.alibaba.nacos.shaded.io.grpc.netty.shaded.io.netty.channel.nio.NioEventLoop.processSelectedKeysOptimized(NioEventLoop.java:632) ~[nacos-client-2.0.4.jar:na]
	at com.alibaba.nacos.shaded.io.grpc.netty.shaded.io.netty.channel.nio.NioEventLoop.processSelectedKeys(NioEventLoop.java:549) ~[nacos-client-2.0.4.jar:na]
	at com.alibaba.nacos.shaded.io.grpc.netty.shaded.io.netty.channel.nio.NioEventLoop.run(NioEventLoop.java:511) ~[nacos-client-2.0.4.jar:na]
	at com.alibaba.nacos.shaded.io.grpc.netty.shaded.io.netty.util.concurrent.SingleThreadEventExecutor$5.run(SingleThreadEventExecutor.java:918) ~[nacos-client-2.0.4.jar:na]
	at com.alibaba.nacos.shaded.io.grpc.netty.shaded.io.netty.util.internal.ThreadExecutorMap$2.run(ThreadExecutorMap.java:74) ~[nacos-client-2.0.4.jar:na]
	at com.alibaba.nacos.shaded.io.grpc.netty.shaded.io.netty.util.concurrent.FastThreadLocalRunnable.run(FastThreadLocalRunnable.java:30) ~[nacos-client-2.0.4.jar:na]
	... 1 common frames omitted

12:32:29:391  INFO 90000 --- [com.alibaba.nacos.client.remote.worker] com.alibaba.nacos.common.remote.client   : [51b9458e-5840-4265-82ba-d597592a0094] Try to reconnect to a new server, server is  not appointed, will choose a random server.
12:32:32:396 ERROR 90000 --- [com.alibaba.nacos.client.remote.worker] c.a.n.c.remote.client.grpc.GrpcClient    : Server check fail, please check server 192.168.31.23 ,port 9848 is available , error ={}

java.util.concurrent.TimeoutException: Waited 3000 milliseconds (plus 163500 nanoseconds delay) for com.alibaba.nacos.shaded.io.grpc.stub.ClientCalls$GrpcFuture@18941cfe[status=PENDING, info=[GrpcFuture{clientCall={delegate={delegate=ClientCallImpl{method=MethodDescriptor{fullMethodName=Request/request, type=UNARY, idempotent=false, safe=false, sampledToLocalTracing=true, requestMarshaller=com.alibaba.nacos.shaded.io.grpc.protobuf.lite.ProtoLiteUtils$MessageMarshaller@3e933014, responseMarshaller=com.alibaba.nacos.shaded.io.grpc.protobuf.lite.ProtoLiteUtils$MessageMarshaller@2dbabc8f, schemaDescriptor=com.alibaba.nacos.api.grpc.auto.RequestGrpc$RequestMethodDescriptorSupplier@15f1362a}}}}}]]
	at com.alibaba.nacos.shaded.com.google.common.util.concurrent.AbstractFuture.get(AbstractFuture.java:508) ~[nacos-client-2.0.4.jar:na]
	at com.alibaba.nacos.common.remote.client.grpc.GrpcClient.serverCheck(GrpcClient.java:148) ~[nacos-client-2.0.4.jar:na]
	at com.alibaba.nacos.common.remote.client.grpc.GrpcClient.connectToServer(GrpcClient.java:264) ~[nacos-client-2.0.4.jar:na]
	at com.alibaba.nacos.common.remote.client.RpcClient.reconnect(RpcClient.java:522) ~[nacos-client-2.0.4.jar:na]
	at com.alibaba.nacos.common.remote.client.RpcClient.lambda$start$2(RpcClient.java:370) ~[nacos-client-2.0.4.jar:na]
	at java.base/java.util.concurrent.Executors$RunnableAdapter.call(Executors.java:539) ~[na:na]
	at java.base/java.util.concurrent.FutureTask.run$$$capture(FutureTask.java:264) ~[na:na]
	at java.base/java.util.concurrent.FutureTask.run(FutureTask.java) ~[na:na]
	at java.base/java.util.concurrent.ScheduledThreadPoolExecutor$ScheduledFutureTask.run(ScheduledThreadPoolExecutor.java:304) ~[na:na]
	at java.base/java.util.concurrent.ThreadPoolExecutor.runWorker(ThreadPoolExecutor.java:1136) ~[na:na]
	at java.base/java.util.concurrent.ThreadPoolExecutor$Worker.run(ThreadPoolExecutor.java:635) ~[na:na]
	at java.base/java.lang.Thread.run(Thread.java:833) ~[na:na]

12:32:35:508 ERROR 90000 --- [com.alibaba.nacos.client.remote.worker] c.a.n.c.remote.client.grpc.GrpcClient    : Server check fail, please check server 192.168.31.23 ,port 9848 is available , error ={}

java.util.concurrent.TimeoutException: Waited 3000 milliseconds (plus 378700 nanoseconds delay) for com.alibaba.nacos.shaded.io.grpc.stub.ClientCalls$GrpcFuture@4f91c6bb[status=PENDING, info=[GrpcFuture{clientCall={delegate={delegate=ClientCallImpl{method=MethodDescriptor{fullMethodName=Request/request, type=UNARY, idempotent=false, safe=false, sampledToLocalTracing=true, requestMarshaller=com.alibaba.nacos.shaded.io.grpc.protobuf.lite.ProtoLiteUtils$MessageMarshaller@3e933014, responseMarshaller=com.alibaba.nacos.shaded.io.grpc.protobuf.lite.ProtoLiteUtils$MessageMarshaller@2dbabc8f, schemaDescriptor=com.alibaba.nacos.api.grpc.auto.RequestGrpc$RequestMethodDescriptorSupplier@15f1362a}}}}}]]
	at com.alibaba.nacos.shaded.com.google.common.util.concurrent.AbstractFuture.get(AbstractFuture.java:508) ~[nacos-client-2.0.4.jar:na]
	at com.alibaba.nacos.common.remote.client.grpc.GrpcClient.serverCheck(GrpcClient.java:148) ~[nacos-client-2.0.4.jar:na]
	at com.alibaba.nacos.common.remote.client.grpc.GrpcClient.connectToServer(GrpcClient.java:264) ~[nacos-client-2.0.4.jar:na]
	at com.alibaba.nacos.common.remote.client.RpcClient.reconnect(RpcClient.java:522) ~[nacos-client-2.0.4.jar:na]
	at com.alibaba.nacos.common.remote.client.RpcClient.lambda$start$2(RpcClient.java:370) ~[nacos-client-2.0.4.jar:na]
	at java.base/java.util.concurrent.Executors$RunnableAdapter.call(Executors.java:539) ~[na:na]
	at java.base/java.util.concurrent.FutureTask.run$$$capture(FutureTask.java:264) ~[na:na]
	at java.base/java.util.concurrent.FutureTask.run(FutureTask.java) ~[na:na]
	at java.base/java.util.concurrent.ScheduledThreadPoolExecutor$ScheduledFutureTask.run(ScheduledThreadPoolExecutor.java:304) ~[na:na]
	at java.base/java.util.concurrent.ThreadPoolExecutor.runWorker(ThreadPoolExecutor.java:1136) ~[na:na]
	at java.base/java.util.concurrent.ThreadPoolExecutor$Worker.run(ThreadPoolExecutor.java:635) ~[na:na]
	at java.base/java.lang.Thread.run(Thread.java:833) ~[na:na]

12:32:35:509  INFO 90000 --- [com.alibaba.nacos.client.remote.worker] com.alibaba.nacos.common.remote.client   : [51b9458e-5840-4265-82ba-d597592a0094] Fail to connect server, after trying 1 times, last try server is {serverIp = '192.168.31.23', server main port = 8848}, error = unknown
12:32:38:714 ERROR 90000 --- [com.alibaba.nacos.client.remote.worker] c.a.n.c.remote.client.grpc.GrpcClient    : Server check fail, please check server 192.168.31.23 ,port 9848 is available , error ={}

java.util.concurrent.TimeoutException: Waited 3000 milliseconds (plus 517800 nanoseconds delay) for com.alibaba.nacos.shaded.io.grpc.stub.ClientCalls$GrpcFuture@183358ce[status=PENDING, info=[GrpcFuture{clientCall={delegate={delegate=ClientCallImpl{method=MethodDescriptor{fullMethodName=Request/request, type=UNARY, idempotent=false, safe=false, sampledToLocalTracing=true, requestMarshaller=com.alibaba.nacos.shaded.io.grpc.protobuf.lite.ProtoLiteUtils$MessageMarshaller@3e933014, responseMarshaller=com.alibaba.nacos.shaded.io.grpc.protobuf.lite.ProtoLiteUtils$MessageMarshaller@2dbabc8f, schemaDescriptor=com.alibaba.nacos.api.grpc.auto.RequestGrpc$RequestMethodDescriptorSupplier@15f1362a}}}}}]]
	at com.alibaba.nacos.shaded.com.google.common.util.concurrent.AbstractFuture.get(AbstractFuture.java:508) ~[nacos-client-2.0.4.jar:na]
	at com.alibaba.nacos.common.remote.client.grpc.GrpcClient.serverCheck(GrpcClient.java:148) ~[nacos-client-2.0.4.jar:na]
	at com.alibaba.nacos.common.remote.client.grpc.GrpcClient.connectToServer(GrpcClient.java:264) ~[nacos-client-2.0.4.jar:na]
	at com.alibaba.nacos.common.remote.client.RpcClient.reconnect(RpcClient.java:522) ~[nacos-client-2.0.4.jar:na]
	at com.alibaba.nacos.common.remote.client.RpcClient.lambda$start$2(RpcClient.java:370) ~[nacos-client-2.0.4.jar:na]
	at java.base/java.util.concurrent.Executors$RunnableAdapter.call(Executors.java:539) ~[na:na]
	at java.base/java.util.concurrent.FutureTask.run$$$capture(FutureTask.java:264) ~[na:na]
	at java.base/java.util.concurrent.FutureTask.run(FutureTask.java) ~[na:na]
	at java.base/java.util.concurrent.ScheduledThreadPoolExecutor$ScheduledFutureTask.run(ScheduledThreadPoolExecutor.java:304) ~[na:na]
	at java.base/java.util.concurrent.ThreadPoolExecutor.runWorker(ThreadPoolExecutor.java:1136) ~[na:na]
	at java.base/java.util.concurrent.ThreadPoolExecutor$Worker.run(ThreadPoolExecutor.java:635) ~[na:na]
	at java.base/java.lang.Thread.run(Thread.java:833) ~[na:na]

12:32:38:715  INFO 90000 --- [com.alibaba.nacos.client.remote.worker] com.alibaba.nacos.common.remote.client   : [51b9458e-5840-4265-82ba-d597592a0094] Fail to connect server, after trying 2 times, last try server is {serverIp = '192.168.31.23', server main port = 8848}, error = unknown
12:32:42:020 ERROR 90000 --- [com.alibaba.nacos.client.remote.worker] c.a.n.c.remote.client.grpc.GrpcClient    : Server check fail, please check server 192.168.31.23 ,port 9848 is available , error ={}

java.util.concurrent.TimeoutException: Waited 3000 milliseconds (plus 2 milliseconds, 77300 nanoseconds delay) for com.alibaba.nacos.shaded.io.grpc.stub.ClientCalls$GrpcFuture@219ac7bc[status=PENDING, info=[GrpcFuture{clientCall={delegate={delegate=ClientCallImpl{method=MethodDescriptor{fullMethodName=Request/request, type=UNARY, idempotent=false, safe=false, sampledToLocalTracing=true, requestMarshaller=com.alibaba.nacos.shaded.io.grpc.protobuf.lite.ProtoLiteUtils$MessageMarshaller@3e933014, responseMarshaller=com.alibaba.nacos.shaded.io.grpc.protobuf.lite.ProtoLiteUtils$MessageMarshaller@2dbabc8f, schemaDescriptor=com.alibaba.nacos.api.grpc.auto.RequestGrpc$RequestMethodDescriptorSupplier@15f1362a}}}}}]]
	at com.alibaba.nacos.shaded.com.google.common.util.concurrent.AbstractFuture.get(AbstractFuture.java:508) ~[nacos-client-2.0.4.jar:na]
	at com.alibaba.nacos.common.remote.client.grpc.GrpcClient.serverCheck(GrpcClient.java:148) ~[nacos-client-2.0.4.jar:na]
	at com.alibaba.nacos.common.remote.client.grpc.GrpcClient.connectToServer(GrpcClient.java:264) ~[nacos-client-2.0.4.jar:na]
	at com.alibaba.nacos.common.remote.client.RpcClient.reconnect(RpcClient.java:522) ~[nacos-client-2.0.4.jar:na]
	at com.alibaba.nacos.common.remote.client.RpcClient.lambda$start$2(RpcClient.java:370) ~[nacos-client-2.0.4.jar:na]
	at java.base/java.util.concurrent.Executors$RunnableAdapter.call(Executors.java:539) ~[na:na]
	at java.base/java.util.concurrent.FutureTask.run$$$capture(FutureTask.java:264) ~[na:na]
	at java.base/java.util.concurrent.FutureTask.run(FutureTask.java) ~[na:na]
	at java.base/java.util.concurrent.ScheduledThreadPoolExecutor$ScheduledFutureTask.run(ScheduledThreadPoolExecutor.java:304) ~[na:na]
	at java.base/java.util.concurrent.ThreadPoolExecutor.runWorker(ThreadPoolExecutor.java:1136) ~[na:na]
	at java.base/java.util.concurrent.ThreadPoolExecutor$Worker.run(ThreadPoolExecutor.java:635) ~[na:na]
	at java.base/java.lang.Thread.run(Thread.java:833) ~[na:na]

12:32:42:021  INFO 90000 --- [com.alibaba.nacos.client.remote.worker] com.alibaba.nacos.common.remote.client   : [51b9458e-5840-4265-82ba-d597592a0094] Fail to connect server, after trying 3 times, last try server is {serverIp = '192.168.31.23', server main port = 8848}, error = unknown
12:32:45:425 ERROR 90000 --- [com.alibaba.nacos.client.remote.worker] c.a.n.c.remote.client.grpc.GrpcClient    : Server check fail, please check server 192.168.31.23 ,port 9848 is available , error ={}

java.util.concurrent.TimeoutException: Waited 3000 milliseconds (plus 986000 nanoseconds delay) for com.alibaba.nacos.shaded.io.grpc.stub.ClientCalls$GrpcFuture@c0e89f3[status=PENDING, info=[GrpcFuture{clientCall={delegate={delegate=ClientCallImpl{method=MethodDescriptor{fullMethodName=Request/request, type=UNARY, idempotent=false, safe=false, sampledToLocalTracing=true, requestMarshaller=com.alibaba.nacos.shaded.io.grpc.protobuf.lite.ProtoLiteUtils$MessageMarshaller@3e933014, responseMarshaller=com.alibaba.nacos.shaded.io.grpc.protobuf.lite.ProtoLiteUtils$MessageMarshaller@2dbabc8f, schemaDescriptor=com.alibaba.nacos.api.grpc.auto.RequestGrpc$RequestMethodDescriptorSupplier@15f1362a}}}}}]]
	at com.alibaba.nacos.shaded.com.google.common.util.concurrent.AbstractFuture.get(AbstractFuture.java:508) ~[nacos-client-2.0.4.jar:na]
	at com.alibaba.nacos.common.remote.client.grpc.GrpcClient.serverCheck(GrpcClient.java:148) ~[nacos-client-2.0.4.jar:na]
	at com.alibaba.nacos.common.remote.client.grpc.GrpcClient.connectToServer(GrpcClient.java:264) ~[nacos-client-2.0.4.jar:na]
	at com.alibaba.nacos.common.remote.client.RpcClient.reconnect(RpcClient.java:522) ~[nacos-client-2.0.4.jar:na]
	at com.alibaba.nacos.common.remote.client.RpcClient.lambda$start$2(RpcClient.java:370) ~[nacos-client-2.0.4.jar:na]
	at java.base/java.util.concurrent.Executors$RunnableAdapter.call(Executors.java:539) ~[na:na]
	at java.base/java.util.concurrent.FutureTask.run$$$capture(FutureTask.java:264) ~[na:na]
	at java.base/java.util.concurrent.FutureTask.run(FutureTask.java) ~[na:na]
	at java.base/java.util.concurrent.ScheduledThreadPoolExecutor$ScheduledFutureTask.run(ScheduledThreadPoolExecutor.java:304) ~[na:na]
	at java.base/java.util.concurrent.ThreadPoolExecutor.runWorker(ThreadPoolExecutor.java:1136) ~[na:na]
	at java.base/java.util.concurrent.ThreadPoolExecutor$Worker.run(ThreadPoolExecutor.java:635) ~[na:na]
	at java.base/java.lang.Thread.run(Thread.java:833) ~[na:na]

12:32:45:426  INFO 90000 --- [com.alibaba.nacos.client.remote.worker] com.alibaba.nacos.common.remote.client   : [51b9458e-5840-4265-82ba-d597592a0094] Fail to connect server, after trying 4 times, last try server is {serverIp = '192.168.31.23', server main port = 8848}, error = unknown
12:32:48:928 ERROR 90000 --- [com.alibaba.nacos.client.remote.worker] c.a.n.c.remote.client.grpc.GrpcClient    : Server check fail, please check server 192.168.31.23 ,port 9848 is available , error ={}

java.util.concurrent.TimeoutException: Waited 3000 milliseconds (plus 18200 nanoseconds delay) for com.alibaba.nacos.shaded.io.grpc.stub.ClientCalls$GrpcFuture@590d3221[status=PENDING, info=[GrpcFuture{clientCall={delegate={delegate=ClientCallImpl{method=MethodDescriptor{fullMethodName=Request/request, type=UNARY, idempotent=false, safe=false, sampledToLocalTracing=true, requestMarshaller=com.alibaba.nacos.shaded.io.grpc.protobuf.lite.ProtoLiteUtils$MessageMarshaller@3e933014, responseMarshaller=com.alibaba.nacos.shaded.io.grpc.protobuf.lite.ProtoLiteUtils$MessageMarshaller@2dbabc8f, schemaDescriptor=com.alibaba.nacos.api.grpc.auto.RequestGrpc$RequestMethodDescriptorSupplier@15f1362a}}}}}]]
	at com.alibaba.nacos.shaded.com.google.common.util.concurrent.AbstractFuture.get(AbstractFuture.java:508) ~[nacos-client-2.0.4.jar:na]
	at com.alibaba.nacos.common.remote.client.grpc.GrpcClient.serverCheck(GrpcClient.java:148) ~[nacos-client-2.0.4.jar:na]
	at com.alibaba.nacos.common.remote.client.grpc.GrpcClient.connectToServer(GrpcClient.java:264) ~[nacos-client-2.0.4.jar:na]
	at com.alibaba.nacos.common.remote.client.RpcClient.reconnect(RpcClient.java:522) ~[nacos-client-2.0.4.jar:na]
	at com.alibaba.nacos.common.remote.client.RpcClient.lambda$start$2(RpcClient.java:370) ~[nacos-client-2.0.4.jar:na]
	at java.base/java.util.concurrent.Executors$RunnableAdapter.call(Executors.java:539) ~[na:na]
	at java.base/java.util.concurrent.FutureTask.run$$$capture(FutureTask.java:264) ~[na:na]
	at java.base/java.util.concurrent.FutureTask.run(FutureTask.java) ~[na:na]
	at java.base/java.util.concurrent.ScheduledThreadPoolExecutor$ScheduledFutureTask.run(ScheduledThreadPoolExecutor.java:304) ~[na:na]
	at java.base/java.util.concurrent.ThreadPoolExecutor.runWorker(ThreadPoolExecutor.java:1136) ~[na:na]
	at java.base/java.util.concurrent.ThreadPoolExecutor$Worker.run(ThreadPoolExecutor.java:635) ~[na:na]
	at java.base/java.lang.Thread.run(Thread.java:833) ~[na:na]

12:32:48:929  INFO 90000 --- [com.alibaba.nacos.client.remote.worker] com.alibaba.nacos.common.remote.client   : [51b9458e-5840-4265-82ba-d597592a0094] Fail to connect server, after trying 5 times, last try server is {serverIp = '192.168.31.23', server main port = 8848}, error = unknown
12:32:52:533 ERROR 90000 --- [com.alibaba.nacos.client.remote.worker] c.a.n.c.remote.client.grpc.GrpcClient    : Server check fail, please check server 192.168.31.23 ,port 9848 is available , error ={}

java.util.concurrent.TimeoutException: Waited 3000 milliseconds (plus 888800 nanoseconds delay) for com.alibaba.nacos.shaded.io.grpc.stub.ClientCalls$GrpcFuture@4872aa46[status=PENDING, info=[GrpcFuture{clientCall={delegate={delegate=ClientCallImpl{method=MethodDescriptor{fullMethodName=Request/request, type=UNARY, idempotent=false, safe=false, sampledToLocalTracing=true, requestMarshaller=com.alibaba.nacos.shaded.io.grpc.protobuf.lite.ProtoLiteUtils$MessageMarshaller@3e933014, responseMarshaller=com.alibaba.nacos.shaded.io.grpc.protobuf.lite.ProtoLiteUtils$MessageMarshaller@2dbabc8f, schemaDescriptor=com.alibaba.nacos.api.grpc.auto.RequestGrpc$RequestMethodDescriptorSupplier@15f1362a}}}}}]]
	at com.alibaba.nacos.shaded.com.google.common.util.concurrent.AbstractFuture.get(AbstractFuture.java:508) ~[nacos-client-2.0.4.jar:na]
	at com.alibaba.nacos.common.remote.client.grpc.GrpcClient.serverCheck(GrpcClient.java:148) ~[nacos-client-2.0.4.jar:na]
	at com.alibaba.nacos.common.remote.client.grpc.GrpcClient.connectToServer(GrpcClient.java:264) ~[nacos-client-2.0.4.jar:na]
	at com.alibaba.nacos.common.remote.client.RpcClient.reconnect(RpcClient.java:522) ~[nacos-client-2.0.4.jar:na]
	at com.alibaba.nacos.common.remote.client.RpcClient.lambda$start$2(RpcClient.java:370) ~[nacos-client-2.0.4.jar:na]
	at java.base/java.util.concurrent.Executors$RunnableAdapter.call(Executors.java:539) ~[na:na]
	at java.base/java.util.concurrent.FutureTask.run$$$capture(FutureTask.java:264) ~[na:na]
	at java.base/java.util.concurrent.FutureTask.run(FutureTask.java) ~[na:na]
	at java.base/java.util.concurrent.ScheduledThreadPoolExecutor$ScheduledFutureTask.run(ScheduledThreadPoolExecutor.java:304) ~[na:na]
	at java.base/java.util.concurrent.ThreadPoolExecutor.runWorker(ThreadPoolExecutor.java:1136) ~[na:na]
	at java.base/java.util.concurrent.ThreadPoolExecutor$Worker.run(ThreadPoolExecutor.java:635) ~[na:na]
	at java.base/java.lang.Thread.run(Thread.java:833) ~[na:na]

12:32:52:534  INFO 90000 --- [com.alibaba.nacos.client.remote.worker] com.alibaba.nacos.common.remote.client   : [51b9458e-5840-4265-82ba-d597592a0094] Fail to connect server, after trying 6 times, last try server is {serverIp = '192.168.31.23', server main port = 8848}, error = unknown
12:32:54:793  WARN 90000 --- [HikariPool-1 housekeeper] com.zaxxer.hikari.pool.HikariPool        : HikariPool-1 - Thread starvation or clock leap detected (housekeeper delta=31m56s869ms808µs200ns).
12:32:56:238 ERROR 90000 --- [com.alibaba.nacos.client.remote.worker] c.a.n.c.remote.client.grpc.GrpcClient    : Server check fail, please check server 192.168.31.23 ,port 9848 is available , error ={}

java.util.concurrent.TimeoutException: Waited 3000 milliseconds (plus 1 milliseconds, 527500 nanoseconds delay) for com.alibaba.nacos.shaded.io.grpc.stub.ClientCalls$GrpcFuture@101d6768[status=PENDING, info=[GrpcFuture{clientCall={delegate={delegate=ClientCallImpl{method=MethodDescriptor{fullMethodName=Request/request, type=UNARY, idempotent=false, safe=false, sampledToLocalTracing=true, requestMarshaller=com.alibaba.nacos.shaded.io.grpc.protobuf.lite.ProtoLiteUtils$MessageMarshaller@3e933014, responseMarshaller=com.alibaba.nacos.shaded.io.grpc.protobuf.lite.ProtoLiteUtils$MessageMarshaller@2dbabc8f, schemaDescriptor=com.alibaba.nacos.api.grpc.auto.RequestGrpc$RequestMethodDescriptorSupplier@15f1362a}}}}}]]
	at com.alibaba.nacos.shaded.com.google.common.util.concurrent.AbstractFuture.get(AbstractFuture.java:508) ~[nacos-client-2.0.4.jar:na]
	at com.alibaba.nacos.common.remote.client.grpc.GrpcClient.serverCheck(GrpcClient.java:148) ~[nacos-client-2.0.4.jar:na]
	at com.alibaba.nacos.common.remote.client.grpc.GrpcClient.connectToServer(GrpcClient.java:264) ~[nacos-client-2.0.4.jar:na]
	at com.alibaba.nacos.common.remote.client.RpcClient.reconnect(RpcClient.java:522) ~[nacos-client-2.0.4.jar:na]
	at com.alibaba.nacos.common.remote.client.RpcClient.lambda$start$2(RpcClient.java:370) ~[nacos-client-2.0.4.jar:na]
	at java.base/java.util.concurrent.Executors$RunnableAdapter.call(Executors.java:539) ~[na:na]
	at java.base/java.util.concurrent.FutureTask.run$$$capture(FutureTask.java:264) ~[na:na]
	at java.base/java.util.concurrent.FutureTask.run(FutureTask.java) ~[na:na]
	at java.base/java.util.concurrent.ScheduledThreadPoolExecutor$ScheduledFutureTask.run(ScheduledThreadPoolExecutor.java:304) ~[na:na]
	at java.base/java.util.concurrent.ThreadPoolExecutor.runWorker(ThreadPoolExecutor.java:1136) ~[na:na]
	at java.base/java.util.concurrent.ThreadPoolExecutor$Worker.run(ThreadPoolExecutor.java:635) ~[na:na]
	at java.base/java.lang.Thread.run(Thread.java:833) ~[na:na]

12:32:56:240  INFO 90000 --- [com.alibaba.nacos.client.remote.worker] com.alibaba.nacos.common.remote.client   : [51b9458e-5840-4265-82ba-d597592a0094] Fail to connect server, after trying 7 times, last try server is {serverIp = '192.168.31.23', server main port = 8848}, error = unknown
12:33:00:044 ERROR 90000 --- [com.alibaba.nacos.client.remote.worker] c.a.n.c.remote.client.grpc.GrpcClient    : Server check fail, please check server 192.168.31.23 ,port 9848 is available , error ={}

java.util.concurrent.TimeoutException: Waited 3000 milliseconds (plus 309100 nanoseconds delay) for com.alibaba.nacos.shaded.io.grpc.stub.ClientCalls$GrpcFuture@63be2ce1[status=PENDING, info=[GrpcFuture{clientCall={delegate={delegate=ClientCallImpl{method=MethodDescriptor{fullMethodName=Request/request, type=UNARY, idempotent=false, safe=false, sampledToLocalTracing=true, requestMarshaller=com.alibaba.nacos.shaded.io.grpc.protobuf.lite.ProtoLiteUtils$MessageMarshaller@3e933014, responseMarshaller=com.alibaba.nacos.shaded.io.grpc.protobuf.lite.ProtoLiteUtils$MessageMarshaller@2dbabc8f, schemaDescriptor=com.alibaba.nacos.api.grpc.auto.RequestGrpc$RequestMethodDescriptorSupplier@15f1362a}}}}}]]
	at com.alibaba.nacos.shaded.com.google.common.util.concurrent.AbstractFuture.get(AbstractFuture.java:508) ~[nacos-client-2.0.4.jar:na]
	at com.alibaba.nacos.common.remote.client.grpc.GrpcClient.serverCheck(GrpcClient.java:148) ~[nacos-client-2.0.4.jar:na]
	at com.alibaba.nacos.common.remote.client.grpc.GrpcClient.connectToServer(GrpcClient.java:264) ~[nacos-client-2.0.4.jar:na]
	at com.alibaba.nacos.common.remote.client.RpcClient.reconnect(RpcClient.java:522) ~[nacos-client-2.0.4.jar:na]
	at com.alibaba.nacos.common.remote.client.RpcClient.lambda$start$2(RpcClient.java:370) ~[nacos-client-2.0.4.jar:na]
	at java.base/java.util.concurrent.Executors$RunnableAdapter.call(Executors.java:539) ~[na:na]
	at java.base/java.util.concurrent.FutureTask.run$$$capture(FutureTask.java:264) ~[na:na]
	at java.base/java.util.concurrent.FutureTask.run(FutureTask.java) ~[na:na]
	at java.base/java.util.concurrent.ScheduledThreadPoolExecutor$ScheduledFutureTask.run(ScheduledThreadPoolExecutor.java:304) ~[na:na]
	at java.base/java.util.concurrent.ThreadPoolExecutor.runWorker(ThreadPoolExecutor.java:1136) ~[na:na]
	at java.base/java.util.concurrent.ThreadPoolExecutor$Worker.run(ThreadPoolExecutor.java:635) ~[na:na]
	at java.base/java.lang.Thread.run(Thread.java:833) ~[na:na]

12:33:00:045  INFO 90000 --- [com.alibaba.nacos.client.remote.worker] com.alibaba.nacos.common.remote.client   : [51b9458e-5840-4265-82ba-d597592a0094] Fail to connect server, after trying 8 times, last try server is {serverIp = '192.168.31.23', server main port = 8848}, error = unknown
12:33:03:950 ERROR 90000 --- [com.alibaba.nacos.client.remote.worker] c.a.n.c.remote.client.grpc.GrpcClient    : Server check fail, please check server 192.168.31.23 ,port 9848 is available , error ={}

java.util.concurrent.TimeoutException: Waited 3000 milliseconds (plus 660900 nanoseconds delay) for com.alibaba.nacos.shaded.io.grpc.stub.ClientCalls$GrpcFuture@6b6109d3[status=PENDING, info=[GrpcFuture{clientCall={delegate={delegate=ClientCallImpl{method=MethodDescriptor{fullMethodName=Request/request, type=UNARY, idempotent=false, safe=false, sampledToLocalTracing=true, requestMarshaller=com.alibaba.nacos.shaded.io.grpc.protobuf.lite.ProtoLiteUtils$MessageMarshaller@3e933014, responseMarshaller=com.alibaba.nacos.shaded.io.grpc.protobuf.lite.ProtoLiteUtils$MessageMarshaller@2dbabc8f, schemaDescriptor=com.alibaba.nacos.api.grpc.auto.RequestGrpc$RequestMethodDescriptorSupplier@15f1362a}}}}}]]
	at com.alibaba.nacos.shaded.com.google.common.util.concurrent.AbstractFuture.get(AbstractFuture.java:508) ~[nacos-client-2.0.4.jar:na]
	at com.alibaba.nacos.common.remote.client.grpc.GrpcClient.serverCheck(GrpcClient.java:148) ~[nacos-client-2.0.4.jar:na]
	at com.alibaba.nacos.common.remote.client.grpc.GrpcClient.connectToServer(GrpcClient.java:264) ~[nacos-client-2.0.4.jar:na]
	at com.alibaba.nacos.common.remote.client.RpcClient.reconnect(RpcClient.java:522) ~[nacos-client-2.0.4.jar:na]
	at com.alibaba.nacos.common.remote.client.RpcClient.lambda$start$2(RpcClient.java:370) ~[nacos-client-2.0.4.jar:na]
	at java.base/java.util.concurrent.Executors$RunnableAdapter.call(Executors.java:539) ~[na:na]
	at java.base/java.util.concurrent.FutureTask.run$$$capture(FutureTask.java:264) ~[na:na]
	at java.base/java.util.concurrent.FutureTask.run(FutureTask.java) ~[na:na]
	at java.base/java.util.concurrent.ScheduledThreadPoolExecutor$ScheduledFutureTask.run(ScheduledThreadPoolExecutor.java:304) ~[na:na]
	at java.base/java.util.concurrent.ThreadPoolExecutor.runWorker(ThreadPoolExecutor.java:1136) ~[na:na]
	at java.base/java.util.concurrent.ThreadPoolExecutor$Worker.run(ThreadPoolExecutor.java:635) ~[na:na]
	at java.base/java.lang.Thread.run(Thread.java:833) ~[na:na]

12:33:03:952  INFO 90000 --- [com.alibaba.nacos.client.remote.worker] com.alibaba.nacos.common.remote.client   : [51b9458e-5840-4265-82ba-d597592a0094] Fail to connect server, after trying 9 times, last try server is {serverIp = '192.168.31.23', server main port = 8848}, error = unknown
12:33:05:904 ERROR 90000 --- [com.alibaba.nacos.client.naming.updater.3] com.alibaba.nacos.common.remote.client   : Send request fail, request = ServiceQueryRequest{headers={app=unknown}, requestId='null'}, retryTimes = 0, errorMessage = Client not connected, current status:UNHEALTHY
12:33:06:004 ERROR 90000 --- [com.alibaba.nacos.client.naming.updater.3] com.alibaba.nacos.common.remote.client   : Send request fail, request = ServiceQueryRequest{headers={app=unknown}, requestId='null'}, retryTimes = 1, errorMessage = Client not connected, current status:UNHEALTHY
12:33:06:109 ERROR 90000 --- [com.alibaba.nacos.client.naming.updater.3] com.alibaba.nacos.common.remote.client   : Send request fail, request = ServiceQueryRequest{headers={app=unknown}, requestId='null'}, retryTimes = 2, errorMessage = Client not connected, current status:UNHEALTHY
12:33:07:970 ERROR 90000 --- [com.alibaba.nacos.client.remote.worker] c.a.n.c.remote.client.grpc.GrpcClient    : Server check fail, please check server 192.168.31.23 ,port 9848 is available , error ={}

java.util.concurrent.TimeoutException: Waited 3000 milliseconds (plus 1 milliseconds, 726800 nanoseconds delay) for com.alibaba.nacos.shaded.io.grpc.stub.ClientCalls$GrpcFuture@237f6d73[status=PENDING, info=[GrpcFuture{clientCall={delegate={delegate=ClientCallImpl{method=MethodDescriptor{fullMethodName=Request/request, type=UNARY, idempotent=false, safe=false, sampledToLocalTracing=true, requestMarshaller=com.alibaba.nacos.shaded.io.grpc.protobuf.lite.ProtoLiteUtils$MessageMarshaller@3e933014, responseMarshaller=com.alibaba.nacos.shaded.io.grpc.protobuf.lite.ProtoLiteUtils$MessageMarshaller@2dbabc8f, schemaDescriptor=com.alibaba.nacos.api.grpc.auto.RequestGrpc$RequestMethodDescriptorSupplier@15f1362a}}}}}]]
	at com.alibaba.nacos.shaded.com.google.common.util.concurrent.AbstractFuture.get(AbstractFuture.java:508) ~[nacos-client-2.0.4.jar:na]
	at com.alibaba.nacos.common.remote.client.grpc.GrpcClient.serverCheck(GrpcClient.java:148) ~[nacos-client-2.0.4.jar:na]
	at com.alibaba.nacos.common.remote.client.grpc.GrpcClient.connectToServer(GrpcClient.java:264) ~[nacos-client-2.0.4.jar:na]
	at com.alibaba.nacos.common.remote.client.RpcClient.reconnect(RpcClient.java:522) ~[nacos-client-2.0.4.jar:na]
	at com.alibaba.nacos.common.remote.client.RpcClient.lambda$start$2(RpcClient.java:370) ~[nacos-client-2.0.4.jar:na]
	at java.base/java.util.concurrent.Executors$RunnableAdapter.call(Executors.java:539) ~[na:na]
	at java.base/java.util.concurrent.FutureTask.run$$$capture(FutureTask.java:264) ~[na:na]
	at java.base/java.util.concurrent.FutureTask.run(FutureTask.java) ~[na:na]
	at java.base/java.util.concurrent.ScheduledThreadPoolExecutor$ScheduledFutureTask.run(ScheduledThreadPoolExecutor.java:304) ~[na:na]
	at java.base/java.util.concurrent.ThreadPoolExecutor.runWorker(ThreadPoolExecutor.java:1136) ~[na:na]
	at java.base/java.util.concurrent.ThreadPoolExecutor$Worker.run(ThreadPoolExecutor.java:635) ~[na:na]
	at java.base/java.lang.Thread.run(Thread.java:833) ~[na:na]

12:33:07:973  INFO 90000 --- [com.alibaba.nacos.client.remote.worker] com.alibaba.nacos.common.remote.client   : [51b9458e-5840-4265-82ba-d597592a0094] Fail to connect server, after trying 10 times, last try server is {serverIp = '192.168.31.23', server main port = 8848}, error = unknown
12:33:08:228 ERROR 90000 --- [com.alibaba.nacos.client.naming.updater.3] com.alibaba.nacos.common.remote.client   : Send request fail, request = ServiceQueryRequest{headers={app=unknown}, requestId='null'}, retryTimes = 0, errorMessage = Client not connected, current status:UNHEALTHY
12:33:08:331 ERROR 90000 --- [com.alibaba.nacos.client.naming.updater.3] com.alibaba.nacos.common.remote.client   : Send request fail, request = ServiceQueryRequest{headers={app=unknown}, requestId='null'}, retryTimes = 1, errorMessage = Client not connected, current status:UNHEALTHY
12:33:08:431 ERROR 90000 --- [com.alibaba.nacos.client.naming.updater.3] com.alibaba.nacos.common.remote.client   : Send request fail, request = ServiceQueryRequest{headers={app=unknown}, requestId='null'}, retryTimes = 2, errorMessage = Client not connected, current status:UNHEALTHY
12:33:12:077 ERROR 90000 --- [com.alibaba.nacos.client.remote.worker] c.a.n.c.remote.client.grpc.GrpcClient    : Server check fail, please check server 192.168.31.23 ,port 9848 is available , error ={}

java.util.concurrent.TimeoutException: Waited 3000 milliseconds (plus 687600 nanoseconds delay) for com.alibaba.nacos.shaded.io.grpc.stub.ClientCalls$GrpcFuture@5d7f7e41[status=PENDING, info=[GrpcFuture{clientCall={delegate={delegate=ClientCallImpl{method=MethodDescriptor{fullMethodName=Request/request, type=UNARY, idempotent=false, safe=false, sampledToLocalTracing=true, requestMarshaller=com.alibaba.nacos.shaded.io.grpc.protobuf.lite.ProtoLiteUtils$MessageMarshaller@3e933014, responseMarshaller=com.alibaba.nacos.shaded.io.grpc.protobuf.lite.ProtoLiteUtils$MessageMarshaller@2dbabc8f, schemaDescriptor=com.alibaba.nacos.api.grpc.auto.RequestGrpc$RequestMethodDescriptorSupplier@15f1362a}}}}}]]
	at com.alibaba.nacos.shaded.com.google.common.util.concurrent.AbstractFuture.get(AbstractFuture.java:508) ~[nacos-client-2.0.4.jar:na]
	at com.alibaba.nacos.common.remote.client.grpc.GrpcClient.serverCheck(GrpcClient.java:148) ~[nacos-client-2.0.4.jar:na]
	at com.alibaba.nacos.common.remote.client.grpc.GrpcClient.connectToServer(GrpcClient.java:264) ~[nacos-client-2.0.4.jar:na]
	at com.alibaba.nacos.common.remote.client.RpcClient.reconnect(RpcClient.java:522) ~[nacos-client-2.0.4.jar:na]
	at com.alibaba.nacos.common.remote.client.RpcClient.lambda$start$2(RpcClient.java:370) ~[nacos-client-2.0.4.jar:na]
	at java.base/java.util.concurrent.Executors$RunnableAdapter.call(Executors.java:539) ~[na:na]
	at java.base/java.util.concurrent.FutureTask.run$$$capture(FutureTask.java:264) ~[na:na]
	at java.base/java.util.concurrent.FutureTask.run(FutureTask.java) ~[na:na]
	at java.base/java.util.concurrent.ScheduledThreadPoolExecutor$ScheduledFutureTask.run(ScheduledThreadPoolExecutor.java:304) ~[na:na]
	at java.base/java.util.concurrent.ThreadPoolExecutor.runWorker(ThreadPoolExecutor.java:1136) ~[na:na]
	at java.base/java.util.concurrent.ThreadPoolExecutor$Worker.run(ThreadPoolExecutor.java:635) ~[na:na]
	at java.base/java.lang.Thread.run(Thread.java:833) ~[na:na]

12:33:12:079  INFO 90000 --- [com.alibaba.nacos.client.remote.worker] com.alibaba.nacos.common.remote.client   : [51b9458e-5840-4265-82ba-d597592a0094] Fail to connect server, after trying 11 times, last try server is {serverIp = '192.168.31.23', server main port = 8848}, error = unknown
12:33:12:535 ERROR 90000 --- [com.alibaba.nacos.client.naming.updater.6] com.alibaba.nacos.common.remote.client   : Send request fail, request = ServiceQueryRequest{headers={app=unknown}, requestId='null'}, retryTimes = 0, errorMessage = Client not connected, current status:UNHEALTHY
12:33:12:636 ERROR 90000 --- [com.alibaba.nacos.client.naming.updater.6] com.alibaba.nacos.common.remote.client   : Send request fail, request = ServiceQueryRequest{headers={app=unknown}, requestId='null'}, retryTimes = 1, errorMessage = Client not connected, current status:UNHEALTHY
12:33:12:737 ERROR 90000 --- [com.alibaba.nacos.client.naming.updater.6] com.alibaba.nacos.common.remote.client   : Send request fail, request = ServiceQueryRequest{headers={app=unknown}, requestId='null'}, retryTimes = 2, errorMessage = Client not connected, current status:UNHEALTHY
12:33:16:282 ERROR 90000 --- [com.alibaba.nacos.client.remote.worker] c.a.n.c.remote.client.grpc.GrpcClient    : Server check fail, please check server 192.168.31.23 ,port 9848 is available , error ={}

java.util.concurrent.TimeoutException: Waited 3000 milliseconds (plus 878700 nanoseconds delay) for com.alibaba.nacos.shaded.io.grpc.stub.ClientCalls$GrpcFuture@6087c8aa[status=PENDING, info=[GrpcFuture{clientCall={delegate={delegate=ClientCallImpl{method=MethodDescriptor{fullMethodName=Request/request, type=UNARY, idempotent=false, safe=false, sampledToLocalTracing=true, requestMarshaller=com.alibaba.nacos.shaded.io.grpc.protobuf.lite.ProtoLiteUtils$MessageMarshaller@3e933014, responseMarshaller=com.alibaba.nacos.shaded.io.grpc.protobuf.lite.ProtoLiteUtils$MessageMarshaller@2dbabc8f, schemaDescriptor=com.alibaba.nacos.api.grpc.auto.RequestGrpc$RequestMethodDescriptorSupplier@15f1362a}}}}}]]
	at com.alibaba.nacos.shaded.com.google.common.util.concurrent.AbstractFuture.get(AbstractFuture.java:508) ~[nacos-client-2.0.4.jar:na]
	at com.alibaba.nacos.common.remote.client.grpc.GrpcClient.serverCheck(GrpcClient.java:148) ~[nacos-client-2.0.4.jar:na]
	at com.alibaba.nacos.common.remote.client.grpc.GrpcClient.connectToServer(GrpcClient.java:264) ~[nacos-client-2.0.4.jar:na]
	at com.alibaba.nacos.common.remote.client.RpcClient.reconnect(RpcClient.java:522) ~[nacos-client-2.0.4.jar:na]
	at com.alibaba.nacos.common.remote.client.RpcClient.lambda$start$2(RpcClient.java:370) ~[nacos-client-2.0.4.jar:na]
	at java.base/java.util.concurrent.Executors$RunnableAdapter.call(Executors.java:539) ~[na:na]
	at java.base/java.util.concurrent.FutureTask.run$$$capture(FutureTask.java:264) ~[na:na]
	at java.base/java.util.concurrent.FutureTask.run(FutureTask.java) ~[na:na]
	at java.base/java.util.concurrent.ScheduledThreadPoolExecutor$ScheduledFutureTask.run(ScheduledThreadPoolExecutor.java:304) ~[na:na]
	at java.base/java.util.concurrent.ThreadPoolExecutor.runWorker(ThreadPoolExecutor.java:1136) ~[na:na]
	at java.base/java.util.concurrent.ThreadPoolExecutor$Worker.run(ThreadPoolExecutor.java:635) ~[na:na]
	at java.base/java.lang.Thread.run(Thread.java:833) ~[na:na]

12:33:16:283  INFO 90000 --- [com.alibaba.nacos.client.remote.worker] com.alibaba.nacos.common.remote.client   : [51b9458e-5840-4265-82ba-d597592a0094] Fail to connect server, after trying 12 times, last try server is {serverIp = '192.168.31.23', server main port = 8848}, error = unknown
12:33:20:587 ERROR 90000 --- [com.alibaba.nacos.client.remote.worker] c.a.n.c.remote.client.grpc.GrpcClient    : Server check fail, please check server 192.168.31.23 ,port 9848 is available , error ={}

java.util.concurrent.TimeoutException: Waited 3000 milliseconds (plus 609800 nanoseconds delay) for com.alibaba.nacos.shaded.io.grpc.stub.ClientCalls$GrpcFuture@7caf4120[status=PENDING, info=[GrpcFuture{clientCall={delegate={delegate=ClientCallImpl{method=MethodDescriptor{fullMethodName=Request/request, type=UNARY, idempotent=false, safe=false, sampledToLocalTracing=true, requestMarshaller=com.alibaba.nacos.shaded.io.grpc.protobuf.lite.ProtoLiteUtils$MessageMarshaller@3e933014, responseMarshaller=com.alibaba.nacos.shaded.io.grpc.protobuf.lite.ProtoLiteUtils$MessageMarshaller@2dbabc8f, schemaDescriptor=com.alibaba.nacos.api.grpc.auto.RequestGrpc$RequestMethodDescriptorSupplier@15f1362a}}}}}]]
	at com.alibaba.nacos.shaded.com.google.common.util.concurrent.AbstractFuture.get(AbstractFuture.java:508) ~[nacos-client-2.0.4.jar:na]
	at com.alibaba.nacos.common.remote.client.grpc.GrpcClient.serverCheck(GrpcClient.java:148) ~[nacos-client-2.0.4.jar:na]
	at com.alibaba.nacos.common.remote.client.grpc.GrpcClient.connectToServer(GrpcClient.java:264) ~[nacos-client-2.0.4.jar:na]
	at com.alibaba.nacos.common.remote.client.RpcClient.reconnect(RpcClient.java:522) ~[nacos-client-2.0.4.jar:na]
	at com.alibaba.nacos.common.remote.client.RpcClient.lambda$start$2(RpcClient.java:370) ~[nacos-client-2.0.4.jar:na]
	at java.base/java.util.concurrent.Executors$RunnableAdapter.call(Executors.java:539) ~[na:na]
	at java.base/java.util.concurrent.FutureTask.run$$$capture(FutureTask.java:264) ~[na:na]
	at java.base/java.util.concurrent.FutureTask.run(FutureTask.java) ~[na:na]
	at java.base/java.util.concurrent.ScheduledThreadPoolExecutor$ScheduledFutureTask.run(ScheduledThreadPoolExecutor.java:304) ~[na:na]
	at java.base/java.util.concurrent.ThreadPoolExecutor.runWorker(ThreadPoolExecutor.java:1136) ~[na:na]
	at java.base/java.util.concurrent.ThreadPoolExecutor$Worker.run(ThreadPoolExecutor.java:635) ~[na:na]
	at java.base/java.lang.Thread.run(Thread.java:833) ~[na:na]

12:33:20:589  INFO 90000 --- [com.alibaba.nacos.client.remote.worker] com.alibaba.nacos.common.remote.client   : [51b9458e-5840-4265-82ba-d597592a0094] Fail to connect server, after trying 13 times, last try server is {serverIp = '192.168.31.23', server main port = 8848}, error = unknown
12:33:20:840 ERROR 90000 --- [com.alibaba.nacos.client.naming.updater.6] com.alibaba.nacos.common.remote.client   : Send request fail, request = ServiceQueryRequest{headers={app=unknown}, requestId='null'}, retryTimes = 0, errorMessage = Client not connected, current status:UNHEALTHY
12:33:20:941 ERROR 90000 --- [com.alibaba.nacos.client.naming.updater.6] com.alibaba.nacos.common.remote.client   : Send request fail, request = ServiceQueryRequest{headers={app=unknown}, requestId='null'}, retryTimes = 1, errorMessage = Client not connected, current status:UNHEALTHY
12:33:21:043 ERROR 90000 --- [com.alibaba.nacos.client.naming.updater.6] com.alibaba.nacos.common.remote.client   : Send request fail, request = ServiceQueryRequest{headers={app=unknown}, requestId='null'}, retryTimes = 2, errorMessage = Client not connected, current status:UNHEALTHY
12:33:24:991 ERROR 90000 --- [com.alibaba.nacos.client.remote.worker] c.a.n.c.remote.client.grpc.GrpcClient    : Server check fail, please check server 192.168.31.23 ,port 9848 is available , error ={}

java.util.concurrent.TimeoutException: Waited 3000 milliseconds (plus 117400 nanoseconds delay) for com.alibaba.nacos.shaded.io.grpc.stub.ClientCalls$GrpcFuture@7016e0b2[status=PENDING, info=[GrpcFuture{clientCall={delegate={delegate=ClientCallImpl{method=MethodDescriptor{fullMethodName=Request/request, type=UNARY, idempotent=false, safe=false, sampledToLocalTracing=true, requestMarshaller=com.alibaba.nacos.shaded.io.grpc.protobuf.lite.ProtoLiteUtils$MessageMarshaller@3e933014, responseMarshaller=com.alibaba.nacos.shaded.io.grpc.protobuf.lite.ProtoLiteUtils$MessageMarshaller@2dbabc8f, schemaDescriptor=com.alibaba.nacos.api.grpc.auto.RequestGrpc$RequestMethodDescriptorSupplier@15f1362a}}}}}]]
	at com.alibaba.nacos.shaded.com.google.common.util.concurrent.AbstractFuture.get(AbstractFuture.java:508) ~[nacos-client-2.0.4.jar:na]
	at com.alibaba.nacos.common.remote.client.grpc.GrpcClient.serverCheck(GrpcClient.java:148) ~[nacos-client-2.0.4.jar:na]
	at com.alibaba.nacos.common.remote.client.grpc.GrpcClient.connectToServer(GrpcClient.java:264) ~[nacos-client-2.0.4.jar:na]
	at com.alibaba.nacos.common.remote.client.RpcClient.reconnect(RpcClient.java:522) ~[nacos-client-2.0.4.jar:na]
	at com.alibaba.nacos.common.remote.client.RpcClient.lambda$start$2(RpcClient.java:370) ~[nacos-client-2.0.4.jar:na]
	at java.base/java.util.concurrent.Executors$RunnableAdapter.call(Executors.java:539) ~[na:na]
	at java.base/java.util.concurrent.FutureTask.run$$$capture(FutureTask.java:264) ~[na:na]
	at java.base/java.util.concurrent.FutureTask.run(FutureTask.java) ~[na:na]
	at java.base/java.util.concurrent.ScheduledThreadPoolExecutor$ScheduledFutureTask.run(ScheduledThreadPoolExecutor.java:304) ~[na:na]
	at java.base/java.util.concurrent.ThreadPoolExecutor.runWorker(ThreadPoolExecutor.java:1136) ~[na:na]
	at java.base/java.util.concurrent.ThreadPoolExecutor$Worker.run(ThreadPoolExecutor.java:635) ~[na:na]
	at java.base/java.lang.Thread.run(Thread.java:833) ~[na:na]

12:33:24:992  INFO 90000 --- [com.alibaba.nacos.client.remote.worker] com.alibaba.nacos.common.remote.client   : [51b9458e-5840-4265-82ba-d597592a0094] Fail to connect server, after trying 14 times, last try server is {serverIp = '192.168.31.23', server main port = 8848}, error = unknown
12:33:29:495 ERROR 90000 --- [com.alibaba.nacos.client.remote.worker] c.a.n.c.remote.client.grpc.GrpcClient    : Server check fail, please check server 192.168.31.23 ,port 9848 is available , error ={}

java.util.concurrent.TimeoutException: Waited 3000 milliseconds (plus 598500 nanoseconds delay) for com.alibaba.nacos.shaded.io.grpc.stub.ClientCalls$GrpcFuture@321fa14d[status=PENDING, info=[GrpcFuture{clientCall={delegate={delegate=ClientCallImpl{method=MethodDescriptor{fullMethodName=Request/request, type=UNARY, idempotent=false, safe=false, sampledToLocalTracing=true, requestMarshaller=com.alibaba.nacos.shaded.io.grpc.protobuf.lite.ProtoLiteUtils$MessageMarshaller@3e933014, responseMarshaller=com.alibaba.nacos.shaded.io.grpc.protobuf.lite.ProtoLiteUtils$MessageMarshaller@2dbabc8f, schemaDescriptor=com.alibaba.nacos.api.grpc.auto.RequestGrpc$RequestMethodDescriptorSupplier@15f1362a}}}}}]]
	at com.alibaba.nacos.shaded.com.google.common.util.concurrent.AbstractFuture.get(AbstractFuture.java:508) ~[nacos-client-2.0.4.jar:na]
	at com.alibaba.nacos.common.remote.client.grpc.GrpcClient.serverCheck(GrpcClient.java:148) ~[nacos-client-2.0.4.jar:na]
	at com.alibaba.nacos.common.remote.client.grpc.GrpcClient.connectToServer(GrpcClient.java:264) ~[nacos-client-2.0.4.jar:na]
	at com.alibaba.nacos.common.remote.client.RpcClient.reconnect(RpcClient.java:522) ~[nacos-client-2.0.4.jar:na]
	at com.alibaba.nacos.common.remote.client.RpcClient.lambda$start$2(RpcClient.java:370) ~[nacos-client-2.0.4.jar:na]
	at java.base/java.util.concurrent.Executors$RunnableAdapter.call(Executors.java:539) ~[na:na]
	at java.base/java.util.concurrent.FutureTask.run$$$capture(FutureTask.java:264) ~[na:na]
	at java.base/java.util.concurrent.FutureTask.run(FutureTask.java) ~[na:na]
	at java.base/java.util.concurrent.ScheduledThreadPoolExecutor$ScheduledFutureTask.run(ScheduledThreadPoolExecutor.java:304) ~[na:na]
	at java.base/java.util.concurrent.ThreadPoolExecutor.runWorker(ThreadPoolExecutor.java:1136) ~[na:na]
	at java.base/java.util.concurrent.ThreadPoolExecutor$Worker.run(ThreadPoolExecutor.java:635) ~[na:na]
	at java.base/java.lang.Thread.run(Thread.java:833) ~[na:na]

12:33:29:496  INFO 90000 --- [com.alibaba.nacos.client.remote.worker] com.alibaba.nacos.common.remote.client   : [51b9458e-5840-4265-82ba-d597592a0094] Fail to connect server, after trying 15 times, last try server is {serverIp = '192.168.31.23', server main port = 8848}, error = unknown
12:33:34:099 ERROR 90000 --- [com.alibaba.nacos.client.remote.worker] c.a.n.c.remote.client.grpc.GrpcClient    : Server check fail, please check server 192.168.31.23 ,port 9848 is available , error ={}

java.util.concurrent.TimeoutException: Waited 3000 milliseconds (plus 499200 nanoseconds delay) for com.alibaba.nacos.shaded.io.grpc.stub.ClientCalls$GrpcFuture@45e79147[status=PENDING, info=[GrpcFuture{clientCall={delegate={delegate=ClientCallImpl{method=MethodDescriptor{fullMethodName=Request/request, type=UNARY, idempotent=false, safe=false, sampledToLocalTracing=true, requestMarshaller=com.alibaba.nacos.shaded.io.grpc.protobuf.lite.ProtoLiteUtils$MessageMarshaller@3e933014, responseMarshaller=com.alibaba.nacos.shaded.io.grpc.protobuf.lite.ProtoLiteUtils$MessageMarshaller@2dbabc8f, schemaDescriptor=com.alibaba.nacos.api.grpc.auto.RequestGrpc$RequestMethodDescriptorSupplier@15f1362a}}}}}]]
	at com.alibaba.nacos.shaded.com.google.common.util.concurrent.AbstractFuture.get(AbstractFuture.java:508) ~[nacos-client-2.0.4.jar:na]
	at com.alibaba.nacos.common.remote.client.grpc.GrpcClient.serverCheck(GrpcClient.java:148) ~[nacos-client-2.0.4.jar:na]
	at com.alibaba.nacos.common.remote.client.grpc.GrpcClient.connectToServer(GrpcClient.java:264) ~[nacos-client-2.0.4.jar:na]
	at com.alibaba.nacos.common.remote.client.RpcClient.reconnect(RpcClient.java:522) ~[nacos-client-2.0.4.jar:na]
	at com.alibaba.nacos.common.remote.client.RpcClient.lambda$start$2(RpcClient.java:370) ~[nacos-client-2.0.4.jar:na]
	at java.base/java.util.concurrent.Executors$RunnableAdapter.call(Executors.java:539) ~[na:na]
	at java.base/java.util.concurrent.FutureTask.run$$$capture(FutureTask.java:264) ~[na:na]
	at java.base/java.util.concurrent.FutureTask.run(FutureTask.java) ~[na:na]
	at java.base/java.util.concurrent.ScheduledThreadPoolExecutor$ScheduledFutureTask.run(ScheduledThreadPoolExecutor.java:304) ~[na:na]
	at java.base/java.util.concurrent.ThreadPoolExecutor.runWorker(ThreadPoolExecutor.java:1136) ~[na:na]
	at java.base/java.util.concurrent.ThreadPoolExecutor$Worker.run(ThreadPoolExecutor.java:635) ~[na:na]
	at java.base/java.lang.Thread.run(Thread.java:833) ~[na:na]

12:33:34:100  INFO 90000 --- [com.alibaba.nacos.client.remote.worker] com.alibaba.nacos.common.remote.client   : [51b9458e-5840-4265-82ba-d597592a0094] Fail to connect server, after trying 16 times, last try server is {serverIp = '192.168.31.23', server main port = 8848}, error = unknown
12:33:37:145 ERROR 90000 --- [com.alibaba.nacos.client.naming.updater.4] com.alibaba.nacos.common.remote.client   : Send request fail, request = ServiceQueryRequest{headers={app=unknown}, requestId='null'}, retryTimes = 0, errorMessage = Client not connected, current status:UNHEALTHY
12:33:37:245 ERROR 90000 --- [com.alibaba.nacos.client.naming.updater.4] com.alibaba.nacos.common.remote.client   : Send request fail, request = ServiceQueryRequest{headers={app=unknown}, requestId='null'}, retryTimes = 1, errorMessage = Client not connected, current status:UNHEALTHY
12:33:37:348 ERROR 90000 --- [com.alibaba.nacos.client.naming.updater.4] com.alibaba.nacos.common.remote.client   : Send request fail, request = ServiceQueryRequest{headers={app=unknown}, requestId='null'}, retryTimes = 2, errorMessage = Client not connected, current status:UNHEALTHY
12:33:38:803 ERROR 90000 --- [com.alibaba.nacos.client.remote.worker] c.a.n.c.remote.client.grpc.GrpcClient    : Server check fail, please check server 192.168.31.23 ,port 9848 is available , error ={}

java.util.concurrent.TimeoutException: Waited 3000 milliseconds (plus 1 milliseconds, 21000 nanoseconds delay) for com.alibaba.nacos.shaded.io.grpc.stub.ClientCalls$GrpcFuture@5586bb1a[status=PENDING, info=[GrpcFuture{clientCall={delegate={delegate=ClientCallImpl{method=MethodDescriptor{fullMethodName=Request/request, type=UNARY, idempotent=false, safe=false, sampledToLocalTracing=true, requestMarshaller=com.alibaba.nacos.shaded.io.grpc.protobuf.lite.ProtoLiteUtils$MessageMarshaller@3e933014, responseMarshaller=com.alibaba.nacos.shaded.io.grpc.protobuf.lite.ProtoLiteUtils$MessageMarshaller@2dbabc8f, schemaDescriptor=com.alibaba.nacos.api.grpc.auto.RequestGrpc$RequestMethodDescriptorSupplier@15f1362a}}}}}]]
	at com.alibaba.nacos.shaded.com.google.common.util.concurrent.AbstractFuture.get(AbstractFuture.java:508) ~[nacos-client-2.0.4.jar:na]
	at com.alibaba.nacos.common.remote.client.grpc.GrpcClient.serverCheck(GrpcClient.java:148) ~[nacos-client-2.0.4.jar:na]
	at com.alibaba.nacos.common.remote.client.grpc.GrpcClient.connectToServer(GrpcClient.java:264) ~[nacos-client-2.0.4.jar:na]
	at com.alibaba.nacos.common.remote.client.RpcClient.reconnect(RpcClient.java:522) ~[nacos-client-2.0.4.jar:na]
	at com.alibaba.nacos.common.remote.client.RpcClient.lambda$start$2(RpcClient.java:370) ~[nacos-client-2.0.4.jar:na]
	at java.base/java.util.concurrent.Executors$RunnableAdapter.call(Executors.java:539) ~[na:na]
	at java.base/java.util.concurrent.FutureTask.run$$$capture(FutureTask.java:264) ~[na:na]
	at java.base/java.util.concurrent.FutureTask.run(FutureTask.java) ~[na:na]
	at java.base/java.util.concurrent.ScheduledThreadPoolExecutor$ScheduledFutureTask.run(ScheduledThreadPoolExecutor.java:304) ~[na:na]
	at java.base/java.util.concurrent.ThreadPoolExecutor.runWorker(ThreadPoolExecutor.java:1136) ~[na:na]
	at java.base/java.util.concurrent.ThreadPoolExecutor$Worker.run(ThreadPoolExecutor.java:635) ~[na:na]
	at java.base/java.lang.Thread.run(Thread.java:833) ~[na:na]

12:33:38:805  INFO 90000 --- [com.alibaba.nacos.client.remote.worker] com.alibaba.nacos.common.remote.client   : [51b9458e-5840-4265-82ba-d597592a0094] Fail to connect server, after trying 17 times, last try server is {serverIp = '192.168.31.23', server main port = 8848}, error = unknown
12:33:43:608 ERROR 90000 --- [com.alibaba.nacos.client.remote.worker] c.a.n.c.remote.client.grpc.GrpcClient    : Server check fail, please check server 192.168.31.23 ,port 9848 is available , error ={}

java.util.concurrent.TimeoutException: Waited 3000 milliseconds (plus 330600 nanoseconds delay) for com.alibaba.nacos.shaded.io.grpc.stub.ClientCalls$GrpcFuture@af6a662[status=PENDING, info=[GrpcFuture{clientCall={delegate={delegate=ClientCallImpl{method=MethodDescriptor{fullMethodName=Request/request, type=UNARY, idempotent=false, safe=false, sampledToLocalTracing=true, requestMarshaller=com.alibaba.nacos.shaded.io.grpc.protobuf.lite.ProtoLiteUtils$MessageMarshaller@3e933014, responseMarshaller=com.alibaba.nacos.shaded.io.grpc.protobuf.lite.ProtoLiteUtils$MessageMarshaller@2dbabc8f, schemaDescriptor=com.alibaba.nacos.api.grpc.auto.RequestGrpc$RequestMethodDescriptorSupplier@15f1362a}}}}}]]
	at com.alibaba.nacos.shaded.com.google.common.util.concurrent.AbstractFuture.get(AbstractFuture.java:508) ~[nacos-client-2.0.4.jar:na]
	at com.alibaba.nacos.common.remote.client.grpc.GrpcClient.serverCheck(GrpcClient.java:148) ~[nacos-client-2.0.4.jar:na]
	at com.alibaba.nacos.common.remote.client.grpc.GrpcClient.connectToServer(GrpcClient.java:264) ~[nacos-client-2.0.4.jar:na]
	at com.alibaba.nacos.common.remote.client.RpcClient.reconnect(RpcClient.java:522) ~[nacos-client-2.0.4.jar:na]
	at com.alibaba.nacos.common.remote.client.RpcClient.lambda$start$2(RpcClient.java:370) ~[nacos-client-2.0.4.jar:na]
	at java.base/java.util.concurrent.Executors$RunnableAdapter.call(Executors.java:539) ~[na:na]
	at java.base/java.util.concurrent.FutureTask.run$$$capture(FutureTask.java:264) ~[na:na]
	at java.base/java.util.concurrent.FutureTask.run(FutureTask.java) ~[na:na]
	at java.base/java.util.concurrent.ScheduledThreadPoolExecutor$ScheduledFutureTask.run(ScheduledThreadPoolExecutor.java:304) ~[na:na]
	at java.base/java.util.concurrent.ThreadPoolExecutor.runWorker(ThreadPoolExecutor.java:1136) ~[na:na]
	at java.base/java.util.concurrent.ThreadPoolExecutor$Worker.run(ThreadPoolExecutor.java:635) ~[na:na]
	at java.base/java.lang.Thread.run(Thread.java:833) ~[na:na]

12:33:43:610  INFO 90000 --- [com.alibaba.nacos.client.remote.worker] com.alibaba.nacos.common.remote.client   : [51b9458e-5840-4265-82ba-d597592a0094] Fail to connect server, after trying 18 times, last try server is {serverIp = '192.168.31.23', server main port = 8848}, error = unknown
12:33:48:512 ERROR 90000 --- [com.alibaba.nacos.client.remote.worker] c.a.n.c.remote.client.grpc.GrpcClient    : Server check fail, please check server 192.168.31.23 ,port 9848 is available , error ={}

java.util.concurrent.TimeoutException: Waited 3000 milliseconds (plus 1 milliseconds, 265300 nanoseconds delay) for com.alibaba.nacos.shaded.io.grpc.stub.ClientCalls$GrpcFuture@22ab25aa[status=PENDING, info=[GrpcFuture{clientCall={delegate={delegate=ClientCallImpl{method=MethodDescriptor{fullMethodName=Request/request, type=UNARY, idempotent=false, safe=false, sampledToLocalTracing=true, requestMarshaller=com.alibaba.nacos.shaded.io.grpc.protobuf.lite.ProtoLiteUtils$MessageMarshaller@3e933014, responseMarshaller=com.alibaba.nacos.shaded.io.grpc.protobuf.lite.ProtoLiteUtils$MessageMarshaller@2dbabc8f, schemaDescriptor=com.alibaba.nacos.api.grpc.auto.RequestGrpc$RequestMethodDescriptorSupplier@15f1362a}}}}}]]
	at com.alibaba.nacos.shaded.com.google.common.util.concurrent.AbstractFuture.get(AbstractFuture.java:508) ~[nacos-client-2.0.4.jar:na]
	at com.alibaba.nacos.common.remote.client.grpc.GrpcClient.serverCheck(GrpcClient.java:148) ~[nacos-client-2.0.4.jar:na]
	at com.alibaba.nacos.common.remote.client.grpc.GrpcClient.connectToServer(GrpcClient.java:264) ~[nacos-client-2.0.4.jar:na]
	at com.alibaba.nacos.common.remote.client.RpcClient.reconnect(RpcClient.java:522) ~[nacos-client-2.0.4.jar:na]
	at com.alibaba.nacos.common.remote.client.RpcClient.lambda$start$2(RpcClient.java:370) ~[nacos-client-2.0.4.jar:na]
	at java.base/java.util.concurrent.Executors$RunnableAdapter.call(Executors.java:539) ~[na:na]
	at java.base/java.util.concurrent.FutureTask.run$$$capture(FutureTask.java:264) ~[na:na]
	at java.base/java.util.concurrent.FutureTask.run(FutureTask.java) ~[na:na]
	at java.base/java.util.concurrent.ScheduledThreadPoolExecutor$ScheduledFutureTask.run(ScheduledThreadPoolExecutor.java:304) ~[na:na]
	at java.base/java.util.concurrent.ThreadPoolExecutor.runWorker(ThreadPoolExecutor.java:1136) ~[na:na]
	at java.base/java.util.concurrent.ThreadPoolExecutor$Worker.run(ThreadPoolExecutor.java:635) ~[na:na]
	at java.base/java.lang.Thread.run(Thread.java:833) ~[na:na]

12:33:48:513  INFO 90000 --- [com.alibaba.nacos.client.remote.worker] com.alibaba.nacos.common.remote.client   : [51b9458e-5840-4265-82ba-d597592a0094] Fail to connect server, after trying 19 times, last try server is {serverIp = '192.168.31.23', server main port = 8848}, error = unknown
12:33:53:516 ERROR 90000 --- [com.alibaba.nacos.client.remote.worker] c.a.n.c.remote.client.grpc.GrpcClient    : Server check fail, please check server 192.168.31.23 ,port 9848 is available , error ={}

java.util.concurrent.TimeoutException: Waited 3000 milliseconds (plus 655800 nanoseconds delay) for com.alibaba.nacos.shaded.io.grpc.stub.ClientCalls$GrpcFuture@22cfe789[status=PENDING, info=[GrpcFuture{clientCall={delegate={delegate=ClientCallImpl{method=MethodDescriptor{fullMethodName=Request/request, type=UNARY, idempotent=false, safe=false, sampledToLocalTracing=true, requestMarshaller=com.alibaba.nacos.shaded.io.grpc.protobuf.lite.ProtoLiteUtils$MessageMarshaller@3e933014, responseMarshaller=com.alibaba.nacos.shaded.io.grpc.protobuf.lite.ProtoLiteUtils$MessageMarshaller@2dbabc8f, schemaDescriptor=com.alibaba.nacos.api.grpc.auto.RequestGrpc$RequestMethodDescriptorSupplier@15f1362a}}}}}]]
	at com.alibaba.nacos.shaded.com.google.common.util.concurrent.AbstractFuture.get(AbstractFuture.java:508) ~[nacos-client-2.0.4.jar:na]
	at com.alibaba.nacos.common.remote.client.grpc.GrpcClient.serverCheck(GrpcClient.java:148) ~[nacos-client-2.0.4.jar:na]
	at com.alibaba.nacos.common.remote.client.grpc.GrpcClient.connectToServer(GrpcClient.java:264) ~[nacos-client-2.0.4.jar:na]
	at com.alibaba.nacos.common.remote.client.RpcClient.reconnect(RpcClient.java:522) ~[nacos-client-2.0.4.jar:na]
	at com.alibaba.nacos.common.remote.client.RpcClient.lambda$start$2(RpcClient.java:370) ~[nacos-client-2.0.4.jar:na]
	at java.base/java.util.concurrent.Executors$RunnableAdapter.call(Executors.java:539) ~[na:na]
	at java.base/java.util.concurrent.FutureTask.run$$$capture(FutureTask.java:264) ~[na:na]
	at java.base/java.util.concurrent.FutureTask.run(FutureTask.java) ~[na:na]
	at java.base/java.util.concurrent.ScheduledThreadPoolExecutor$ScheduledFutureTask.run(ScheduledThreadPoolExecutor.java:304) ~[na:na]
	at java.base/java.util.concurrent.ThreadPoolExecutor.runWorker(ThreadPoolExecutor.java:1136) ~[na:na]
	at java.base/java.util.concurrent.ThreadPoolExecutor$Worker.run(ThreadPoolExecutor.java:635) ~[na:na]
	at java.base/java.lang.Thread.run(Thread.java:833) ~[na:na]

12:33:53:517  INFO 90000 --- [com.alibaba.nacos.client.remote.worker] com.alibaba.nacos.common.remote.client   : [51b9458e-5840-4265-82ba-d597592a0094] Fail to connect server, after trying 20 times, last try server is {serverIp = '192.168.31.23', server main port = 8848}, error = unknown
12:33:58:620 ERROR 90000 --- [com.alibaba.nacos.client.remote.worker] c.a.n.c.remote.client.grpc.GrpcClient    : Server check fail, please check server 192.168.31.23 ,port 9848 is available , error ={}

java.util.concurrent.TimeoutException: Waited 3000 milliseconds (plus 91400 nanoseconds delay) for com.alibaba.nacos.shaded.io.grpc.stub.ClientCalls$GrpcFuture@14c6a17c[status=PENDING, info=[GrpcFuture{clientCall={delegate={delegate=ClientCallImpl{method=MethodDescriptor{fullMethodName=Request/request, type=UNARY, idempotent=false, safe=false, sampledToLocalTracing=true, requestMarshaller=com.alibaba.nacos.shaded.io.grpc.protobuf.lite.ProtoLiteUtils$MessageMarshaller@3e933014, responseMarshaller=com.alibaba.nacos.shaded.io.grpc.protobuf.lite.ProtoLiteUtils$MessageMarshaller@2dbabc8f, schemaDescriptor=com.alibaba.nacos.api.grpc.auto.RequestGrpc$RequestMethodDescriptorSupplier@15f1362a}}}}}]]
	at com.alibaba.nacos.shaded.com.google.common.util.concurrent.AbstractFuture.get(AbstractFuture.java:508) ~[nacos-client-2.0.4.jar:na]
	at com.alibaba.nacos.common.remote.client.grpc.GrpcClient.serverCheck(GrpcClient.java:148) ~[nacos-client-2.0.4.jar:na]
	at com.alibaba.nacos.common.remote.client.grpc.GrpcClient.connectToServer(GrpcClient.java:264) ~[nacos-client-2.0.4.jar:na]
	at com.alibaba.nacos.common.remote.client.RpcClient.reconnect(RpcClient.java:522) ~[nacos-client-2.0.4.jar:na]
	at com.alibaba.nacos.common.remote.client.RpcClient.lambda$start$2(RpcClient.java:370) ~[nacos-client-2.0.4.jar:na]
	at java.base/java.util.concurrent.Executors$RunnableAdapter.call(Executors.java:539) ~[na:na]
	at java.base/java.util.concurrent.FutureTask.run$$$capture(FutureTask.java:264) ~[na:na]
	at java.base/java.util.concurrent.FutureTask.run(FutureTask.java) ~[na:na]
	at java.base/java.util.concurrent.ScheduledThreadPoolExecutor$ScheduledFutureTask.run(ScheduledThreadPoolExecutor.java:304) ~[na:na]
	at java.base/java.util.concurrent.ThreadPoolExecutor.runWorker(ThreadPoolExecutor.java:1136) ~[na:na]
	at java.base/java.util.concurrent.ThreadPoolExecutor$Worker.run(ThreadPoolExecutor.java:635) ~[na:na]
	at java.base/java.lang.Thread.run(Thread.java:833) ~[na:na]

12:33:58:621  INFO 90000 --- [com.alibaba.nacos.client.remote.worker] com.alibaba.nacos.common.remote.client   : [51b9458e-5840-4265-82ba-d597592a0094] Fail to connect server, after trying 21 times, last try server is {serverIp = '192.168.31.23', server main port = 8848}, error = unknown
12:34:03:823 ERROR 90000 --- [com.alibaba.nacos.client.remote.worker] c.a.n.c.remote.client.grpc.GrpcClient    : Server check fail, please check server 192.168.31.23 ,port 9848 is available , error ={}

java.util.concurrent.TimeoutException: Waited 3000 milliseconds (plus 71800 nanoseconds delay) for com.alibaba.nacos.shaded.io.grpc.stub.ClientCalls$GrpcFuture@4e688406[status=PENDING, info=[GrpcFuture{clientCall={delegate={delegate=ClientCallImpl{method=MethodDescriptor{fullMethodName=Request/request, type=UNARY, idempotent=false, safe=false, sampledToLocalTracing=true, requestMarshaller=com.alibaba.nacos.shaded.io.grpc.protobuf.lite.ProtoLiteUtils$MessageMarshaller@3e933014, responseMarshaller=com.alibaba.nacos.shaded.io.grpc.protobuf.lite.ProtoLiteUtils$MessageMarshaller@2dbabc8f, schemaDescriptor=com.alibaba.nacos.api.grpc.auto.RequestGrpc$RequestMethodDescriptorSupplier@15f1362a}}}}}]]
	at com.alibaba.nacos.shaded.com.google.common.util.concurrent.AbstractFuture.get(AbstractFuture.java:508) ~[nacos-client-2.0.4.jar:na]
	at com.alibaba.nacos.common.remote.client.grpc.GrpcClient.serverCheck(GrpcClient.java:148) ~[nacos-client-2.0.4.jar:na]
	at com.alibaba.nacos.common.remote.client.grpc.GrpcClient.connectToServer(GrpcClient.java:264) ~[nacos-client-2.0.4.jar:na]
	at com.alibaba.nacos.common.remote.client.RpcClient.reconnect(RpcClient.java:522) ~[nacos-client-2.0.4.jar:na]
	at com.alibaba.nacos.common.remote.client.RpcClient.lambda$start$2(RpcClient.java:370) ~[nacos-client-2.0.4.jar:na]
	at java.base/java.util.concurrent.Executors$RunnableAdapter.call(Executors.java:539) ~[na:na]
	at java.base/java.util.concurrent.FutureTask.run$$$capture(FutureTask.java:264) ~[na:na]
	at java.base/java.util.concurrent.FutureTask.run(FutureTask.java) ~[na:na]
	at java.base/java.util.concurrent.ScheduledThreadPoolExecutor$ScheduledFutureTask.run(ScheduledThreadPoolExecutor.java:304) ~[na:na]
	at java.base/java.util.concurrent.ThreadPoolExecutor.runWorker(ThreadPoolExecutor.java:1136) ~[na:na]
	at java.base/java.util.concurrent.ThreadPoolExecutor$Worker.run(ThreadPoolExecutor.java:635) ~[na:na]
	at java.base/java.lang.Thread.run(Thread.java:833) ~[na:na]

12:34:03:824  INFO 90000 --- [com.alibaba.nacos.client.remote.worker] com.alibaba.nacos.common.remote.client   : [51b9458e-5840-4265-82ba-d597592a0094] Fail to connect server, after trying 22 times, last try server is {serverIp = '192.168.31.23', server main port = 8848}, error = unknown
12:34:09:127 ERROR 90000 --- [com.alibaba.nacos.client.remote.worker] c.a.n.c.remote.client.grpc.GrpcClient    : Server check fail, please check server 192.168.31.23 ,port 9848 is available , error ={}

java.util.concurrent.TimeoutException: Waited 3000 milliseconds (plus 578300 nanoseconds delay) for com.alibaba.nacos.shaded.io.grpc.stub.ClientCalls$GrpcFuture@4d91dc49[status=PENDING, info=[GrpcFuture{clientCall={delegate={delegate=ClientCallImpl{method=MethodDescriptor{fullMethodName=Request/request, type=UNARY, idempotent=false, safe=false, sampledToLocalTracing=true, requestMarshaller=com.alibaba.nacos.shaded.io.grpc.protobuf.lite.ProtoLiteUtils$MessageMarshaller@3e933014, responseMarshaller=com.alibaba.nacos.shaded.io.grpc.protobuf.lite.ProtoLiteUtils$MessageMarshaller@2dbabc8f, schemaDescriptor=com.alibaba.nacos.api.grpc.auto.RequestGrpc$RequestMethodDescriptorSupplier@15f1362a}}}}}]]
	at com.alibaba.nacos.shaded.com.google.common.util.concurrent.AbstractFuture.get(AbstractFuture.java:508) ~[nacos-client-2.0.4.jar:na]
	at com.alibaba.nacos.common.remote.client.grpc.GrpcClient.serverCheck(GrpcClient.java:148) ~[nacos-client-2.0.4.jar:na]
	at com.alibaba.nacos.common.remote.client.grpc.GrpcClient.connectToServer(GrpcClient.java:264) ~[nacos-client-2.0.4.jar:na]
	at com.alibaba.nacos.common.remote.client.RpcClient.reconnect(RpcClient.java:522) ~[nacos-client-2.0.4.jar:na]
	at com.alibaba.nacos.common.remote.client.RpcClient.lambda$start$2(RpcClient.java:370) ~[nacos-client-2.0.4.jar:na]
	at java.base/java.util.concurrent.Executors$RunnableAdapter.call(Executors.java:539) ~[na:na]
	at java.base/java.util.concurrent.FutureTask.run$$$capture(FutureTask.java:264) ~[na:na]
	at java.base/java.util.concurrent.FutureTask.run(FutureTask.java) ~[na:na]
	at java.base/java.util.concurrent.ScheduledThreadPoolExecutor$ScheduledFutureTask.run(ScheduledThreadPoolExecutor.java:304) ~[na:na]
	at java.base/java.util.concurrent.ThreadPoolExecutor.runWorker(ThreadPoolExecutor.java:1136) ~[na:na]
	at java.base/java.util.concurrent.ThreadPoolExecutor$Worker.run(ThreadPoolExecutor.java:635) ~[na:na]
	at java.base/java.lang.Thread.run(Thread.java:833) ~[na:na]

12:34:09:127  INFO 90000 --- [com.alibaba.nacos.client.remote.worker] com.alibaba.nacos.common.remote.client   : [51b9458e-5840-4265-82ba-d597592a0094] Fail to connect server, after trying 23 times, last try server is {serverIp = '192.168.31.23', server main port = 8848}, error = unknown
12:34:09:451 ERROR 90000 --- [com.alibaba.nacos.client.naming.updater.5] com.alibaba.nacos.common.remote.client   : Send request fail, request = ServiceQueryRequest{headers={app=unknown}, requestId='null'}, retryTimes = 0, errorMessage = Client not connected, current status:UNHEALTHY
12:34:09:553 ERROR 90000 --- [com.alibaba.nacos.client.naming.updater.5] com.alibaba.nacos.common.remote.client   : Send request fail, request = ServiceQueryRequest{headers={app=unknown}, requestId='null'}, retryTimes = 1, errorMessage = Client not connected, current status:UNHEALTHY
12:34:09:654 ERROR 90000 --- [com.alibaba.nacos.client.naming.updater.5] com.alibaba.nacos.common.remote.client   : Send request fail, request = ServiceQueryRequest{headers={app=unknown}, requestId='null'}, retryTimes = 2, errorMessage = Client not connected, current status:UNHEALTHY
12:34:14:531 ERROR 90000 --- [com.alibaba.nacos.client.remote.worker] c.a.n.c.remote.client.grpc.GrpcClient    : Server check fail, please check server 192.168.31.23 ,port 9848 is available , error ={}

java.util.concurrent.TimeoutException: Waited 3000 milliseconds (plus 912500 nanoseconds delay) for com.alibaba.nacos.shaded.io.grpc.stub.ClientCalls$GrpcFuture@30832e7c[status=PENDING, info=[GrpcFuture{clientCall={delegate={delegate=ClientCallImpl{method=MethodDescriptor{fullMethodName=Request/request, type=UNARY, idempotent=false, safe=false, sampledToLocalTracing=true, requestMarshaller=com.alibaba.nacos.shaded.io.grpc.protobuf.lite.ProtoLiteUtils$MessageMarshaller@3e933014, responseMarshaller=com.alibaba.nacos.shaded.io.grpc.protobuf.lite.ProtoLiteUtils$MessageMarshaller@2dbabc8f, schemaDescriptor=com.alibaba.nacos.api.grpc.auto.RequestGrpc$RequestMethodDescriptorSupplier@15f1362a}}}}}]]
	at com.alibaba.nacos.shaded.com.google.common.util.concurrent.AbstractFuture.get(AbstractFuture.java:508) ~[nacos-client-2.0.4.jar:na]
	at com.alibaba.nacos.common.remote.client.grpc.GrpcClient.serverCheck(GrpcClient.java:148) ~[nacos-client-2.0.4.jar:na]
	at com.alibaba.nacos.common.remote.client.grpc.GrpcClient.connectToServer(GrpcClient.java:264) ~[nacos-client-2.0.4.jar:na]
	at com.alibaba.nacos.common.remote.client.RpcClient.reconnect(RpcClient.java:522) ~[nacos-client-2.0.4.jar:na]
	at com.alibaba.nacos.common.remote.client.RpcClient.lambda$start$2(RpcClient.java:370) ~[nacos-client-2.0.4.jar:na]
	at java.base/java.util.concurrent.Executors$RunnableAdapter.call(Executors.java:539) ~[na:na]
	at java.base/java.util.concurrent.FutureTask.run$$$capture(FutureTask.java:264) ~[na:na]
	at java.base/java.util.concurrent.FutureTask.run(FutureTask.java) ~[na:na]
	at java.base/java.util.concurrent.ScheduledThreadPoolExecutor$ScheduledFutureTask.run(ScheduledThreadPoolExecutor.java:304) ~[na:na]
	at java.base/java.util.concurrent.ThreadPoolExecutor.runWorker(ThreadPoolExecutor.java:1136) ~[na:na]
	at java.base/java.util.concurrent.ThreadPoolExecutor$Worker.run(ThreadPoolExecutor.java:635) ~[na:na]
	at java.base/java.lang.Thread.run(Thread.java:833) ~[na:na]

12:34:14:533  INFO 90000 --- [com.alibaba.nacos.client.remote.worker] com.alibaba.nacos.common.remote.client   : [51b9458e-5840-4265-82ba-d597592a0094] Fail to connect server, after trying 24 times, last try server is {serverIp = '192.168.31.23', server main port = 8848}, error = unknown
12:34:20:038 ERROR 90000 --- [com.alibaba.nacos.client.remote.worker] c.a.n.c.remote.client.grpc.GrpcClient    : Server check fail, please check server 192.168.31.23 ,port 9848 is available , error ={}

java.util.concurrent.TimeoutException: Waited 3000 milliseconds (plus 734000 nanoseconds delay) for com.alibaba.nacos.shaded.io.grpc.stub.ClientCalls$GrpcFuture@1d48b6b0[status=PENDING, info=[GrpcFuture{clientCall={delegate={delegate=ClientCallImpl{method=MethodDescriptor{fullMethodName=Request/request, type=UNARY, idempotent=false, safe=false, sampledToLocalTracing=true, requestMarshaller=com.alibaba.nacos.shaded.io.grpc.protobuf.lite.ProtoLiteUtils$MessageMarshaller@3e933014, responseMarshaller=com.alibaba.nacos.shaded.io.grpc.protobuf.lite.ProtoLiteUtils$MessageMarshaller@2dbabc8f, schemaDescriptor=com.alibaba.nacos.api.grpc.auto.RequestGrpc$RequestMethodDescriptorSupplier@15f1362a}}}}}]]
	at com.alibaba.nacos.shaded.com.google.common.util.concurrent.AbstractFuture.get(AbstractFuture.java:508) ~[nacos-client-2.0.4.jar:na]
	at com.alibaba.nacos.common.remote.client.grpc.GrpcClient.serverCheck(GrpcClient.java:148) ~[nacos-client-2.0.4.jar:na]
	at com.alibaba.nacos.common.remote.client.grpc.GrpcClient.connectToServer(GrpcClient.java:264) ~[nacos-client-2.0.4.jar:na]
	at com.alibaba.nacos.common.remote.client.RpcClient.reconnect(RpcClient.java:522) ~[nacos-client-2.0.4.jar:na]
	at com.alibaba.nacos.common.remote.client.RpcClient.lambda$start$2(RpcClient.java:370) ~[nacos-client-2.0.4.jar:na]
	at java.base/java.util.concurrent.Executors$RunnableAdapter.call(Executors.java:539) ~[na:na]
	at java.base/java.util.concurrent.FutureTask.run$$$capture(FutureTask.java:264) ~[na:na]
	at java.base/java.util.concurrent.FutureTask.run(FutureTask.java) ~[na:na]
	at java.base/java.util.concurrent.ScheduledThreadPoolExecutor$ScheduledFutureTask.run(ScheduledThreadPoolExecutor.java:304) ~[na:na]
	at java.base/java.util.concurrent.ThreadPoolExecutor.runWorker(ThreadPoolExecutor.java:1136) ~[na:na]
	at java.base/java.util.concurrent.ThreadPoolExecutor$Worker.run(ThreadPoolExecutor.java:635) ~[na:na]
	at java.base/java.lang.Thread.run(Thread.java:833) ~[na:na]

12:34:20:039  INFO 90000 --- [com.alibaba.nacos.client.remote.worker] com.alibaba.nacos.common.remote.client   : [51b9458e-5840-4265-82ba-d597592a0094] Fail to connect server, after trying 25 times, last try server is {serverIp = '192.168.31.23', server main port = 8848}, error = unknown
12:34:25:645 ERROR 90000 --- [com.alibaba.nacos.client.remote.worker] c.a.n.c.remote.client.grpc.GrpcClient    : Server check fail, please check server 192.168.31.23 ,port 9848 is available , error ={}

java.util.concurrent.TimeoutException: Waited 3000 milliseconds (plus 1 milliseconds, 984300 nanoseconds delay) for com.alibaba.nacos.shaded.io.grpc.stub.ClientCalls$GrpcFuture@2f209f63[status=PENDING, info=[GrpcFuture{clientCall={delegate={delegate=ClientCallImpl{method=MethodDescriptor{fullMethodName=Request/request, type=UNARY, idempotent=false, safe=false, sampledToLocalTracing=true, requestMarshaller=com.alibaba.nacos.shaded.io.grpc.protobuf.lite.ProtoLiteUtils$MessageMarshaller@3e933014, responseMarshaller=com.alibaba.nacos.shaded.io.grpc.protobuf.lite.ProtoLiteUtils$MessageMarshaller@2dbabc8f, schemaDescriptor=com.alibaba.nacos.api.grpc.auto.RequestGrpc$RequestMethodDescriptorSupplier@15f1362a}}}}}]]
	at com.alibaba.nacos.shaded.com.google.common.util.concurrent.AbstractFuture.get(AbstractFuture.java:508) ~[nacos-client-2.0.4.jar:na]
	at com.alibaba.nacos.common.remote.client.grpc.GrpcClient.serverCheck(GrpcClient.java:148) ~[nacos-client-2.0.4.jar:na]
	at com.alibaba.nacos.common.remote.client.grpc.GrpcClient.connectToServer(GrpcClient.java:264) ~[nacos-client-2.0.4.jar:na]
	at com.alibaba.nacos.common.remote.client.RpcClient.reconnect(RpcClient.java:522) ~[nacos-client-2.0.4.jar:na]
	at com.alibaba.nacos.common.remote.client.RpcClient.lambda$start$2(RpcClient.java:370) ~[nacos-client-2.0.4.jar:na]
	at java.base/java.util.concurrent.Executors$RunnableAdapter.call(Executors.java:539) ~[na:na]
	at java.base/java.util.concurrent.FutureTask.run$$$capture(FutureTask.java:264) ~[na:na]
	at java.base/java.util.concurrent.FutureTask.run(FutureTask.java) ~[na:na]
	at java.base/java.util.concurrent.ScheduledThreadPoolExecutor$ScheduledFutureTask.run(ScheduledThreadPoolExecutor.java:304) ~[na:na]
	at java.base/java.util.concurrent.ThreadPoolExecutor.runWorker(ThreadPoolExecutor.java:1136) ~[na:na]
	at java.base/java.util.concurrent.ThreadPoolExecutor$Worker.run(ThreadPoolExecutor.java:635) ~[na:na]
	at java.base/java.lang.Thread.run(Thread.java:833) ~[na:na]

12:34:25:648  INFO 90000 --- [com.alibaba.nacos.client.remote.worker] com.alibaba.nacos.common.remote.client   : [51b9458e-5840-4265-82ba-d597592a0094] Fail to connect server, after trying 26 times, last try server is {serverIp = '192.168.31.23', server main port = 8848}, error = unknown
12:34:31:350 ERROR 90000 --- [com.alibaba.nacos.client.remote.worker] c.a.n.c.remote.client.grpc.GrpcClient    : Server check fail, please check server 192.168.31.23 ,port 9848 is available , error ={}

java.util.concurrent.TimeoutException: Waited 3000 milliseconds (plus 877000 nanoseconds delay) for com.alibaba.nacos.shaded.io.grpc.stub.ClientCalls$GrpcFuture@5eb501d[status=PENDING, info=[GrpcFuture{clientCall={delegate={delegate=ClientCallImpl{method=MethodDescriptor{fullMethodName=Request/request, type=UNARY, idempotent=false, safe=false, sampledToLocalTracing=true, requestMarshaller=com.alibaba.nacos.shaded.io.grpc.protobuf.lite.ProtoLiteUtils$MessageMarshaller@3e933014, responseMarshaller=com.alibaba.nacos.shaded.io.grpc.protobuf.lite.ProtoLiteUtils$MessageMarshaller@2dbabc8f, schemaDescriptor=com.alibaba.nacos.api.grpc.auto.RequestGrpc$RequestMethodDescriptorSupplier@15f1362a}}}}}]]
	at com.alibaba.nacos.shaded.com.google.common.util.concurrent.AbstractFuture.get(AbstractFuture.java:508) ~[nacos-client-2.0.4.jar:na]
	at com.alibaba.nacos.common.remote.client.grpc.GrpcClient.serverCheck(GrpcClient.java:148) ~[nacos-client-2.0.4.jar:na]
	at com.alibaba.nacos.common.remote.client.grpc.GrpcClient.connectToServer(GrpcClient.java:264) ~[nacos-client-2.0.4.jar:na]
	at com.alibaba.nacos.common.remote.client.RpcClient.reconnect(RpcClient.java:522) ~[nacos-client-2.0.4.jar:na]
	at com.alibaba.nacos.common.remote.client.RpcClient.lambda$start$2(RpcClient.java:370) ~[nacos-client-2.0.4.jar:na]
	at java.base/java.util.concurrent.Executors$RunnableAdapter.call(Executors.java:539) ~[na:na]
	at java.base/java.util.concurrent.FutureTask.run$$$capture(FutureTask.java:264) ~[na:na]
	at java.base/java.util.concurrent.FutureTask.run(FutureTask.java) ~[na:na]
	at java.base/java.util.concurrent.ScheduledThreadPoolExecutor$ScheduledFutureTask.run(ScheduledThreadPoolExecutor.java:304) ~[na:na]
	at java.base/java.util.concurrent.ThreadPoolExecutor.runWorker(ThreadPoolExecutor.java:1136) ~[na:na]
	at java.base/java.util.concurrent.ThreadPoolExecutor$Worker.run(ThreadPoolExecutor.java:635) ~[na:na]
	at java.base/java.lang.Thread.run(Thread.java:833) ~[na:na]

12:34:31:350  INFO 90000 --- [com.alibaba.nacos.client.remote.worker] com.alibaba.nacos.common.remote.client   : [51b9458e-5840-4265-82ba-d597592a0094] Fail to connect server, after trying 27 times, last try server is {serverIp = '192.168.31.23', server main port = 8848}, error = unknown
12:34:37:156 ERROR 90000 --- [com.alibaba.nacos.client.remote.worker] c.a.n.c.remote.client.grpc.GrpcClient    : Server check fail, please check server 192.168.31.23 ,port 9848 is available , error ={}

java.util.concurrent.TimeoutException: Waited 3000 milliseconds (plus 549700 nanoseconds delay) for com.alibaba.nacos.shaded.io.grpc.stub.ClientCalls$GrpcFuture@5ad6f99[status=PENDING, info=[GrpcFuture{clientCall={delegate={delegate=ClientCallImpl{method=MethodDescriptor{fullMethodName=Request/request, type=UNARY, idempotent=false, safe=false, sampledToLocalTracing=true, requestMarshaller=com.alibaba.nacos.shaded.io.grpc.protobuf.lite.ProtoLiteUtils$MessageMarshaller@3e933014, responseMarshaller=com.alibaba.nacos.shaded.io.grpc.protobuf.lite.ProtoLiteUtils$MessageMarshaller@2dbabc8f, schemaDescriptor=com.alibaba.nacos.api.grpc.auto.RequestGrpc$RequestMethodDescriptorSupplier@15f1362a}}}}}]]
	at com.alibaba.nacos.shaded.com.google.common.util.concurrent.AbstractFuture.get(AbstractFuture.java:508) ~[nacos-client-2.0.4.jar:na]
	at com.alibaba.nacos.common.remote.client.grpc.GrpcClient.serverCheck(GrpcClient.java:148) ~[nacos-client-2.0.4.jar:na]
	at com.alibaba.nacos.common.remote.client.grpc.GrpcClient.connectToServer(GrpcClient.java:264) ~[nacos-client-2.0.4.jar:na]
	at com.alibaba.nacos.common.remote.client.RpcClient.reconnect(RpcClient.java:522) ~[nacos-client-2.0.4.jar:na]
	at com.alibaba.nacos.common.remote.client.RpcClient.lambda$start$2(RpcClient.java:370) ~[nacos-client-2.0.4.jar:na]
	at java.base/java.util.concurrent.Executors$RunnableAdapter.call(Executors.java:539) ~[na:na]
	at java.base/java.util.concurrent.FutureTask.run$$$capture(FutureTask.java:264) ~[na:na]
	at java.base/java.util.concurrent.FutureTask.run(FutureTask.java) ~[na:na]
	at java.base/java.util.concurrent.ScheduledThreadPoolExecutor$ScheduledFutureTask.run(ScheduledThreadPoolExecutor.java:304) ~[na:na]
	at java.base/java.util.concurrent.ThreadPoolExecutor.runWorker(ThreadPoolExecutor.java:1136) ~[na:na]
	at java.base/java.util.concurrent.ThreadPoolExecutor$Worker.run(ThreadPoolExecutor.java:635) ~[na:na]
	at java.base/java.lang.Thread.run(Thread.java:833) ~[na:na]

12:34:37:157  INFO 90000 --- [com.alibaba.nacos.client.remote.worker] com.alibaba.nacos.common.remote.client   : [51b9458e-5840-4265-82ba-d597592a0094] Fail to connect server, after trying 28 times, last try server is {serverIp = '192.168.31.23', server main port = 8848}, error = unknown
12:34:43:061 ERROR 90000 --- [com.alibaba.nacos.client.remote.worker] c.a.n.c.remote.client.grpc.GrpcClient    : Server check fail, please check server 192.168.31.23 ,port 9848 is available , error ={}

java.util.concurrent.TimeoutException: Waited 3000 milliseconds (plus 221700 nanoseconds delay) for com.alibaba.nacos.shaded.io.grpc.stub.ClientCalls$GrpcFuture@3f59b3cb[status=PENDING, info=[GrpcFuture{clientCall={delegate={delegate=ClientCallImpl{method=MethodDescriptor{fullMethodName=Request/request, type=UNARY, idempotent=false, safe=false, sampledToLocalTracing=true, requestMarshaller=com.alibaba.nacos.shaded.io.grpc.protobuf.lite.ProtoLiteUtils$MessageMarshaller@3e933014, responseMarshaller=com.alibaba.nacos.shaded.io.grpc.protobuf.lite.ProtoLiteUtils$MessageMarshaller@2dbabc8f, schemaDescriptor=com.alibaba.nacos.api.grpc.auto.RequestGrpc$RequestMethodDescriptorSupplier@15f1362a}}}}}]]
	at com.alibaba.nacos.shaded.com.google.common.util.concurrent.AbstractFuture.get(AbstractFuture.java:508) ~[nacos-client-2.0.4.jar:na]
	at com.alibaba.nacos.common.remote.client.grpc.GrpcClient.serverCheck(GrpcClient.java:148) ~[nacos-client-2.0.4.jar:na]
	at com.alibaba.nacos.common.remote.client.grpc.GrpcClient.connectToServer(GrpcClient.java:264) ~[nacos-client-2.0.4.jar:na]
	at com.alibaba.nacos.common.remote.client.RpcClient.reconnect(RpcClient.java:522) ~[nacos-client-2.0.4.jar:na]
	at com.alibaba.nacos.common.remote.client.RpcClient.lambda$start$2(RpcClient.java:370) ~[nacos-client-2.0.4.jar:na]
	at java.base/java.util.concurrent.Executors$RunnableAdapter.call(Executors.java:539) ~[na:na]
	at java.base/java.util.concurrent.FutureTask.run$$$capture(FutureTask.java:264) ~[na:na]
	at java.base/java.util.concurrent.FutureTask.run(FutureTask.java) ~[na:na]
	at java.base/java.util.concurrent.ScheduledThreadPoolExecutor$ScheduledFutureTask.run(ScheduledThreadPoolExecutor.java:304) ~[na:na]
	at java.base/java.util.concurrent.ThreadPoolExecutor.runWorker(ThreadPoolExecutor.java:1136) ~[na:na]
	at java.base/java.util.concurrent.ThreadPoolExecutor$Worker.run(ThreadPoolExecutor.java:635) ~[na:na]
	at java.base/java.lang.Thread.run(Thread.java:833) ~[na:na]

12:34:43:062  INFO 90000 --- [com.alibaba.nacos.client.remote.worker] com.alibaba.nacos.common.remote.client   : [51b9458e-5840-4265-82ba-d597592a0094] Fail to connect server, after trying 29 times, last try server is {serverIp = '192.168.31.23', server main port = 8848}, error = unknown
12:34:49:066 ERROR 90000 --- [com.alibaba.nacos.client.remote.worker] c.a.n.c.remote.client.grpc.GrpcClient    : Server check fail, please check server 192.168.31.23 ,port 9848 is available , error ={}

java.util.concurrent.TimeoutException: Waited 3000 milliseconds (plus 1 milliseconds, 289800 nanoseconds delay) for com.alibaba.nacos.shaded.io.grpc.stub.ClientCalls$GrpcFuture@43f661ac[status=PENDING, info=[GrpcFuture{clientCall={delegate={delegate=ClientCallImpl{method=MethodDescriptor{fullMethodName=Request/request, type=UNARY, idempotent=false, safe=false, sampledToLocalTracing=true, requestMarshaller=com.alibaba.nacos.shaded.io.grpc.protobuf.lite.ProtoLiteUtils$MessageMarshaller@3e933014, responseMarshaller=com.alibaba.nacos.shaded.io.grpc.protobuf.lite.ProtoLiteUtils$MessageMarshaller@2dbabc8f, schemaDescriptor=com.alibaba.nacos.api.grpc.auto.RequestGrpc$RequestMethodDescriptorSupplier@15f1362a}}}}}]]
	at com.alibaba.nacos.shaded.com.google.common.util.concurrent.AbstractFuture.get(AbstractFuture.java:508) ~[nacos-client-2.0.4.jar:na]
	at com.alibaba.nacos.common.remote.client.grpc.GrpcClient.serverCheck(GrpcClient.java:148) ~[nacos-client-2.0.4.jar:na]
	at com.alibaba.nacos.common.remote.client.grpc.GrpcClient.connectToServer(GrpcClient.java:264) ~[nacos-client-2.0.4.jar:na]
	at com.alibaba.nacos.common.remote.client.RpcClient.reconnect(RpcClient.java:522) ~[nacos-client-2.0.4.jar:na]
	at com.alibaba.nacos.common.remote.client.RpcClient.lambda$start$2(RpcClient.java:370) ~[nacos-client-2.0.4.jar:na]
	at java.base/java.util.concurrent.Executors$RunnableAdapter.call(Executors.java:539) ~[na:na]
	at java.base/java.util.concurrent.FutureTask.run$$$capture(FutureTask.java:264) ~[na:na]
	at java.base/java.util.concurrent.FutureTask.run(FutureTask.java) ~[na:na]
	at java.base/java.util.concurrent.ScheduledThreadPoolExecutor$ScheduledFutureTask.run(ScheduledThreadPoolExecutor.java:304) ~[na:na]
	at java.base/java.util.concurrent.ThreadPoolExecutor.runWorker(ThreadPoolExecutor.java:1136) ~[na:na]
	at java.base/java.util.concurrent.ThreadPoolExecutor$Worker.run(ThreadPoolExecutor.java:635) ~[na:na]
	at java.base/java.lang.Thread.run(Thread.java:833) ~[na:na]

12:34:49:068  INFO 90000 --- [com.alibaba.nacos.client.remote.worker] com.alibaba.nacos.common.remote.client   : [51b9458e-5840-4265-82ba-d597592a0094] Fail to connect server, after trying 30 times, last try server is {serverIp = '192.168.31.23', server main port = 8848}, error = unknown
12:34:55:171 ERROR 90000 --- [com.alibaba.nacos.client.remote.worker] c.a.n.c.remote.client.grpc.GrpcClient    : Server check fail, please check server 192.168.31.23 ,port 9848 is available , error ={}

java.util.concurrent.TimeoutException: Waited 3000 milliseconds (plus 359900 nanoseconds delay) for com.alibaba.nacos.shaded.io.grpc.stub.ClientCalls$GrpcFuture@7f76d5c0[status=PENDING, info=[GrpcFuture{clientCall={delegate={delegate=ClientCallImpl{method=MethodDescriptor{fullMethodName=Request/request, type=UNARY, idempotent=false, safe=false, sampledToLocalTracing=true, requestMarshaller=com.alibaba.nacos.shaded.io.grpc.protobuf.lite.ProtoLiteUtils$MessageMarshaller@3e933014, responseMarshaller=com.alibaba.nacos.shaded.io.grpc.protobuf.lite.ProtoLiteUtils$MessageMarshaller@2dbabc8f, schemaDescriptor=com.alibaba.nacos.api.grpc.auto.RequestGrpc$RequestMethodDescriptorSupplier@15f1362a}}}}}]]
	at com.alibaba.nacos.shaded.com.google.common.util.concurrent.AbstractFuture.get(AbstractFuture.java:508) ~[nacos-client-2.0.4.jar:na]
	at com.alibaba.nacos.common.remote.client.grpc.GrpcClient.serverCheck(GrpcClient.java:148) ~[nacos-client-2.0.4.jar:na]
	at com.alibaba.nacos.common.remote.client.grpc.GrpcClient.connectToServer(GrpcClient.java:264) ~[nacos-client-2.0.4.jar:na]
	at com.alibaba.nacos.common.remote.client.RpcClient.reconnect(RpcClient.java:522) ~[nacos-client-2.0.4.jar:na]
	at com.alibaba.nacos.common.remote.client.RpcClient.lambda$start$2(RpcClient.java:370) ~[nacos-client-2.0.4.jar:na]
	at java.base/java.util.concurrent.Executors$RunnableAdapter.call(Executors.java:539) ~[na:na]
	at java.base/java.util.concurrent.FutureTask.run$$$capture(FutureTask.java:264) ~[na:na]
	at java.base/java.util.concurrent.FutureTask.run(FutureTask.java) ~[na:na]
	at java.base/java.util.concurrent.ScheduledThreadPoolExecutor$ScheduledFutureTask.run(ScheduledThreadPoolExecutor.java:304) ~[na:na]
	at java.base/java.util.concurrent.ThreadPoolExecutor.runWorker(ThreadPoolExecutor.java:1136) ~[na:na]
	at java.base/java.util.concurrent.ThreadPoolExecutor$Worker.run(ThreadPoolExecutor.java:635) ~[na:na]
	at java.base/java.lang.Thread.run(Thread.java:833) ~[na:na]

12:34:55:172  INFO 90000 --- [com.alibaba.nacos.client.remote.worker] com.alibaba.nacos.common.remote.client   : [51b9458e-5840-4265-82ba-d597592a0094] Fail to connect server, after trying 31 times, last try server is {serverIp = '192.168.31.23', server main port = 8848}, error = unknown
12:35:01:375 ERROR 90000 --- [com.alibaba.nacos.client.remote.worker] c.a.n.c.remote.client.grpc.GrpcClient    : Server check fail, please check server 192.168.31.23 ,port 9848 is available , error ={}

java.util.concurrent.TimeoutException: Waited 3000 milliseconds (plus 595400 nanoseconds delay) for com.alibaba.nacos.shaded.io.grpc.stub.ClientCalls$GrpcFuture@4923b221[status=PENDING, info=[GrpcFuture{clientCall={delegate={delegate=ClientCallImpl{method=MethodDescriptor{fullMethodName=Request/request, type=UNARY, idempotent=false, safe=false, sampledToLocalTracing=true, requestMarshaller=com.alibaba.nacos.shaded.io.grpc.protobuf.lite.ProtoLiteUtils$MessageMarshaller@3e933014, responseMarshaller=com.alibaba.nacos.shaded.io.grpc.protobuf.lite.ProtoLiteUtils$MessageMarshaller@2dbabc8f, schemaDescriptor=com.alibaba.nacos.api.grpc.auto.RequestGrpc$RequestMethodDescriptorSupplier@15f1362a}}}}}]]
	at com.alibaba.nacos.shaded.com.google.common.util.concurrent.AbstractFuture.get(AbstractFuture.java:508) ~[nacos-client-2.0.4.jar:na]
	at com.alibaba.nacos.common.remote.client.grpc.GrpcClient.serverCheck(GrpcClient.java:148) ~[nacos-client-2.0.4.jar:na]
	at com.alibaba.nacos.common.remote.client.grpc.GrpcClient.connectToServer(GrpcClient.java:264) ~[nacos-client-2.0.4.jar:na]
	at com.alibaba.nacos.common.remote.client.RpcClient.reconnect(RpcClient.java:522) ~[nacos-client-2.0.4.jar:na]
	at com.alibaba.nacos.common.remote.client.RpcClient.lambda$start$2(RpcClient.java:370) ~[nacos-client-2.0.4.jar:na]
	at java.base/java.util.concurrent.Executors$RunnableAdapter.call(Executors.java:539) ~[na:na]
	at java.base/java.util.concurrent.FutureTask.run$$$capture(FutureTask.java:264) ~[na:na]
	at java.base/java.util.concurrent.FutureTask.run(FutureTask.java) ~[na:na]
	at java.base/java.util.concurrent.ScheduledThreadPoolExecutor$ScheduledFutureTask.run(ScheduledThreadPoolExecutor.java:304) ~[na:na]
	at java.base/java.util.concurrent.ThreadPoolExecutor.runWorker(ThreadPoolExecutor.java:1136) ~[na:na]
	at java.base/java.util.concurrent.ThreadPoolExecutor$Worker.run(ThreadPoolExecutor.java:635) ~[na:na]
	at java.base/java.lang.Thread.run(Thread.java:833) ~[na:na]

12:35:01:375  INFO 90000 --- [com.alibaba.nacos.client.remote.worker] com.alibaba.nacos.common.remote.client   : [51b9458e-5840-4265-82ba-d597592a0094] Fail to connect server, after trying 32 times, last try server is {serverIp = '192.168.31.23', server main port = 8848}, error = unknown
12:35:07:678 ERROR 90000 --- [com.alibaba.nacos.client.remote.worker] c.a.n.c.remote.client.grpc.GrpcClient    : Server check fail, please check server 192.168.31.23 ,port 9848 is available , error ={}

java.util.concurrent.TimeoutException: Waited 3000 milliseconds (plus 216400 nanoseconds delay) for com.alibaba.nacos.shaded.io.grpc.stub.ClientCalls$GrpcFuture@7281bdd3[status=PENDING, info=[GrpcFuture{clientCall={delegate={delegate=ClientCallImpl{method=MethodDescriptor{fullMethodName=Request/request, type=UNARY, idempotent=false, safe=false, sampledToLocalTracing=true, requestMarshaller=com.alibaba.nacos.shaded.io.grpc.protobuf.lite.ProtoLiteUtils$MessageMarshaller@3e933014, responseMarshaller=com.alibaba.nacos.shaded.io.grpc.protobuf.lite.ProtoLiteUtils$MessageMarshaller@2dbabc8f, schemaDescriptor=com.alibaba.nacos.api.grpc.auto.RequestGrpc$RequestMethodDescriptorSupplier@15f1362a}}}}}]]
	at com.alibaba.nacos.shaded.com.google.common.util.concurrent.AbstractFuture.get(AbstractFuture.java:508) ~[nacos-client-2.0.4.jar:na]
	at com.alibaba.nacos.common.remote.client.grpc.GrpcClient.serverCheck(GrpcClient.java:148) ~[nacos-client-2.0.4.jar:na]
	at com.alibaba.nacos.common.remote.client.grpc.GrpcClient.connectToServer(GrpcClient.java:264) ~[nacos-client-2.0.4.jar:na]
	at com.alibaba.nacos.common.remote.client.RpcClient.reconnect(RpcClient.java:522) ~[nacos-client-2.0.4.jar:na]
	at com.alibaba.nacos.common.remote.client.RpcClient.lambda$start$2(RpcClient.java:370) ~[nacos-client-2.0.4.jar:na]
	at java.base/java.util.concurrent.Executors$RunnableAdapter.call(Executors.java:539) ~[na:na]
	at java.base/java.util.concurrent.FutureTask.run$$$capture(FutureTask.java:264) ~[na:na]
	at java.base/java.util.concurrent.FutureTask.run(FutureTask.java) ~[na:na]
	at java.base/java.util.concurrent.ScheduledThreadPoolExecutor$ScheduledFutureTask.run(ScheduledThreadPoolExecutor.java:304) ~[na:na]
	at java.base/java.util.concurrent.ThreadPoolExecutor.runWorker(ThreadPoolExecutor.java:1136) ~[na:na]
	at java.base/java.util.concurrent.ThreadPoolExecutor$Worker.run(ThreadPoolExecutor.java:635) ~[na:na]
	at java.base/java.lang.Thread.run(Thread.java:833) ~[na:na]

12:35:07:680  INFO 90000 --- [com.alibaba.nacos.client.remote.worker] com.alibaba.nacos.common.remote.client   : [51b9458e-5840-4265-82ba-d597592a0094] Fail to connect server, after trying 33 times, last try server is {serverIp = '192.168.31.23', server main port = 8848}, error = unknown
12:35:09:756 ERROR 90000 --- [com.alibaba.nacos.client.naming.updater.5] com.alibaba.nacos.common.remote.client   : Send request fail, request = ServiceQueryRequest{headers={app=unknown}, requestId='null'}, retryTimes = 0, errorMessage = Client not connected, current status:UNHEALTHY
12:35:09:859 ERROR 90000 --- [com.alibaba.nacos.client.naming.updater.5] com.alibaba.nacos.common.remote.client   : Send request fail, request = ServiceQueryRequest{headers={app=unknown}, requestId='null'}, retryTimes = 1, errorMessage = Client not connected, current status:UNHEALTHY
12:35:09:961 ERROR 90000 --- [com.alibaba.nacos.client.naming.updater.5] com.alibaba.nacos.common.remote.client   : Send request fail, request = ServiceQueryRequest{headers={app=unknown}, requestId='null'}, retryTimes = 2, errorMessage = Client not connected, current status:UNHEALTHY
12:35:14:082 ERROR 90000 --- [com.alibaba.nacos.client.remote.worker] c.a.n.c.remote.client.grpc.GrpcClient    : Server check fail, please check server 192.168.31.23 ,port 9848 is available , error ={}

java.util.concurrent.TimeoutException: Waited 3000 milliseconds (plus 525400 nanoseconds delay) for com.alibaba.nacos.shaded.io.grpc.stub.ClientCalls$GrpcFuture@188c9751[status=PENDING, info=[GrpcFuture{clientCall={delegate={delegate=ClientCallImpl{method=MethodDescriptor{fullMethodName=Request/request, type=UNARY, idempotent=false, safe=false, sampledToLocalTracing=true, requestMarshaller=com.alibaba.nacos.shaded.io.grpc.protobuf.lite.ProtoLiteUtils$MessageMarshaller@3e933014, responseMarshaller=com.alibaba.nacos.shaded.io.grpc.protobuf.lite.ProtoLiteUtils$MessageMarshaller@2dbabc8f, schemaDescriptor=com.alibaba.nacos.api.grpc.auto.RequestGrpc$RequestMethodDescriptorSupplier@15f1362a}}}}}]]
	at com.alibaba.nacos.shaded.com.google.common.util.concurrent.AbstractFuture.get(AbstractFuture.java:508) ~[nacos-client-2.0.4.jar:na]
	at com.alibaba.nacos.common.remote.client.grpc.GrpcClient.serverCheck(GrpcClient.java:148) ~[nacos-client-2.0.4.jar:na]
	at com.alibaba.nacos.common.remote.client.grpc.GrpcClient.connectToServer(GrpcClient.java:264) ~[nacos-client-2.0.4.jar:na]
	at com.alibaba.nacos.common.remote.client.RpcClient.reconnect(RpcClient.java:522) ~[nacos-client-2.0.4.jar:na]
	at com.alibaba.nacos.common.remote.client.RpcClient.lambda$start$2(RpcClient.java:370) ~[nacos-client-2.0.4.jar:na]
	at java.base/java.util.concurrent.Executors$RunnableAdapter.call(Executors.java:539) ~[na:na]
	at java.base/java.util.concurrent.FutureTask.run$$$capture(FutureTask.java:264) ~[na:na]
	at java.base/java.util.concurrent.FutureTask.run(FutureTask.java) ~[na:na]
	at java.base/java.util.concurrent.ScheduledThreadPoolExecutor$ScheduledFutureTask.run(ScheduledThreadPoolExecutor.java:304) ~[na:na]
	at java.base/java.util.concurrent.ThreadPoolExecutor.runWorker(ThreadPoolExecutor.java:1136) ~[na:na]
	at java.base/java.util.concurrent.ThreadPoolExecutor$Worker.run(ThreadPoolExecutor.java:635) ~[na:na]
	at java.base/java.lang.Thread.run(Thread.java:833) ~[na:na]

12:35:14:083  INFO 90000 --- [com.alibaba.nacos.client.remote.worker] com.alibaba.nacos.common.remote.client   : [51b9458e-5840-4265-82ba-d597592a0094] Fail to connect server, after trying 34 times, last try server is {serverIp = '192.168.31.23', server main port = 8848}, error = unknown
12:35:20:588 ERROR 90000 --- [com.alibaba.nacos.client.remote.worker] c.a.n.c.remote.client.grpc.GrpcClient    : Server check fail, please check server 192.168.31.23 ,port 9848 is available , error ={}

java.util.concurrent.TimeoutException: Waited 3000 milliseconds (plus 940300 nanoseconds delay) for com.alibaba.nacos.shaded.io.grpc.stub.ClientCalls$GrpcFuture@570cf023[status=PENDING, info=[GrpcFuture{clientCall={delegate={delegate=ClientCallImpl{method=MethodDescriptor{fullMethodName=Request/request, type=UNARY, idempotent=false, safe=false, sampledToLocalTracing=true, requestMarshaller=com.alibaba.nacos.shaded.io.grpc.protobuf.lite.ProtoLiteUtils$MessageMarshaller@3e933014, responseMarshaller=com.alibaba.nacos.shaded.io.grpc.protobuf.lite.ProtoLiteUtils$MessageMarshaller@2dbabc8f, schemaDescriptor=com.alibaba.nacos.api.grpc.auto.RequestGrpc$RequestMethodDescriptorSupplier@15f1362a}}}}}]]
	at com.alibaba.nacos.shaded.com.google.common.util.concurrent.AbstractFuture.get(AbstractFuture.java:508) ~[nacos-client-2.0.4.jar:na]
	at com.alibaba.nacos.common.remote.client.grpc.GrpcClient.serverCheck(GrpcClient.java:148) ~[nacos-client-2.0.4.jar:na]
	at com.alibaba.nacos.common.remote.client.grpc.GrpcClient.connectToServer(GrpcClient.java:264) ~[nacos-client-2.0.4.jar:na]
	at com.alibaba.nacos.common.remote.client.RpcClient.reconnect(RpcClient.java:522) ~[nacos-client-2.0.4.jar:na]
	at com.alibaba.nacos.common.remote.client.RpcClient.lambda$start$2(RpcClient.java:370) ~[nacos-client-2.0.4.jar:na]
	at java.base/java.util.concurrent.Executors$RunnableAdapter.call(Executors.java:539) ~[na:na]
	at java.base/java.util.concurrent.FutureTask.run$$$capture(FutureTask.java:264) ~[na:na]
	at java.base/java.util.concurrent.FutureTask.run(FutureTask.java) ~[na:na]
	at java.base/java.util.concurrent.ScheduledThreadPoolExecutor$ScheduledFutureTask.run(ScheduledThreadPoolExecutor.java:304) ~[na:na]
	at java.base/java.util.concurrent.ThreadPoolExecutor.runWorker(ThreadPoolExecutor.java:1136) ~[na:na]
	at java.base/java.util.concurrent.ThreadPoolExecutor$Worker.run(ThreadPoolExecutor.java:635) ~[na:na]
	at java.base/java.lang.Thread.run(Thread.java:833) ~[na:na]

12:35:20:590  INFO 90000 --- [com.alibaba.nacos.client.remote.worker] com.alibaba.nacos.common.remote.client   : [51b9458e-5840-4265-82ba-d597592a0094] Fail to connect server, after trying 35 times, last try server is {serverIp = '192.168.31.23', server main port = 8848}, error = unknown
12:35:27:193 ERROR 90000 --- [com.alibaba.nacos.client.remote.worker] c.a.n.c.remote.client.grpc.GrpcClient    : Server check fail, please check server 192.168.31.23 ,port 9848 is available , error ={}

java.util.concurrent.TimeoutException: Waited 3000 milliseconds (plus 925000 nanoseconds delay) for com.alibaba.nacos.shaded.io.grpc.stub.ClientCalls$GrpcFuture@1a066ba4[status=PENDING, info=[GrpcFuture{clientCall={delegate={delegate=ClientCallImpl{method=MethodDescriptor{fullMethodName=Request/request, type=UNARY, idempotent=false, safe=false, sampledToLocalTracing=true, requestMarshaller=com.alibaba.nacos.shaded.io.grpc.protobuf.lite.ProtoLiteUtils$MessageMarshaller@3e933014, responseMarshaller=com.alibaba.nacos.shaded.io.grpc.protobuf.lite.ProtoLiteUtils$MessageMarshaller@2dbabc8f, schemaDescriptor=com.alibaba.nacos.api.grpc.auto.RequestGrpc$RequestMethodDescriptorSupplier@15f1362a}}}}}]]
	at com.alibaba.nacos.shaded.com.google.common.util.concurrent.AbstractFuture.get(AbstractFuture.java:508) ~[nacos-client-2.0.4.jar:na]
	at com.alibaba.nacos.common.remote.client.grpc.GrpcClient.serverCheck(GrpcClient.java:148) ~[nacos-client-2.0.4.jar:na]
	at com.alibaba.nacos.common.remote.client.grpc.GrpcClient.connectToServer(GrpcClient.java:264) ~[nacos-client-2.0.4.jar:na]
	at com.alibaba.nacos.common.remote.client.RpcClient.reconnect(RpcClient.java:522) ~[nacos-client-2.0.4.jar:na]
	at com.alibaba.nacos.common.remote.client.RpcClient.lambda$start$2(RpcClient.java:370) ~[nacos-client-2.0.4.jar:na]
	at java.base/java.util.concurrent.Executors$RunnableAdapter.call(Executors.java:539) ~[na:na]
	at java.base/java.util.concurrent.FutureTask.run$$$capture(FutureTask.java:264) ~[na:na]
	at java.base/java.util.concurrent.FutureTask.run(FutureTask.java) ~[na:na]
	at java.base/java.util.concurrent.ScheduledThreadPoolExecutor$ScheduledFutureTask.run(ScheduledThreadPoolExecutor.java:304) ~[na:na]
	at java.base/java.util.concurrent.ThreadPoolExecutor.runWorker(ThreadPoolExecutor.java:1136) ~[na:na]
	at java.base/java.util.concurrent.ThreadPoolExecutor$Worker.run(ThreadPoolExecutor.java:635) ~[na:na]
	at java.base/java.lang.Thread.run(Thread.java:833) ~[na:na]

12:35:27:194  INFO 90000 --- [com.alibaba.nacos.client.remote.worker] com.alibaba.nacos.common.remote.client   : [51b9458e-5840-4265-82ba-d597592a0094] Fail to connect server, after trying 36 times, last try server is {serverIp = '192.168.31.23', server main port = 8848}, error = unknown
12:35:33:897 ERROR 90000 --- [com.alibaba.nacos.client.remote.worker] c.a.n.c.remote.client.grpc.GrpcClient    : Server check fail, please check server 192.168.31.23 ,port 9848 is available , error ={}

java.util.concurrent.TimeoutException: Waited 3000 milliseconds (plus 173000 nanoseconds delay) for com.alibaba.nacos.shaded.io.grpc.stub.ClientCalls$GrpcFuture@62aaa906[status=PENDING, info=[GrpcFuture{clientCall={delegate={delegate=ClientCallImpl{method=MethodDescriptor{fullMethodName=Request/request, type=UNARY, idempotent=false, safe=false, sampledToLocalTracing=true, requestMarshaller=com.alibaba.nacos.shaded.io.grpc.protobuf.lite.ProtoLiteUtils$MessageMarshaller@3e933014, responseMarshaller=com.alibaba.nacos.shaded.io.grpc.protobuf.lite.ProtoLiteUtils$MessageMarshaller@2dbabc8f, schemaDescriptor=com.alibaba.nacos.api.grpc.auto.RequestGrpc$RequestMethodDescriptorSupplier@15f1362a}}}}}]]
	at com.alibaba.nacos.shaded.com.google.common.util.concurrent.AbstractFuture.get(AbstractFuture.java:508) ~[nacos-client-2.0.4.jar:na]
	at com.alibaba.nacos.common.remote.client.grpc.GrpcClient.serverCheck(GrpcClient.java:148) ~[nacos-client-2.0.4.jar:na]
	at com.alibaba.nacos.common.remote.client.grpc.GrpcClient.connectToServer(GrpcClient.java:264) ~[nacos-client-2.0.4.jar:na]
	at com.alibaba.nacos.common.remote.client.RpcClient.reconnect(RpcClient.java:522) ~[nacos-client-2.0.4.jar:na]
	at com.alibaba.nacos.common.remote.client.RpcClient.lambda$start$2(RpcClient.java:370) ~[nacos-client-2.0.4.jar:na]
	at java.base/java.util.concurrent.Executors$RunnableAdapter.call(Executors.java:539) ~[na:na]
	at java.base/java.util.concurrent.FutureTask.run$$$capture(FutureTask.java:264) ~[na:na]
	at java.base/java.util.concurrent.FutureTask.run(FutureTask.java) ~[na:na]
	at java.base/java.util.concurrent.ScheduledThreadPoolExecutor$ScheduledFutureTask.run(ScheduledThreadPoolExecutor.java:304) ~[na:na]
	at java.base/java.util.concurrent.ThreadPoolExecutor.runWorker(ThreadPoolExecutor.java:1136) ~[na:na]
	at java.base/java.util.concurrent.ThreadPoolExecutor$Worker.run(ThreadPoolExecutor.java:635) ~[na:na]
	at java.base/java.lang.Thread.run(Thread.java:833) ~[na:na]

12:35:33:898  INFO 90000 --- [com.alibaba.nacos.client.remote.worker] com.alibaba.nacos.common.remote.client   : [51b9458e-5840-4265-82ba-d597592a0094] Fail to connect server, after trying 37 times, last try server is {serverIp = '192.168.31.23', server main port = 8848}, error = unknown
12:35:40:701 ERROR 90000 --- [com.alibaba.nacos.client.remote.worker] c.a.n.c.remote.client.grpc.GrpcClient    : Server check fail, please check server 192.168.31.23 ,port 9848 is available , error ={}

java.util.concurrent.TimeoutException: Waited 3000 milliseconds (plus 1 milliseconds, 223500 nanoseconds delay) for com.alibaba.nacos.shaded.io.grpc.stub.ClientCalls$GrpcFuture@2334d132[status=PENDING, info=[GrpcFuture{clientCall={delegate={delegate=ClientCallImpl{method=MethodDescriptor{fullMethodName=Request/request, type=UNARY, idempotent=false, safe=false, sampledToLocalTracing=true, requestMarshaller=com.alibaba.nacos.shaded.io.grpc.protobuf.lite.ProtoLiteUtils$MessageMarshaller@3e933014, responseMarshaller=com.alibaba.nacos.shaded.io.grpc.protobuf.lite.ProtoLiteUtils$MessageMarshaller@2dbabc8f, schemaDescriptor=com.alibaba.nacos.api.grpc.auto.RequestGrpc$RequestMethodDescriptorSupplier@15f1362a}}}}}]]
	at com.alibaba.nacos.shaded.com.google.common.util.concurrent.AbstractFuture.get(AbstractFuture.java:508) ~[nacos-client-2.0.4.jar:na]
	at com.alibaba.nacos.common.remote.client.grpc.GrpcClient.serverCheck(GrpcClient.java:148) ~[nacos-client-2.0.4.jar:na]
	at com.alibaba.nacos.common.remote.client.grpc.GrpcClient.connectToServer(GrpcClient.java:264) ~[nacos-client-2.0.4.jar:na]
	at com.alibaba.nacos.common.remote.client.RpcClient.reconnect(RpcClient.java:522) ~[nacos-client-2.0.4.jar:na]
	at com.alibaba.nacos.common.remote.client.RpcClient.lambda$start$2(RpcClient.java:370) ~[nacos-client-2.0.4.jar:na]
	at java.base/java.util.concurrent.Executors$RunnableAdapter.call(Executors.java:539) ~[na:na]
	at java.base/java.util.concurrent.FutureTask.run$$$capture(FutureTask.java:264) ~[na:na]
	at java.base/java.util.concurrent.FutureTask.run(FutureTask.java) ~[na:na]
	at java.base/java.util.concurrent.ScheduledThreadPoolExecutor$ScheduledFutureTask.run(ScheduledThreadPoolExecutor.java:304) ~[na:na]
	at java.base/java.util.concurrent.ThreadPoolExecutor.runWorker(ThreadPoolExecutor.java:1136) ~[na:na]
	at java.base/java.util.concurrent.ThreadPoolExecutor$Worker.run(ThreadPoolExecutor.java:635) ~[na:na]
	at java.base/java.lang.Thread.run(Thread.java:833) ~[na:na]

12:35:40:702  INFO 90000 --- [com.alibaba.nacos.client.remote.worker] com.alibaba.nacos.common.remote.client   : [51b9458e-5840-4265-82ba-d597592a0094] Fail to connect server, after trying 38 times, last try server is {serverIp = '192.168.31.23', server main port = 8848}, error = unknown
12:35:47:605 ERROR 90000 --- [com.alibaba.nacos.client.remote.worker] c.a.n.c.remote.client.grpc.GrpcClient    : Server check fail, please check server 192.168.31.23 ,port 9848 is available , error ={}

java.util.concurrent.TimeoutException: Waited 3000 milliseconds (plus 399000 nanoseconds delay) for com.alibaba.nacos.shaded.io.grpc.stub.ClientCalls$GrpcFuture@55da2c6[status=PENDING, info=[GrpcFuture{clientCall={delegate={delegate=ClientCallImpl{method=MethodDescriptor{fullMethodName=Request/request, type=UNARY, idempotent=false, safe=false, sampledToLocalTracing=true, requestMarshaller=com.alibaba.nacos.shaded.io.grpc.protobuf.lite.ProtoLiteUtils$MessageMarshaller@3e933014, responseMarshaller=com.alibaba.nacos.shaded.io.grpc.protobuf.lite.ProtoLiteUtils$MessageMarshaller@2dbabc8f, schemaDescriptor=com.alibaba.nacos.api.grpc.auto.RequestGrpc$RequestMethodDescriptorSupplier@15f1362a}}}}}]]
	at com.alibaba.nacos.shaded.com.google.common.util.concurrent.AbstractFuture.get(AbstractFuture.java:508) ~[nacos-client-2.0.4.jar:na]
	at com.alibaba.nacos.common.remote.client.grpc.GrpcClient.serverCheck(GrpcClient.java:148) ~[nacos-client-2.0.4.jar:na]
	at com.alibaba.nacos.common.remote.client.grpc.GrpcClient.connectToServer(GrpcClient.java:264) ~[nacos-client-2.0.4.jar:na]
	at com.alibaba.nacos.common.remote.client.RpcClient.reconnect(RpcClient.java:522) ~[nacos-client-2.0.4.jar:na]
	at com.alibaba.nacos.common.remote.client.RpcClient.lambda$start$2(RpcClient.java:370) ~[nacos-client-2.0.4.jar:na]
	at java.base/java.util.concurrent.Executors$RunnableAdapter.call(Executors.java:539) ~[na:na]
	at java.base/java.util.concurrent.FutureTask.run$$$capture(FutureTask.java:264) ~[na:na]
	at java.base/java.util.concurrent.FutureTask.run(FutureTask.java) ~[na:na]
	at java.base/java.util.concurrent.ScheduledThreadPoolExecutor$ScheduledFutureTask.run(ScheduledThreadPoolExecutor.java:304) ~[na:na]
	at java.base/java.util.concurrent.ThreadPoolExecutor.runWorker(ThreadPoolExecutor.java:1136) ~[na:na]
	at java.base/java.util.concurrent.ThreadPoolExecutor$Worker.run(ThreadPoolExecutor.java:635) ~[na:na]
	at java.base/java.lang.Thread.run(Thread.java:833) ~[na:na]

12:35:47:606  INFO 90000 --- [com.alibaba.nacos.client.remote.worker] com.alibaba.nacos.common.remote.client   : [51b9458e-5840-4265-82ba-d597592a0094] Fail to connect server, after trying 39 times, last try server is {serverIp = '192.168.31.23', server main port = 8848}, error = unknown
12:35:54:608 ERROR 90000 --- [com.alibaba.nacos.client.remote.worker] c.a.n.c.remote.client.grpc.GrpcClient    : Server check fail, please check server 192.168.31.23 ,port 9848 is available , error ={}

java.util.concurrent.TimeoutException: Waited 3000 milliseconds (plus 228700 nanoseconds delay) for com.alibaba.nacos.shaded.io.grpc.stub.ClientCalls$GrpcFuture@265060f[status=PENDING, info=[GrpcFuture{clientCall={delegate={delegate=ClientCallImpl{method=MethodDescriptor{fullMethodName=Request/request, type=UNARY, idempotent=false, safe=false, sampledToLocalTracing=true, requestMarshaller=com.alibaba.nacos.shaded.io.grpc.protobuf.lite.ProtoLiteUtils$MessageMarshaller@3e933014, responseMarshaller=com.alibaba.nacos.shaded.io.grpc.protobuf.lite.ProtoLiteUtils$MessageMarshaller@2dbabc8f, schemaDescriptor=com.alibaba.nacos.api.grpc.auto.RequestGrpc$RequestMethodDescriptorSupplier@15f1362a}}}}}]]
	at com.alibaba.nacos.shaded.com.google.common.util.concurrent.AbstractFuture.get(AbstractFuture.java:508) ~[nacos-client-2.0.4.jar:na]
	at com.alibaba.nacos.common.remote.client.grpc.GrpcClient.serverCheck(GrpcClient.java:148) ~[nacos-client-2.0.4.jar:na]
	at com.alibaba.nacos.common.remote.client.grpc.GrpcClient.connectToServer(GrpcClient.java:264) ~[nacos-client-2.0.4.jar:na]
	at com.alibaba.nacos.common.remote.client.RpcClient.reconnect(RpcClient.java:522) ~[nacos-client-2.0.4.jar:na]
	at com.alibaba.nacos.common.remote.client.RpcClient.lambda$start$2(RpcClient.java:370) ~[nacos-client-2.0.4.jar:na]
	at java.base/java.util.concurrent.Executors$RunnableAdapter.call(Executors.java:539) ~[na:na]
	at java.base/java.util.concurrent.FutureTask.run$$$capture(FutureTask.java:264) ~[na:na]
	at java.base/java.util.concurrent.FutureTask.run(FutureTask.java) ~[na:na]
	at java.base/java.util.concurrent.ScheduledThreadPoolExecutor$ScheduledFutureTask.run(ScheduledThreadPoolExecutor.java:304) ~[na:na]
	at java.base/java.util.concurrent.ThreadPoolExecutor.runWorker(ThreadPoolExecutor.java:1136) ~[na:na]
	at java.base/java.util.concurrent.ThreadPoolExecutor$Worker.run(ThreadPoolExecutor.java:635) ~[na:na]
	at java.base/java.lang.Thread.run(Thread.java:833) ~[na:na]

12:35:54:609  INFO 90000 --- [com.alibaba.nacos.client.remote.worker] com.alibaba.nacos.common.remote.client   : [51b9458e-5840-4265-82ba-d597592a0094] Fail to connect server, after trying 40 times, last try server is {serverIp = '192.168.31.23', server main port = 8848}, error = unknown
12:36:01:712 ERROR 90000 --- [com.alibaba.nacos.client.remote.worker] c.a.n.c.remote.client.grpc.GrpcClient    : Server check fail, please check server 192.168.31.23 ,port 9848 is available , error ={}

java.util.concurrent.TimeoutException: Waited 3000 milliseconds (plus 706000 nanoseconds delay) for com.alibaba.nacos.shaded.io.grpc.stub.ClientCalls$GrpcFuture@6b0c390b[status=PENDING, info=[GrpcFuture{clientCall={delegate={delegate=ClientCallImpl{method=MethodDescriptor{fullMethodName=Request/request, type=UNARY, idempotent=false, safe=false, sampledToLocalTracing=true, requestMarshaller=com.alibaba.nacos.shaded.io.grpc.protobuf.lite.ProtoLiteUtils$MessageMarshaller@3e933014, responseMarshaller=com.alibaba.nacos.shaded.io.grpc.protobuf.lite.ProtoLiteUtils$MessageMarshaller@2dbabc8f, schemaDescriptor=com.alibaba.nacos.api.grpc.auto.RequestGrpc$RequestMethodDescriptorSupplier@15f1362a}}}}}]]
	at com.alibaba.nacos.shaded.com.google.common.util.concurrent.AbstractFuture.get(AbstractFuture.java:508) ~[nacos-client-2.0.4.jar:na]
	at com.alibaba.nacos.common.remote.client.grpc.GrpcClient.serverCheck(GrpcClient.java:148) ~[nacos-client-2.0.4.jar:na]
	at com.alibaba.nacos.common.remote.client.grpc.GrpcClient.connectToServer(GrpcClient.java:264) ~[nacos-client-2.0.4.jar:na]
	at com.alibaba.nacos.common.remote.client.RpcClient.reconnect(RpcClient.java:522) ~[nacos-client-2.0.4.jar:na]
	at com.alibaba.nacos.common.remote.client.RpcClient.lambda$start$2(RpcClient.java:370) ~[nacos-client-2.0.4.jar:na]
	at java.base/java.util.concurrent.Executors$RunnableAdapter.call(Executors.java:539) ~[na:na]
	at java.base/java.util.concurrent.FutureTask.run$$$capture(FutureTask.java:264) ~[na:na]
	at java.base/java.util.concurrent.FutureTask.run(FutureTask.java) ~[na:na]
	at java.base/java.util.concurrent.ScheduledThreadPoolExecutor$ScheduledFutureTask.run(ScheduledThreadPoolExecutor.java:304) ~[na:na]
	at java.base/java.util.concurrent.ThreadPoolExecutor.runWorker(ThreadPoolExecutor.java:1136) ~[na:na]
	at java.base/java.util.concurrent.ThreadPoolExecutor$Worker.run(ThreadPoolExecutor.java:635) ~[na:na]
	at java.base/java.lang.Thread.run(Thread.java:833) ~[na:na]

12:36:01:713  INFO 90000 --- [com.alibaba.nacos.client.remote.worker] com.alibaba.nacos.common.remote.client   : [51b9458e-5840-4265-82ba-d597592a0094] Fail to connect server, after trying 41 times, last try server is {serverIp = '192.168.31.23', server main port = 8848}, error = unknown
12:36:08:916 ERROR 90000 --- [com.alibaba.nacos.client.remote.worker] c.a.n.c.remote.client.grpc.GrpcClient    : Server check fail, please check server 192.168.31.23 ,port 9848 is available , error ={}

java.util.concurrent.TimeoutException: Waited 3000 milliseconds (plus 779800 nanoseconds delay) for com.alibaba.nacos.shaded.io.grpc.stub.ClientCalls$GrpcFuture@364589eb[status=PENDING, info=[GrpcFuture{clientCall={delegate={delegate=ClientCallImpl{method=MethodDescriptor{fullMethodName=Request/request, type=UNARY, idempotent=false, safe=false, sampledToLocalTracing=true, requestMarshaller=com.alibaba.nacos.shaded.io.grpc.protobuf.lite.ProtoLiteUtils$MessageMarshaller@3e933014, responseMarshaller=com.alibaba.nacos.shaded.io.grpc.protobuf.lite.ProtoLiteUtils$MessageMarshaller@2dbabc8f, schemaDescriptor=com.alibaba.nacos.api.grpc.auto.RequestGrpc$RequestMethodDescriptorSupplier@15f1362a}}}}}]]
	at com.alibaba.nacos.shaded.com.google.common.util.concurrent.AbstractFuture.get(AbstractFuture.java:508) ~[nacos-client-2.0.4.jar:na]
	at com.alibaba.nacos.common.remote.client.grpc.GrpcClient.serverCheck(GrpcClient.java:148) ~[nacos-client-2.0.4.jar:na]
	at com.alibaba.nacos.common.remote.client.grpc.GrpcClient.connectToServer(GrpcClient.java:264) ~[nacos-client-2.0.4.jar:na]
	at com.alibaba.nacos.common.remote.client.RpcClient.reconnect(RpcClient.java:522) ~[nacos-client-2.0.4.jar:na]
	at com.alibaba.nacos.common.remote.client.RpcClient.lambda$start$2(RpcClient.java:370) ~[nacos-client-2.0.4.jar:na]
	at java.base/java.util.concurrent.Executors$RunnableAdapter.call(Executors.java:539) ~[na:na]
	at java.base/java.util.concurrent.FutureTask.run$$$capture(FutureTask.java:264) ~[na:na]
	at java.base/java.util.concurrent.FutureTask.run(FutureTask.java) ~[na:na]
	at java.base/java.util.concurrent.ScheduledThreadPoolExecutor$ScheduledFutureTask.run(ScheduledThreadPoolExecutor.java:304) ~[na:na]
	at java.base/java.util.concurrent.ThreadPoolExecutor.runWorker(ThreadPoolExecutor.java:1136) ~[na:na]
	at java.base/java.util.concurrent.ThreadPoolExecutor$Worker.run(ThreadPoolExecutor.java:635) ~[na:na]
	at java.base/java.lang.Thread.run(Thread.java:833) ~[na:na]

12:36:08:917  INFO 90000 --- [com.alibaba.nacos.client.remote.worker] com.alibaba.nacos.common.remote.client   : [51b9458e-5840-4265-82ba-d597592a0094] Fail to connect server, after trying 42 times, last try server is {serverIp = '192.168.31.23', server main port = 8848}, error = unknown
12:36:10:064 ERROR 90000 --- [com.alibaba.nacos.client.naming.updater.5] com.alibaba.nacos.common.remote.client   : Send request fail, request = ServiceQueryRequest{headers={app=unknown}, requestId='null'}, retryTimes = 0, errorMessage = Client not connected, current status:UNHEALTHY
12:36:10:164 ERROR 90000 --- [com.alibaba.nacos.client.naming.updater.5] com.alibaba.nacos.common.remote.client   : Send request fail, request = ServiceQueryRequest{headers={app=unknown}, requestId='null'}, retryTimes = 1, errorMessage = Client not connected, current status:UNHEALTHY
12:36:10:265 ERROR 90000 --- [com.alibaba.nacos.client.naming.updater.5] com.alibaba.nacos.common.remote.client   : Send request fail, request = ServiceQueryRequest{headers={app=unknown}, requestId='null'}, retryTimes = 2, errorMessage = Client not connected, current status:UNHEALTHY
12:36:16:221 ERROR 90000 --- [com.alibaba.nacos.client.remote.worker] c.a.n.c.remote.client.grpc.GrpcClient    : Server check fail, please check server 192.168.31.23 ,port 9848 is available , error ={}

java.util.concurrent.TimeoutException: Waited 3000 milliseconds (plus 408000 nanoseconds delay) for com.alibaba.nacos.shaded.io.grpc.stub.ClientCalls$GrpcFuture@16ee27d8[status=PENDING, info=[GrpcFuture{clientCall={delegate={delegate=ClientCallImpl{method=MethodDescriptor{fullMethodName=Request/request, type=UNARY, idempotent=false, safe=false, sampledToLocalTracing=true, requestMarshaller=com.alibaba.nacos.shaded.io.grpc.protobuf.lite.ProtoLiteUtils$MessageMarshaller@3e933014, responseMarshaller=com.alibaba.nacos.shaded.io.grpc.protobuf.lite.ProtoLiteUtils$MessageMarshaller@2dbabc8f, schemaDescriptor=com.alibaba.nacos.api.grpc.auto.RequestGrpc$RequestMethodDescriptorSupplier@15f1362a}}}}}]]
	at com.alibaba.nacos.shaded.com.google.common.util.concurrent.AbstractFuture.get(AbstractFuture.java:508) ~[nacos-client-2.0.4.jar:na]
	at com.alibaba.nacos.common.remote.client.grpc.GrpcClient.serverCheck(GrpcClient.java:148) ~[nacos-client-2.0.4.jar:na]
	at com.alibaba.nacos.common.remote.client.grpc.GrpcClient.connectToServer(GrpcClient.java:264) ~[nacos-client-2.0.4.jar:na]
	at com.alibaba.nacos.common.remote.client.RpcClient.reconnect(RpcClient.java:522) ~[nacos-client-2.0.4.jar:na]
	at com.alibaba.nacos.common.remote.client.RpcClient.lambda$start$2(RpcClient.java:370) ~[nacos-client-2.0.4.jar:na]
	at java.base/java.util.concurrent.Executors$RunnableAdapter.call(Executors.java:539) ~[na:na]
	at java.base/java.util.concurrent.FutureTask.run$$$capture(FutureTask.java:264) ~[na:na]
	at java.base/java.util.concurrent.FutureTask.run(FutureTask.java) ~[na:na]
	at java.base/java.util.concurrent.ScheduledThreadPoolExecutor$ScheduledFutureTask.run(ScheduledThreadPoolExecutor.java:304) ~[na:na]
	at java.base/java.util.concurrent.ThreadPoolExecutor.runWorker(ThreadPoolExecutor.java:1136) ~[na:na]
	at java.base/java.util.concurrent.ThreadPoolExecutor$Worker.run(ThreadPoolExecutor.java:635) ~[na:na]
	at java.base/java.lang.Thread.run(Thread.java:833) ~[na:na]

12:36:16:223  INFO 90000 --- [com.alibaba.nacos.client.remote.worker] com.alibaba.nacos.common.remote.client   : [51b9458e-5840-4265-82ba-d597592a0094] Fail to connect server, after trying 43 times, last try server is {serverIp = '192.168.31.23', server main port = 8848}, error = unknown
12:36:23:628 ERROR 90000 --- [com.alibaba.nacos.client.remote.worker] c.a.n.c.remote.client.grpc.GrpcClient    : Server check fail, please check server 192.168.31.23 ,port 9848 is available , error ={}

java.util.concurrent.TimeoutException: Waited 3000 milliseconds (plus 1 milliseconds, 242300 nanoseconds delay) for com.alibaba.nacos.shaded.io.grpc.stub.ClientCalls$GrpcFuture@61899b0b[status=PENDING, info=[GrpcFuture{clientCall={delegate={delegate=ClientCallImpl{method=MethodDescriptor{fullMethodName=Request/request, type=UNARY, idempotent=false, safe=false, sampledToLocalTracing=true, requestMarshaller=com.alibaba.nacos.shaded.io.grpc.protobuf.lite.ProtoLiteUtils$MessageMarshaller@3e933014, responseMarshaller=com.alibaba.nacos.shaded.io.grpc.protobuf.lite.ProtoLiteUtils$MessageMarshaller@2dbabc8f, schemaDescriptor=com.alibaba.nacos.api.grpc.auto.RequestGrpc$RequestMethodDescriptorSupplier@15f1362a}}}}}]]
	at com.alibaba.nacos.shaded.com.google.common.util.concurrent.AbstractFuture.get(AbstractFuture.java:508) ~[nacos-client-2.0.4.jar:na]
	at com.alibaba.nacos.common.remote.client.grpc.GrpcClient.serverCheck(GrpcClient.java:148) ~[nacos-client-2.0.4.jar:na]
	at com.alibaba.nacos.common.remote.client.grpc.GrpcClient.connectToServer(GrpcClient.java:264) ~[nacos-client-2.0.4.jar:na]
	at com.alibaba.nacos.common.remote.client.RpcClient.reconnect(RpcClient.java:522) ~[nacos-client-2.0.4.jar:na]
	at com.alibaba.nacos.common.remote.client.RpcClient.lambda$start$2(RpcClient.java:370) ~[nacos-client-2.0.4.jar:na]
	at java.base/java.util.concurrent.Executors$RunnableAdapter.call(Executors.java:539) ~[na:na]
	at java.base/java.util.concurrent.FutureTask.run$$$capture(FutureTask.java:264) ~[na:na]
	at java.base/java.util.concurrent.FutureTask.run(FutureTask.java) ~[na:na]
	at java.base/java.util.concurrent.ScheduledThreadPoolExecutor$ScheduledFutureTask.run(ScheduledThreadPoolExecutor.java:304) ~[na:na]
	at java.base/java.util.concurrent.ThreadPoolExecutor.runWorker(ThreadPoolExecutor.java:1136) ~[na:na]
	at java.base/java.util.concurrent.ThreadPoolExecutor$Worker.run(ThreadPoolExecutor.java:635) ~[na:na]
	at java.base/java.lang.Thread.run(Thread.java:833) ~[na:na]

12:36:23:629  INFO 90000 --- [com.alibaba.nacos.client.remote.worker] com.alibaba.nacos.common.remote.client   : [51b9458e-5840-4265-82ba-d597592a0094] Fail to connect server, after trying 44 times, last try server is {serverIp = '192.168.31.23', server main port = 8848}, error = unknown
12:36:31:134 ERROR 90000 --- [com.alibaba.nacos.client.remote.worker] c.a.n.c.remote.client.grpc.GrpcClient    : Server check fail, please check server 192.168.31.23 ,port 9848 is available , error ={}

java.util.concurrent.TimeoutException: Waited 3000 milliseconds (plus 1 milliseconds, 309600 nanoseconds delay) for com.alibaba.nacos.shaded.io.grpc.stub.ClientCalls$GrpcFuture@3e8faf2c[status=PENDING, info=[GrpcFuture{clientCall={delegate={delegate=ClientCallImpl{method=MethodDescriptor{fullMethodName=Request/request, type=UNARY, idempotent=false, safe=false, sampledToLocalTracing=true, requestMarshaller=com.alibaba.nacos.shaded.io.grpc.protobuf.lite.ProtoLiteUtils$MessageMarshaller@3e933014, responseMarshaller=com.alibaba.nacos.shaded.io.grpc.protobuf.lite.ProtoLiteUtils$MessageMarshaller@2dbabc8f, schemaDescriptor=com.alibaba.nacos.api.grpc.auto.RequestGrpc$RequestMethodDescriptorSupplier@15f1362a}}}}}]]
	at com.alibaba.nacos.shaded.com.google.common.util.concurrent.AbstractFuture.get(AbstractFuture.java:508) ~[nacos-client-2.0.4.jar:na]
	at com.alibaba.nacos.common.remote.client.grpc.GrpcClient.serverCheck(GrpcClient.java:148) ~[nacos-client-2.0.4.jar:na]
	at com.alibaba.nacos.common.remote.client.grpc.GrpcClient.connectToServer(GrpcClient.java:264) ~[nacos-client-2.0.4.jar:na]
	at com.alibaba.nacos.common.remote.client.RpcClient.reconnect(RpcClient.java:522) ~[nacos-client-2.0.4.jar:na]
	at com.alibaba.nacos.common.remote.client.RpcClient.lambda$start$2(RpcClient.java:370) ~[nacos-client-2.0.4.jar:na]
	at java.base/java.util.concurrent.Executors$RunnableAdapter.call(Executors.java:539) ~[na:na]
	at java.base/java.util.concurrent.FutureTask.run$$$capture(FutureTask.java:264) ~[na:na]
	at java.base/java.util.concurrent.FutureTask.run(FutureTask.java) ~[na:na]
	at java.base/java.util.concurrent.ScheduledThreadPoolExecutor$ScheduledFutureTask.run(ScheduledThreadPoolExecutor.java:304) ~[na:na]
	at java.base/java.util.concurrent.ThreadPoolExecutor.runWorker(ThreadPoolExecutor.java:1136) ~[na:na]
	at java.base/java.util.concurrent.ThreadPoolExecutor$Worker.run(ThreadPoolExecutor.java:635) ~[na:na]
	at java.base/java.lang.Thread.run(Thread.java:833) ~[na:na]

12:36:31:135  INFO 90000 --- [com.alibaba.nacos.client.remote.worker] com.alibaba.nacos.common.remote.client   : [51b9458e-5840-4265-82ba-d597592a0094] Fail to connect server, after trying 45 times, last try server is {serverIp = '192.168.31.23', server main port = 8848}, error = unknown
12:36:38:738 ERROR 90000 --- [com.alibaba.nacos.client.remote.worker] c.a.n.c.remote.client.grpc.GrpcClient    : Server check fail, please check server 192.168.31.23 ,port 9848 is available , error ={}

java.util.concurrent.TimeoutException: Waited 3000 milliseconds (plus 266700 nanoseconds delay) for com.alibaba.nacos.shaded.io.grpc.stub.ClientCalls$GrpcFuture@3fc2cf1f[status=PENDING, info=[GrpcFuture{clientCall={delegate={delegate=ClientCallImpl{method=MethodDescriptor{fullMethodName=Request/request, type=UNARY, idempotent=false, safe=false, sampledToLocalTracing=true, requestMarshaller=com.alibaba.nacos.shaded.io.grpc.protobuf.lite.ProtoLiteUtils$MessageMarshaller@3e933014, responseMarshaller=com.alibaba.nacos.shaded.io.grpc.protobuf.lite.ProtoLiteUtils$MessageMarshaller@2dbabc8f, schemaDescriptor=com.alibaba.nacos.api.grpc.auto.RequestGrpc$RequestMethodDescriptorSupplier@15f1362a}}}}}]]
	at com.alibaba.nacos.shaded.com.google.common.util.concurrent.AbstractFuture.get(AbstractFuture.java:508) ~[nacos-client-2.0.4.jar:na]
	at com.alibaba.nacos.common.remote.client.grpc.GrpcClient.serverCheck(GrpcClient.java:148) ~[nacos-client-2.0.4.jar:na]
	at com.alibaba.nacos.common.remote.client.grpc.GrpcClient.connectToServer(GrpcClient.java:264) ~[nacos-client-2.0.4.jar:na]
	at com.alibaba.nacos.common.remote.client.RpcClient.reconnect(RpcClient.java:522) ~[nacos-client-2.0.4.jar:na]
	at com.alibaba.nacos.common.remote.client.RpcClient.lambda$start$2(RpcClient.java:370) ~[nacos-client-2.0.4.jar:na]
	at java.base/java.util.concurrent.Executors$RunnableAdapter.call(Executors.java:539) ~[na:na]
	at java.base/java.util.concurrent.FutureTask.run$$$capture(FutureTask.java:264) ~[na:na]
	at java.base/java.util.concurrent.FutureTask.run(FutureTask.java) ~[na:na]
	at java.base/java.util.concurrent.ScheduledThreadPoolExecutor$ScheduledFutureTask.run(ScheduledThreadPoolExecutor.java:304) ~[na:na]
	at java.base/java.util.concurrent.ThreadPoolExecutor.runWorker(ThreadPoolExecutor.java:1136) ~[na:na]
	at java.base/java.util.concurrent.ThreadPoolExecutor$Worker.run(ThreadPoolExecutor.java:635) ~[na:na]
	at java.base/java.lang.Thread.run(Thread.java:833) ~[na:na]

12:36:38:739  INFO 90000 --- [com.alibaba.nacos.client.remote.worker] com.alibaba.nacos.common.remote.client   : [51b9458e-5840-4265-82ba-d597592a0094] Fail to connect server, after trying 46 times, last try server is {serverIp = '192.168.31.23', server main port = 8848}, error = unknown
12:36:46:444 ERROR 90000 --- [com.alibaba.nacos.client.remote.worker] c.a.n.c.remote.client.grpc.GrpcClient    : Server check fail, please check server 192.168.31.23 ,port 9848 is available , error ={}

java.util.concurrent.TimeoutException: Waited 3000 milliseconds (plus 1 milliseconds, 887600 nanoseconds delay) for com.alibaba.nacos.shaded.io.grpc.stub.ClientCalls$GrpcFuture@6f22fb39[status=PENDING, info=[GrpcFuture{clientCall={delegate={delegate=ClientCallImpl{method=MethodDescriptor{fullMethodName=Request/request, type=UNARY, idempotent=false, safe=false, sampledToLocalTracing=true, requestMarshaller=com.alibaba.nacos.shaded.io.grpc.protobuf.lite.ProtoLiteUtils$MessageMarshaller@3e933014, responseMarshaller=com.alibaba.nacos.shaded.io.grpc.protobuf.lite.ProtoLiteUtils$MessageMarshaller@2dbabc8f, schemaDescriptor=com.alibaba.nacos.api.grpc.auto.RequestGrpc$RequestMethodDescriptorSupplier@15f1362a}}}}}]]
	at com.alibaba.nacos.shaded.com.google.common.util.concurrent.AbstractFuture.get(AbstractFuture.java:508) ~[nacos-client-2.0.4.jar:na]
	at com.alibaba.nacos.common.remote.client.grpc.GrpcClient.serverCheck(GrpcClient.java:148) ~[nacos-client-2.0.4.jar:na]
	at com.alibaba.nacos.common.remote.client.grpc.GrpcClient.connectToServer(GrpcClient.java:264) ~[nacos-client-2.0.4.jar:na]
	at com.alibaba.nacos.common.remote.client.RpcClient.reconnect(RpcClient.java:522) ~[nacos-client-2.0.4.jar:na]
	at com.alibaba.nacos.common.remote.client.RpcClient.lambda$start$2(RpcClient.java:370) ~[nacos-client-2.0.4.jar:na]
	at java.base/java.util.concurrent.Executors$RunnableAdapter.call(Executors.java:539) ~[na:na]
	at java.base/java.util.concurrent.FutureTask.run$$$capture(FutureTask.java:264) ~[na:na]
	at java.base/java.util.concurrent.FutureTask.run(FutureTask.java) ~[na:na]
	at java.base/java.util.concurrent.ScheduledThreadPoolExecutor$ScheduledFutureTask.run(ScheduledThreadPoolExecutor.java:304) ~[na:na]
	at java.base/java.util.concurrent.ThreadPoolExecutor.runWorker(ThreadPoolExecutor.java:1136) ~[na:na]
	at java.base/java.util.concurrent.ThreadPoolExecutor$Worker.run(ThreadPoolExecutor.java:635) ~[na:na]
	at java.base/java.lang.Thread.run(Thread.java:833) ~[na:na]

12:36:46:447  INFO 90000 --- [com.alibaba.nacos.client.remote.worker] com.alibaba.nacos.common.remote.client   : [51b9458e-5840-4265-82ba-d597592a0094] Fail to connect server, after trying 47 times, last try server is {serverIp = '192.168.31.23', server main port = 8848}, error = unknown
12:36:54:249 ERROR 90000 --- [com.alibaba.nacos.client.remote.worker] c.a.n.c.remote.client.grpc.GrpcClient    : Server check fail, please check server 192.168.31.23 ,port 9848 is available , error ={}

java.util.concurrent.TimeoutException: Waited 3000 milliseconds (plus 928200 nanoseconds delay) for com.alibaba.nacos.shaded.io.grpc.stub.ClientCalls$GrpcFuture@3fcede01[status=PENDING, info=[GrpcFuture{clientCall={delegate={delegate=ClientCallImpl{method=MethodDescriptor{fullMethodName=Request/request, type=UNARY, idempotent=false, safe=false, sampledToLocalTracing=true, requestMarshaller=com.alibaba.nacos.shaded.io.grpc.protobuf.lite.ProtoLiteUtils$MessageMarshaller@3e933014, responseMarshaller=com.alibaba.nacos.shaded.io.grpc.protobuf.lite.ProtoLiteUtils$MessageMarshaller@2dbabc8f, schemaDescriptor=com.alibaba.nacos.api.grpc.auto.RequestGrpc$RequestMethodDescriptorSupplier@15f1362a}}}}}]]
	at com.alibaba.nacos.shaded.com.google.common.util.concurrent.AbstractFuture.get(AbstractFuture.java:508) ~[nacos-client-2.0.4.jar:na]
	at com.alibaba.nacos.common.remote.client.grpc.GrpcClient.serverCheck(GrpcClient.java:148) ~[nacos-client-2.0.4.jar:na]
	at com.alibaba.nacos.common.remote.client.grpc.GrpcClient.connectToServer(GrpcClient.java:264) ~[nacos-client-2.0.4.jar:na]
	at com.alibaba.nacos.common.remote.client.RpcClient.reconnect(RpcClient.java:522) ~[nacos-client-2.0.4.jar:na]
	at com.alibaba.nacos.common.remote.client.RpcClient.lambda$start$2(RpcClient.java:370) ~[nacos-client-2.0.4.jar:na]
	at java.base/java.util.concurrent.Executors$RunnableAdapter.call(Executors.java:539) ~[na:na]
	at java.base/java.util.concurrent.FutureTask.run$$$capture(FutureTask.java:264) ~[na:na]
	at java.base/java.util.concurrent.FutureTask.run(FutureTask.java) ~[na:na]
	at java.base/java.util.concurrent.ScheduledThreadPoolExecutor$ScheduledFutureTask.run(ScheduledThreadPoolExecutor.java:304) ~[na:na]
	at java.base/java.util.concurrent.ThreadPoolExecutor.runWorker(ThreadPoolExecutor.java:1136) ~[na:na]
	at java.base/java.util.concurrent.ThreadPoolExecutor$Worker.run(ThreadPoolExecutor.java:635) ~[na:na]
	at java.base/java.lang.Thread.run(Thread.java:833) ~[na:na]

12:36:54:252  INFO 90000 --- [com.alibaba.nacos.client.remote.worker] com.alibaba.nacos.common.remote.client   : [51b9458e-5840-4265-82ba-d597592a0094] Fail to connect server, after trying 48 times, last try server is {serverIp = '192.168.31.23', server main port = 8848}, error = unknown
12:37:02:155 ERROR 90000 --- [com.alibaba.nacos.client.remote.worker] c.a.n.c.remote.client.grpc.GrpcClient    : Server check fail, please check server 192.168.31.23 ,port 9848 is available , error ={}

java.util.concurrent.TimeoutException: Waited 3000 milliseconds (plus 220800 nanoseconds delay) for com.alibaba.nacos.shaded.io.grpc.stub.ClientCalls$GrpcFuture@23d5d3c1[status=PENDING, info=[GrpcFuture{clientCall={delegate={delegate=ClientCallImpl{method=MethodDescriptor{fullMethodName=Request/request, type=UNARY, idempotent=false, safe=false, sampledToLocalTracing=true, requestMarshaller=com.alibaba.nacos.shaded.io.grpc.protobuf.lite.ProtoLiteUtils$MessageMarshaller@3e933014, responseMarshaller=com.alibaba.nacos.shaded.io.grpc.protobuf.lite.ProtoLiteUtils$MessageMarshaller@2dbabc8f, schemaDescriptor=com.alibaba.nacos.api.grpc.auto.RequestGrpc$RequestMethodDescriptorSupplier@15f1362a}}}}}]]
	at com.alibaba.nacos.shaded.com.google.common.util.concurrent.AbstractFuture.get(AbstractFuture.java:508) ~[nacos-client-2.0.4.jar:na]
	at com.alibaba.nacos.common.remote.client.grpc.GrpcClient.serverCheck(GrpcClient.java:148) ~[nacos-client-2.0.4.jar:na]
	at com.alibaba.nacos.common.remote.client.grpc.GrpcClient.connectToServer(GrpcClient.java:264) ~[nacos-client-2.0.4.jar:na]
	at com.alibaba.nacos.common.remote.client.RpcClient.reconnect(RpcClient.java:522) ~[nacos-client-2.0.4.jar:na]
	at com.alibaba.nacos.common.remote.client.RpcClient.lambda$start$2(RpcClient.java:370) ~[nacos-client-2.0.4.jar:na]
	at java.base/java.util.concurrent.Executors$RunnableAdapter.call(Executors.java:539) ~[na:na]
	at java.base/java.util.concurrent.FutureTask.run$$$capture(FutureTask.java:264) ~[na:na]
	at java.base/java.util.concurrent.FutureTask.run(FutureTask.java) ~[na:na]
	at java.base/java.util.concurrent.ScheduledThreadPoolExecutor$ScheduledFutureTask.run(ScheduledThreadPoolExecutor.java:304) ~[na:na]
	at java.base/java.util.concurrent.ThreadPoolExecutor.runWorker(ThreadPoolExecutor.java:1136) ~[na:na]
	at java.base/java.util.concurrent.ThreadPoolExecutor$Worker.run(ThreadPoolExecutor.java:635) ~[na:na]
	at java.base/java.lang.Thread.run(Thread.java:833) ~[na:na]

12:37:02:157  INFO 90000 --- [com.alibaba.nacos.client.remote.worker] com.alibaba.nacos.common.remote.client   : [51b9458e-5840-4265-82ba-d597592a0094] Fail to connect server, after trying 49 times, last try server is {serverIp = '192.168.31.23', server main port = 8848}, error = unknown
12:37:10:161 ERROR 90000 --- [com.alibaba.nacos.client.remote.worker] c.a.n.c.remote.client.grpc.GrpcClient    : Server check fail, please check server 192.168.31.23 ,port 9848 is available , error ={}

java.util.concurrent.TimeoutException: Waited 3000 milliseconds (plus 838200 nanoseconds delay) for com.alibaba.nacos.shaded.io.grpc.stub.ClientCalls$GrpcFuture@559308b9[status=PENDING, info=[GrpcFuture{clientCall={delegate={delegate=ClientCallImpl{method=MethodDescriptor{fullMethodName=Request/request, type=UNARY, idempotent=false, safe=false, sampledToLocalTracing=true, requestMarshaller=com.alibaba.nacos.shaded.io.grpc.protobuf.lite.ProtoLiteUtils$MessageMarshaller@3e933014, responseMarshaller=com.alibaba.nacos.shaded.io.grpc.protobuf.lite.ProtoLiteUtils$MessageMarshaller@2dbabc8f, schemaDescriptor=com.alibaba.nacos.api.grpc.auto.RequestGrpc$RequestMethodDescriptorSupplier@15f1362a}}}}}]]
	at com.alibaba.nacos.shaded.com.google.common.util.concurrent.AbstractFuture.get(AbstractFuture.java:508) ~[nacos-client-2.0.4.jar:na]
	at com.alibaba.nacos.common.remote.client.grpc.GrpcClient.serverCheck(GrpcClient.java:148) ~[nacos-client-2.0.4.jar:na]
	at com.alibaba.nacos.common.remote.client.grpc.GrpcClient.connectToServer(GrpcClient.java:264) ~[nacos-client-2.0.4.jar:na]
	at com.alibaba.nacos.common.remote.client.RpcClient.reconnect(RpcClient.java:522) ~[nacos-client-2.0.4.jar:na]
	at com.alibaba.nacos.common.remote.client.RpcClient.lambda$start$2(RpcClient.java:370) ~[nacos-client-2.0.4.jar:na]
	at java.base/java.util.concurrent.Executors$RunnableAdapter.call(Executors.java:539) ~[na:na]
	at java.base/java.util.concurrent.FutureTask.run$$$capture(FutureTask.java:264) ~[na:na]
	at java.base/java.util.concurrent.FutureTask.run(FutureTask.java) ~[na:na]
	at java.base/java.util.concurrent.ScheduledThreadPoolExecutor$ScheduledFutureTask.run(ScheduledThreadPoolExecutor.java:304) ~[na:na]
	at java.base/java.util.concurrent.ThreadPoolExecutor.runWorker(ThreadPoolExecutor.java:1136) ~[na:na]
	at java.base/java.util.concurrent.ThreadPoolExecutor$Worker.run(ThreadPoolExecutor.java:635) ~[na:na]
	at java.base/java.lang.Thread.run(Thread.java:833) ~[na:na]

12:37:10:162  INFO 90000 --- [com.alibaba.nacos.client.remote.worker] com.alibaba.nacos.common.remote.client   : [51b9458e-5840-4265-82ba-d597592a0094] Fail to connect server, after trying 50 times, last try server is {serverIp = '192.168.31.23', server main port = 8848}, error = unknown
12:37:10:367 ERROR 90000 --- [com.alibaba.nacos.client.naming.updater.5] com.alibaba.nacos.common.remote.client   : Send request fail, request = ServiceQueryRequest{headers={app=unknown}, requestId='null'}, retryTimes = 0, errorMessage = Client not connected, current status:UNHEALTHY
12:37:10:469 ERROR 90000 --- [com.alibaba.nacos.client.naming.updater.5] com.alibaba.nacos.common.remote.client   : Send request fail, request = ServiceQueryRequest{headers={app=unknown}, requestId='null'}, retryTimes = 1, errorMessage = Client not connected, current status:UNHEALTHY
12:37:10:571 ERROR 90000 --- [com.alibaba.nacos.client.naming.updater.5] com.alibaba.nacos.common.remote.client   : Send request fail, request = ServiceQueryRequest{headers={app=unknown}, requestId='null'}, retryTimes = 2, errorMessage = Client not connected, current status:UNHEALTHY
12:37:18:166 ERROR 90000 --- [com.alibaba.nacos.client.remote.worker] c.a.n.c.remote.client.grpc.GrpcClient    : Server check fail, please check server 192.168.31.23 ,port 9848 is available , error ={}

java.util.concurrent.TimeoutException: Waited 3000 milliseconds (plus 1 milliseconds, 843800 nanoseconds delay) for com.alibaba.nacos.shaded.io.grpc.stub.ClientCalls$GrpcFuture@1df4d8e5[status=PENDING, info=[GrpcFuture{clientCall={delegate={delegate=ClientCallImpl{method=MethodDescriptor{fullMethodName=Request/request, type=UNARY, idempotent=false, safe=false, sampledToLocalTracing=true, requestMarshaller=com.alibaba.nacos.shaded.io.grpc.protobuf.lite.ProtoLiteUtils$MessageMarshaller@3e933014, responseMarshaller=com.alibaba.nacos.shaded.io.grpc.protobuf.lite.ProtoLiteUtils$MessageMarshaller@2dbabc8f, schemaDescriptor=com.alibaba.nacos.api.grpc.auto.RequestGrpc$RequestMethodDescriptorSupplier@15f1362a}}}}}]]
	at com.alibaba.nacos.shaded.com.google.common.util.concurrent.AbstractFuture.get(AbstractFuture.java:508) ~[nacos-client-2.0.4.jar:na]
	at com.alibaba.nacos.common.remote.client.grpc.GrpcClient.serverCheck(GrpcClient.java:148) ~[nacos-client-2.0.4.jar:na]
	at com.alibaba.nacos.common.remote.client.grpc.GrpcClient.connectToServer(GrpcClient.java:264) ~[nacos-client-2.0.4.jar:na]
	at com.alibaba.nacos.common.remote.client.RpcClient.reconnect(RpcClient.java:522) ~[nacos-client-2.0.4.jar:na]
	at com.alibaba.nacos.common.remote.client.RpcClient.lambda$start$2(RpcClient.java:370) ~[nacos-client-2.0.4.jar:na]
	at java.base/java.util.concurrent.Executors$RunnableAdapter.call(Executors.java:539) ~[na:na]
	at java.base/java.util.concurrent.FutureTask.run$$$capture(FutureTask.java:264) ~[na:na]
	at java.base/java.util.concurrent.FutureTask.run(FutureTask.java) ~[na:na]
	at java.base/java.util.concurrent.ScheduledThreadPoolExecutor$ScheduledFutureTask.run(ScheduledThreadPoolExecutor.java:304) ~[na:na]
	at java.base/java.util.concurrent.ThreadPoolExecutor.runWorker(ThreadPoolExecutor.java:1136) ~[na:na]
	at java.base/java.util.concurrent.ThreadPoolExecutor$Worker.run(ThreadPoolExecutor.java:635) ~[na:na]
	at java.base/java.lang.Thread.run(Thread.java:833) ~[na:na]

12:37:18:167  INFO 90000 --- [com.alibaba.nacos.client.remote.worker] com.alibaba.nacos.common.remote.client   : [51b9458e-5840-4265-82ba-d597592a0094] Fail to connect server, after trying 51 times, last try server is {serverIp = '192.168.31.23', server main port = 8848}, error = unknown
12:37:26:171 ERROR 90000 --- [com.alibaba.nacos.client.remote.worker] c.a.n.c.remote.client.grpc.GrpcClient    : Server check fail, please check server 192.168.31.23 ,port 9848 is available , error ={}

java.util.concurrent.TimeoutException: Waited 3000 milliseconds (plus 905300 nanoseconds delay) for com.alibaba.nacos.shaded.io.grpc.stub.ClientCalls$GrpcFuture@4ce38a88[status=PENDING, info=[GrpcFuture{clientCall={delegate={delegate=ClientCallImpl{method=MethodDescriptor{fullMethodName=Request/request, type=UNARY, idempotent=false, safe=false, sampledToLocalTracing=true, requestMarshaller=com.alibaba.nacos.shaded.io.grpc.protobuf.lite.ProtoLiteUtils$MessageMarshaller@3e933014, responseMarshaller=com.alibaba.nacos.shaded.io.grpc.protobuf.lite.ProtoLiteUtils$MessageMarshaller@2dbabc8f, schemaDescriptor=com.alibaba.nacos.api.grpc.auto.RequestGrpc$RequestMethodDescriptorSupplier@15f1362a}}}}}]]
	at com.alibaba.nacos.shaded.com.google.common.util.concurrent.AbstractFuture.get(AbstractFuture.java:508) ~[nacos-client-2.0.4.jar:na]
	at com.alibaba.nacos.common.remote.client.grpc.GrpcClient.serverCheck(GrpcClient.java:148) ~[nacos-client-2.0.4.jar:na]
	at com.alibaba.nacos.common.remote.client.grpc.GrpcClient.connectToServer(GrpcClient.java:264) ~[nacos-client-2.0.4.jar:na]
	at com.alibaba.nacos.common.remote.client.RpcClient.reconnect(RpcClient.java:522) ~[nacos-client-2.0.4.jar:na]
	at com.alibaba.nacos.common.remote.client.RpcClient.lambda$start$2(RpcClient.java:370) ~[nacos-client-2.0.4.jar:na]
	at java.base/java.util.concurrent.Executors$RunnableAdapter.call(Executors.java:539) ~[na:na]
	at java.base/java.util.concurrent.FutureTask.run$$$capture(FutureTask.java:264) ~[na:na]
	at java.base/java.util.concurrent.FutureTask.run(FutureTask.java) ~[na:na]
	at java.base/java.util.concurrent.ScheduledThreadPoolExecutor$ScheduledFutureTask.run(ScheduledThreadPoolExecutor.java:304) ~[na:na]
	at java.base/java.util.concurrent.ThreadPoolExecutor.runWorker(ThreadPoolExecutor.java:1136) ~[na:na]
	at java.base/java.util.concurrent.ThreadPoolExecutor$Worker.run(ThreadPoolExecutor.java:635) ~[na:na]
	at java.base/java.lang.Thread.run(Thread.java:833) ~[na:na]

12:37:26:172  INFO 90000 --- [com.alibaba.nacos.client.remote.worker] com.alibaba.nacos.common.remote.client   : [51b9458e-5840-4265-82ba-d597592a0094] Fail to connect server, after trying 52 times, last try server is {serverIp = '192.168.31.23', server main port = 8848}, error = unknown
12:37:34:176 ERROR 90000 --- [com.alibaba.nacos.client.remote.worker] c.a.n.c.remote.client.grpc.GrpcClient    : Server check fail, please check server 192.168.31.23 ,port 9848 is available , error ={}

java.util.concurrent.TimeoutException: Waited 3000 milliseconds (plus 456200 nanoseconds delay) for com.alibaba.nacos.shaded.io.grpc.stub.ClientCalls$GrpcFuture@6118a420[status=PENDING, info=[GrpcFuture{clientCall={delegate={delegate=ClientCallImpl{method=MethodDescriptor{fullMethodName=Request/request, type=UNARY, idempotent=false, safe=false, sampledToLocalTracing=true, requestMarshaller=com.alibaba.nacos.shaded.io.grpc.protobuf.lite.ProtoLiteUtils$MessageMarshaller@3e933014, responseMarshaller=com.alibaba.nacos.shaded.io.grpc.protobuf.lite.ProtoLiteUtils$MessageMarshaller@2dbabc8f, schemaDescriptor=com.alibaba.nacos.api.grpc.auto.RequestGrpc$RequestMethodDescriptorSupplier@15f1362a}}}}}]]
	at com.alibaba.nacos.shaded.com.google.common.util.concurrent.AbstractFuture.get(AbstractFuture.java:508) ~[nacos-client-2.0.4.jar:na]
	at com.alibaba.nacos.common.remote.client.grpc.GrpcClient.serverCheck(GrpcClient.java:148) ~[nacos-client-2.0.4.jar:na]
	at com.alibaba.nacos.common.remote.client.grpc.GrpcClient.connectToServer(GrpcClient.java:264) ~[nacos-client-2.0.4.jar:na]
	at com.alibaba.nacos.common.remote.client.RpcClient.reconnect(RpcClient.java:522) ~[nacos-client-2.0.4.jar:na]
	at com.alibaba.nacos.common.remote.client.RpcClient.lambda$start$2(RpcClient.java:370) ~[nacos-client-2.0.4.jar:na]
	at java.base/java.util.concurrent.Executors$RunnableAdapter.call(Executors.java:539) ~[na:na]
	at java.base/java.util.concurrent.FutureTask.run$$$capture(FutureTask.java:264) ~[na:na]
	at java.base/java.util.concurrent.FutureTask.run(FutureTask.java) ~[na:na]
	at java.base/java.util.concurrent.ScheduledThreadPoolExecutor$ScheduledFutureTask.run(ScheduledThreadPoolExecutor.java:304) ~[na:na]
	at java.base/java.util.concurrent.ThreadPoolExecutor.runWorker(ThreadPoolExecutor.java:1136) ~[na:na]
	at java.base/java.util.concurrent.ThreadPoolExecutor$Worker.run(ThreadPoolExecutor.java:635) ~[na:na]
	at java.base/java.lang.Thread.run(Thread.java:833) ~[na:na]

12:37:34:177  INFO 90000 --- [com.alibaba.nacos.client.remote.worker] com.alibaba.nacos.common.remote.client   : [51b9458e-5840-4265-82ba-d597592a0094] Fail to connect server, after trying 53 times, last try server is {serverIp = '192.168.31.23', server main port = 8848}, error = unknown
12:37:42:179 ERROR 90000 --- [com.alibaba.nacos.client.remote.worker] c.a.n.c.remote.client.grpc.GrpcClient    : Server check fail, please check server 192.168.31.23 ,port 9848 is available , error ={}

java.util.concurrent.TimeoutException: Waited 3000 milliseconds (plus 25000 nanoseconds delay) for com.alibaba.nacos.shaded.io.grpc.stub.ClientCalls$GrpcFuture@78b4d9c[status=PENDING, info=[GrpcFuture{clientCall={delegate={delegate=ClientCallImpl{method=MethodDescriptor{fullMethodName=Request/request, type=UNARY, idempotent=false, safe=false, sampledToLocalTracing=true, requestMarshaller=com.alibaba.nacos.shaded.io.grpc.protobuf.lite.ProtoLiteUtils$MessageMarshaller@3e933014, responseMarshaller=com.alibaba.nacos.shaded.io.grpc.protobuf.lite.ProtoLiteUtils$MessageMarshaller@2dbabc8f, schemaDescriptor=com.alibaba.nacos.api.grpc.auto.RequestGrpc$RequestMethodDescriptorSupplier@15f1362a}}}}}]]
	at com.alibaba.nacos.shaded.com.google.common.util.concurrent.AbstractFuture.get(AbstractFuture.java:508) ~[nacos-client-2.0.4.jar:na]
	at com.alibaba.nacos.common.remote.client.grpc.GrpcClient.serverCheck(GrpcClient.java:148) ~[nacos-client-2.0.4.jar:na]
	at com.alibaba.nacos.common.remote.client.grpc.GrpcClient.connectToServer(GrpcClient.java:264) ~[nacos-client-2.0.4.jar:na]
	at com.alibaba.nacos.common.remote.client.RpcClient.reconnect(RpcClient.java:522) ~[nacos-client-2.0.4.jar:na]
	at com.alibaba.nacos.common.remote.client.RpcClient.lambda$start$2(RpcClient.java:370) ~[nacos-client-2.0.4.jar:na]
	at java.base/java.util.concurrent.Executors$RunnableAdapter.call(Executors.java:539) ~[na:na]
	at java.base/java.util.concurrent.FutureTask.run$$$capture(FutureTask.java:264) ~[na:na]
	at java.base/java.util.concurrent.FutureTask.run(FutureTask.java) ~[na:na]
	at java.base/java.util.concurrent.ScheduledThreadPoolExecutor$ScheduledFutureTask.run(ScheduledThreadPoolExecutor.java:304) ~[na:na]
	at java.base/java.util.concurrent.ThreadPoolExecutor.runWorker(ThreadPoolExecutor.java:1136) ~[na:na]
	at java.base/java.util.concurrent.ThreadPoolExecutor$Worker.run(ThreadPoolExecutor.java:635) ~[na:na]
	at java.base/java.lang.Thread.run(Thread.java:833) ~[na:na]

12:37:42:181  INFO 90000 --- [com.alibaba.nacos.client.remote.worker] com.alibaba.nacos.common.remote.client   : [51b9458e-5840-4265-82ba-d597592a0094] Fail to connect server, after trying 54 times, last try server is {serverIp = '192.168.31.23', server main port = 8848}, error = unknown
12:37:47:571  INFO 90000 --- [com.alibaba.nacos.client.remote.worker] com.alibaba.nacos.common.remote.client   : [51b9458e-5840-4265-82ba-d597592a0094] Success to connect a server [192.168.31.23:8848], connectionId = 1781671067228_192.168.31.4_8393
12:37:47:571  INFO 90000 --- [com.alibaba.nacos.client.remote.worker] com.alibaba.nacos.common.remote.client   : [51b9458e-5840-4265-82ba-d597592a0094] Abandon prev connection, server is 192.168.31.23:8848, connectionId is 1781666377098_192.168.31.4_5199
12:37:47:571  INFO 90000 --- [com.alibaba.nacos.client.remote.worker] com.alibaba.nacos.common.remote.client   : Close current connection 1781666377098_192.168.31.4_5199
12:37:47:573  INFO 90000 --- [com.alibaba.nacos.client.remote.worker] com.alibaba.nacos.common.remote.client   : [51b9458e-5840-4265-82ba-d597592a0094] Notify disconnected event to listeners
12:37:47:577  INFO 90000 --- [com.alibaba.nacos.client.remote.worker] com.alibaba.nacos.common.remote.client   : [51b9458e-5840-4265-82ba-d597592a0094] Notify connected event to listeners.
12:37:50:960  INFO 90000 --- [nacos-grpc-client-executor-567] com.alibaba.nacos.common.remote.client   : [51b9458e-5840-4265-82ba-d597592a0094] Receive server push request, request = NotifySubscriberRequest, requestId = 45
12:37:50:961  INFO 90000 --- [nacos-grpc-client-executor-567] com.alibaba.nacos.common.remote.client   : [51b9458e-5840-4265-82ba-d597592a0094] Ack server push request, request = NotifySubscriberRequest, requestId = 45
12:38:08:286 DEBUG 90000 --- [http-nio-8081-exec-3] c.h.i.mapper.ItemMapper.selectBatchIds   : ==>  Preparing: SELECT id,name,price,stock,image,category,brand,spec,sold,comment_count,isAD,status,create_time,update_time,creater,updater FROM item WHERE id IN ( ? )
12:38:08:287 DEBUG 90000 --- [http-nio-8081-exec-3] c.h.i.mapper.ItemMapper.selectBatchIds   : ==> Parameters: 100000006163(Long)
12:38:08:320 DEBUG 90000 --- [http-nio-8081-exec-3] c.h.i.mapper.ItemMapper.selectBatchIds   : <==      Total: 1
12:38:12:213 DEBUG 90000 --- [http-nio-8081-exec-1] c.h.i.mapper.ItemMapper.selectBatchIds   : ==>  Preparing: SELECT id,name,price,stock,image,category,brand,spec,sold,comment_count,isAD,status,create_time,update_time,creater,updater FROM item WHERE id IN ( ? )
12:38:12:214 DEBUG 90000 --- [http-nio-8081-exec-1] c.h.i.mapper.ItemMapper.selectBatchIds   : ==> Parameters: 100000006163(Long)
12:38:12:233 DEBUG 90000 --- [http-nio-8081-exec-1] c.h.i.mapper.ItemMapper.selectBatchIds   : <==      Total: 1
12:38:13:076 DEBUG 90000 --- [http-nio-8081-exec-6] c.h.i.mapper.ItemMapper.selectBatchIds   : ==>  Preparing: SELECT id,name,price,stock,image,category,brand,spec,sold,comment_count,isAD,status,create_time,update_time,creater,updater FROM item WHERE id IN ( ? )
12:38:13:077 DEBUG 90000 --- [http-nio-8081-exec-6] c.h.i.mapper.ItemMapper.selectBatchIds   : ==> Parameters: 100000006163(Long)
12:38:13:093 DEBUG 90000 --- [http-nio-8081-exec-6] c.h.i.mapper.ItemMapper.selectBatchIds   : <==      Total: 1
12:38:14:989 DEBUG 90000 --- [http-nio-8081-exec-8] c.h.i.mapper.ItemMapper.selectBatchIds   : ==>  Preparing: SELECT id,name,price,stock,image,category,brand,spec,sold,comment_count,isAD,status,create_time,update_time,creater,updater FROM item WHERE id IN ( ? )
12:38:14:991 DEBUG 90000 --- [http-nio-8081-exec-8] c.h.i.mapper.ItemMapper.selectBatchIds   : ==> Parameters: 100000006163(Long)
12:38:14:994 DEBUG 90000 --- [http-nio-8081-exec-8] c.h.i.mapper.ItemMapper.selectBatchIds   : <==      Total: 1
12:38:15:709 DEBUG 90000 --- [http-nio-8081-exec-9] c.h.i.m.ItemMapper.selectPage_mpCount    : ==>  Preparing: SELECT COUNT(*) AS total FROM item WHERE (status = ?)
12:38:15:709 DEBUG 90000 --- [http-nio-8081-exec-9] c.h.i.m.ItemMapper.selectPage_mpCount    : ==> Parameters: 1(Integer)
12:38:15:734 DEBUG 90000 --- [http-nio-8081-exec-9] c.h.i.m.ItemMapper.selectPage_mpCount    : <==      Total: 1
12:38:15:745 DEBUG 90000 --- [http-nio-8081-exec-9] c.h.item.mapper.ItemMapper.selectPage    : ==>  Preparing: SELECT id, name, price, stock, image, category, brand, spec, sold, comment_count, isAD, status, create_time, update_time, creater, updater FROM item WHERE (status = ?) ORDER BY update_time DESC LIMIT ?
12:38:15:745 DEBUG 90000 --- [http-nio-8081-exec-9] c.h.item.mapper.ItemMapper.selectPage    : ==> Parameters: 1(Integer), 20(Long)
12:38:15:756 DEBUG 90000 --- [http-nio-8081-exec-9] c.h.item.mapper.ItemMapper.selectPage    : <==      Total: 20
12:42:49:598 DEBUG 90000 --- [http-nio-8081-exec-2] c.h.i.m.ItemMapper.selectPage_mpCount    : ==>  Preparing: SELECT COUNT(*) AS total FROM item WHERE (status = ?)
12:42:49:599 DEBUG 90000 --- [http-nio-8081-exec-2] c.h.i.m.ItemMapper.selectPage_mpCount    : ==> Parameters: 1(Integer)
12:42:49:609 DEBUG 90000 --- [http-nio-8081-exec-2] c.h.i.m.ItemMapper.selectPage_mpCount    : <==      Total: 1
12:42:49:619 DEBUG 90000 --- [http-nio-8081-exec-2] c.h.item.mapper.ItemMapper.selectPage    : ==>  Preparing: SELECT id, name, price, stock, image, category, brand, spec, sold, comment_count, isAD, status, create_time, update_time, creater, updater FROM item WHERE (status = ?) ORDER BY update_time DESC LIMIT ?
12:42:49:619 DEBUG 90000 --- [http-nio-8081-exec-2] c.h.item.mapper.ItemMapper.selectPage    : ==> Parameters: 1(Integer), 20(Long)
12:42:49:624 DEBUG 90000 --- [http-nio-8081-exec-2] c.h.item.mapper.ItemMapper.selectPage    : <==      Total: 20
12:44:59:908 DEBUG 90000 --- [http-nio-8081-exec-5] c.h.i.m.ItemMapper.selectPage_mpCount    : ==>  Preparing: SELECT COUNT(*) AS total FROM item WHERE (status = ?)
12:44:59:908 DEBUG 90000 --- [http-nio-8081-exec-5] c.h.i.m.ItemMapper.selectPage_mpCount    : ==> Parameters: 1(Integer)
12:44:59:919 DEBUG 90000 --- [http-nio-8081-exec-5] c.h.i.m.ItemMapper.selectPage_mpCount    : <==      Total: 1
12:44:59:932 DEBUG 90000 --- [http-nio-8081-exec-5] c.h.item.mapper.ItemMapper.selectPage    : ==>  Preparing: SELECT id, name, price, stock, image, category, brand, spec, sold, comment_count, isAD, status, create_time, update_time, creater, updater FROM item WHERE (status = ?) ORDER BY update_time DESC LIMIT ?
12:44:59:933 DEBUG 90000 --- [http-nio-8081-exec-5] c.h.item.mapper.ItemMapper.selectPage    : ==> Parameters: 1(Integer), 20(Long)
12:44:59:938 DEBUG 90000 --- [http-nio-8081-exec-5] c.h.item.mapper.ItemMapper.selectPage    : <==      Total: 20
12:45:01:166 DEBUG 90000 --- [http-nio-8081-exec-3] c.h.i.mapper.ItemMapper.selectBatchIds   : ==>  Preparing: SELECT id,name,price,stock,image,category,brand,spec,sold,comment_count,isAD,status,create_time,update_time,creater,updater FROM item WHERE id IN ( ? , ? )
12:45:01:166 DEBUG 90000 --- [http-nio-8081-exec-3] c.h.i.mapper.ItemMapper.selectBatchIds   : ==> Parameters: 40305713537(Long), 100000006163(Long)
12:45:01:169 DEBUG 90000 --- [http-nio-8081-exec-3] c.h.i.mapper.ItemMapper.selectBatchIds   : <==      Total: 2
12:45:04:314 DEBUG 90000 --- [http-nio-8081-exec-1] c.h.i.mapper.ItemMapper.selectBatchIds   : ==>  Preparing: SELECT id,name,price,stock,image,category,brand,spec,sold,comment_count,isAD,status,create_time,update_time,creater,updater FROM item WHERE id IN ( ? , ? )
12:45:04:315 DEBUG 90000 --- [http-nio-8081-exec-1] c.h.i.mapper.ItemMapper.selectBatchIds   : ==> Parameters: 40305713537(Long), 100000006163(Long)
12:45:04:316 DEBUG 90000 --- [http-nio-8081-exec-1] c.h.i.mapper.ItemMapper.selectBatchIds   : <==      Total: 2
12:45:07:043 DEBUG 90000 --- [http-nio-8081-exec-6] c.h.i.mapper.ItemMapper.selectBatchIds   : ==>  Preparing: SELECT id,name,price,stock,image,category,brand,spec,sold,comment_count,isAD,status,create_time,update_time,creater,updater FROM item WHERE id IN ( ? , ? )
12:45:07:044 DEBUG 90000 --- [http-nio-8081-exec-6] c.h.i.mapper.ItemMapper.selectBatchIds   : ==> Parameters: 40305713537(Long), 100000006163(Long)
12:45:07:047 DEBUG 90000 --- [http-nio-8081-exec-6] c.h.i.mapper.ItemMapper.selectBatchIds   : <==      Total: 2
12:45:08:488 DEBUG 90000 --- [http-nio-8081-exec-8] c.h.i.m.ItemMapper.selectPage_mpCount    : ==>  Preparing: SELECT COUNT(*) AS total FROM item WHERE (status = ?)
12:45:08:488 DEBUG 90000 --- [http-nio-8081-exec-8] c.h.i.m.ItemMapper.selectPage_mpCount    : ==> Parameters: 1(Integer)
12:45:08:498 DEBUG 90000 --- [http-nio-8081-exec-8] c.h.i.m.ItemMapper.selectPage_mpCount    : <==      Total: 1
12:45:08:506 DEBUG 90000 --- [http-nio-8081-exec-8] c.h.item.mapper.ItemMapper.selectPage    : ==>  Preparing: SELECT id, name, price, stock, image, category, brand, spec, sold, comment_count, isAD, status, create_time, update_time, creater, updater FROM item WHERE (status = ?) ORDER BY update_time DESC LIMIT ?
12:45:08:506 DEBUG 90000 --- [http-nio-8081-exec-8] c.h.item.mapper.ItemMapper.selectPage    : ==> Parameters: 1(Integer), 20(Long)
12:45:08:510 DEBUG 90000 --- [http-nio-8081-exec-8] c.h.item.mapper.ItemMapper.selectPage    : <==      Total: 20
12:45:10:444 DEBUG 90000 --- [http-nio-8081-exec-9] c.h.i.mapper.ItemMapper.selectBatchIds   : ==>  Preparing: SELECT id,name,price,stock,image,category,brand,spec,sold,comment_count,isAD,status,create_time,update_time,creater,updater FROM item WHERE id IN ( ? , ? , ? )
12:45:10:444 DEBUG 90000 --- [http-nio-8081-exec-9] c.h.i.mapper.ItemMapper.selectBatchIds   : ==> Parameters: 40305713537(Long), 100000006163(Long), 100001905417(Long)
12:45:10:447 DEBUG 90000 --- [http-nio-8081-exec-9] c.h.i.mapper.ItemMapper.selectBatchIds   : <==      Total: 3
12:45:11:830 DEBUG 90000 --- [http-nio-8081-exec-10] c.h.i.mapper.ItemMapper.selectBatchIds   : ==>  Preparing: SELECT id,name,price,stock,image,category,brand,spec,sold,comment_count,isAD,status,create_time,update_time,creater,updater FROM item WHERE id IN ( ? , ? , ? )
12:45:11:831 DEBUG 90000 --- [http-nio-8081-exec-10] c.h.i.mapper.ItemMapper.selectBatchIds   : ==> Parameters: 40305713537(Long), 100000006163(Long), 100001905417(Long)
12:45:11:834 DEBUG 90000 --- [http-nio-8081-exec-10] c.h.i.mapper.ItemMapper.selectBatchIds   : <==      Total: 3
12:45:12:307 DEBUG 90000 --- [http-nio-8081-exec-4] c.h.i.mapper.ItemMapper.selectBatchIds   : ==>  Preparing: SELECT id,name,price,stock,image,category,brand,spec,sold,comment_count,isAD,status,create_time,update_time,creater,updater FROM item WHERE id IN ( ? , ? , ? )
12:45:12:308 DEBUG 90000 --- [http-nio-8081-exec-4] c.h.i.mapper.ItemMapper.selectBatchIds   : ==> Parameters: 40305713537(Long), 100000006163(Long), 100001905417(Long)
12:45:12:309 DEBUG 90000 --- [http-nio-8081-exec-4] c.h.i.mapper.ItemMapper.selectBatchIds   : <==      Total: 3
12:46:27:842  WARN 90000 --- [Thread-4] c.a.nacos.common.notify.NotifyCenter     : [NotifyCenter] Start destroying Publisher
12:46:27:842  WARN 90000 --- [Thread-7] c.a.n.common.http.HttpClientBeanHolder   : [HttpClientBeanHolder] Start destroying common HttpClient
12:46:27:842  WARN 90000 --- [Thread-4] c.a.nacos.common.notify.NotifyCenter     : [NotifyCenter] Destruction of the end
12:46:27:845  WARN 90000 --- [Thread-7] c.a.n.common.http.HttpClientBeanHolder   : [HttpClientBeanHolder] Destruction of the end
12:46:27:982  INFO 90000 --- [SpringApplicationShutdownHook] c.a.c.n.registry.NacosServiceRegistry    : De-registering from Nacos Server now...
12:46:27:987  INFO 90000 --- [SpringApplicationShutdownHook] c.a.c.n.registry.NacosServiceRegistry    : De-registration finished.
12:46:28:295  INFO 90000 --- [SpringApplicationShutdownHook] com.alibaba.nacos.common.remote.client   : Shutdown rpc client, set status to shutdown
12:46:28:295  INFO 90000 --- [SpringApplicationShutdownHook] com.alibaba.nacos.common.remote.client   : Shutdown client event executor java.util.concurrent.ScheduledThreadPoolExecutor@3a6dfba6[Running, pool size = 2, active threads = 2, queued tasks = 0, completed tasks = 0]
12:46:28:295  INFO 90000 --- [SpringApplicationShutdownHook] com.alibaba.nacos.common.remote.client   : Close current connection 1781671067228_192.168.31.4_8393
12:46:28:298  INFO 90000 --- [nacos-grpc-client-executor-674] c.a.n.c.remote.client.grpc.GrpcClient    : [1781671067228_192.168.31.4_8393]Ignore complete event,isRunning:false,isAbandon=false
12:46:28:299  INFO 90000 --- [SpringApplicationShutdownHook] c.a.n.c.remote.client.grpc.GrpcClient    : Shutdown grpc executor java.util.concurrent.ThreadPoolExecutor@2aca5bbd[Running, pool size = 5, active threads = 0, queued tasks = 0, completed tasks = 675]
12:46:28:311  INFO 90000 --- [SpringApplicationShutdownHook] com.zaxxer.hikari.HikariDataSource       : HikariPool-1 - Shutdown initiated...
12:46:28:329  INFO 90000 --- [SpringApplicationShutdownHook] com.zaxxer.hikari.HikariDataSource       : HikariPool-1 - Shutdown completed.
14:49:18:715  INFO 46736 --- [main] com.hmall.item.ItemServiceApplication    : Starting ItemServiceApplication using Java 17.0.6 on DESKTOP-AHH2H43 with PID 46736 (C:\Users\19263\Desktop\hmall1\item-service\target\classes started by 19263 in C:\Users\19263\Desktop\hmall1)
14:49:18:723 DEBUG 46736 --- [main] com.hmall.item.ItemServiceApplication    : Running with Spring Boot v2.7.12, Spring v5.3.27
14:49:18:725  INFO 46736 --- [main] com.hmall.item.ItemServiceApplication    : The following 1 profile is active: "local"
14:49:20:862  INFO 46736 --- [main] o.s.cloud.context.scope.GenericScope     : BeanFactory id=3c6262eb-7459-353f-b511-55ccfc305c14
14:49:21:593  INFO 46736 --- [main] o.s.b.w.embedded.tomcat.TomcatWebServer  : Tomcat initialized with port(s): 8081 (http)
14:49:21:610  INFO 46736 --- [main] o.apache.catalina.core.StandardService   : Starting service [Tomcat]
14:49:21:611  INFO 46736 --- [main] org.apache.catalina.core.StandardEngine  : Starting Servlet engine: [Apache Tomcat/9.0.75]
14:49:21:883  INFO 46736 --- [main] o.a.c.c.C.[Tomcat].[localhost].[/]       : Initializing Spring embedded WebApplicationContext
14:49:21:884  INFO 46736 --- [main] w.s.c.ServletWebServerApplicationContext : Root WebApplicationContext: initialization completed in 3039 ms
14:49:24:355  INFO 46736 --- [main] pertySourcedRequestMappingHandlerMapping : Mapped URL path [/v2/api-docs] onto method [springfox.documentation.swagger2.web.Swagger2ControllerWebMvc#getDocumentation(String, HttpServletRequest)]
14:49:25:116  INFO 46736 --- [main] com.alibaba.nacos.common.remote.client   : [RpcClientFactory] create a new rpc client of 6445feac-2de1-47fd-b6a2-006642ad56d0
14:49:25:212  INFO 46736 --- [main] org.reflections.Reflections              : Reflections took 42 ms to scan 1 urls, producing 3 keys and 6 values 
14:49:25:251  INFO 46736 --- [main] org.reflections.Reflections              : Reflections took 11 ms to scan 1 urls, producing 4 keys and 9 values 
14:49:25:264  INFO 46736 --- [main] org.reflections.Reflections              : Reflections took 9 ms to scan 1 urls, producing 3 keys and 10 values 
14:49:25:266  WARN 46736 --- [main] org.reflections.Reflections              : given scan urls are empty. set urls in the configuration
14:49:25:280  INFO 46736 --- [main] org.reflections.Reflections              : Reflections took 12 ms to scan 1 urls, producing 1 keys and 5 values 
14:49:25:292  INFO 46736 --- [main] org.reflections.Reflections              : Reflections took 8 ms to scan 1 urls, producing 1 keys and 7 values 
14:49:25:303  INFO 46736 --- [main] org.reflections.Reflections              : Reflections took 7 ms to scan 1 urls, producing 2 keys and 8 values 
14:49:25:305  WARN 46736 --- [main] org.reflections.Reflections              : given scan urls are empty. set urls in the configuration
14:49:25:307  INFO 46736 --- [main] com.alibaba.nacos.common.remote.client   : [6445feac-2de1-47fd-b6a2-006642ad56d0] RpcClient init label, labels = {module=naming, source=sdk}
14:49:25:309  INFO 46736 --- [main] com.alibaba.nacos.common.remote.client   : [6445feac-2de1-47fd-b6a2-006642ad56d0] RpcClient init, ServerListFactory = com.alibaba.nacos.client.naming.core.ServerListManager
14:49:25:310  INFO 46736 --- [main] com.alibaba.nacos.common.remote.client   : [6445feac-2de1-47fd-b6a2-006642ad56d0] Registry connection listener to current client:com.alibaba.nacos.client.naming.remote.gprc.redo.NamingGrpcRedoService
14:49:25:310  INFO 46736 --- [main] com.alibaba.nacos.common.remote.client   : [6445feac-2de1-47fd-b6a2-006642ad56d0] Register server push request handler:com.alibaba.nacos.client.naming.remote.gprc.NamingPushRequestHandler
14:49:25:312  INFO 46736 --- [main] com.alibaba.nacos.common.remote.client   : [6445feac-2de1-47fd-b6a2-006642ad56d0] Try to connect to server on start up, server: {serverIp = '192.168.31.23', server main port = 8848}
14:49:26:953  INFO 46736 --- [main] com.alibaba.nacos.common.remote.client   : [6445feac-2de1-47fd-b6a2-006642ad56d0] Success to connect to server [192.168.31.23:8848] on start up, connectionId = 1781678966286_192.168.31.4_9363
14:49:26:953  INFO 46736 --- [com.alibaba.nacos.client.remote.worker] com.alibaba.nacos.common.remote.client   : [6445feac-2de1-47fd-b6a2-006642ad56d0] Notify connected event to listeners.
14:49:26:955  INFO 46736 --- [main] com.alibaba.nacos.common.remote.client   : [6445feac-2de1-47fd-b6a2-006642ad56d0] Register server push request handler:com.alibaba.nacos.common.remote.client.RpcClient$ConnectResetRequestHandler
14:49:26:960  INFO 46736 --- [main] com.alibaba.nacos.common.remote.client   : [6445feac-2de1-47fd-b6a2-006642ad56d0] Register server push request handler:com.alibaba.nacos.common.remote.client.RpcClient$$Lambda$916/0x00000008013611e8
14:49:27:042  INFO 46736 --- [main] o.s.b.w.embedded.tomcat.TomcatWebServer  : Tomcat started on port(s): 8081 (http) with context path ''
14:49:27:059  INFO 46736 --- [main] c.a.c.n.registry.NacosServiceRegistry    : nacos registry, DEFAULT_GROUP item-service 192.168.31.4:8081 register finished
14:49:27:466  INFO 46736 --- [main] d.s.w.p.DocumentationPluginsBootstrapper : Documentation plugins bootstrapped
14:49:27:473  INFO 46736 --- [main] d.s.w.p.DocumentationPluginsBootstrapper : Found 1 custom documentation plugin(s)
14:49:27:512  INFO 46736 --- [nacos-grpc-client-executor-9] com.alibaba.nacos.common.remote.client   : [6445feac-2de1-47fd-b6a2-006642ad56d0] Receive server push request, request = NotifySubscriberRequest, requestId = 71
14:49:27:520  INFO 46736 --- [nacos-grpc-client-executor-9] com.alibaba.nacos.common.remote.client   : [6445feac-2de1-47fd-b6a2-006642ad56d0] Ack server push request, request = NotifySubscriberRequest, requestId = 71
14:49:27:538  INFO 46736 --- [main] s.d.s.w.s.ApiListingReferenceScanner     : Scanning for api listing references
14:49:27:800  INFO 46736 --- [main] com.hmall.item.ItemServiceApplication    : Started ItemServiceApplication in 10.449 seconds (JVM running for 11.909)
14:50:56:212  INFO 46736 --- [http-nio-8081-exec-1] o.a.c.c.C.[Tomcat].[localhost].[/]       : Initializing Spring DispatcherServlet 'dispatcherServlet'
14:50:56:213  INFO 46736 --- [http-nio-8081-exec-1] o.s.web.servlet.DispatcherServlet        : Initializing Servlet 'dispatcherServlet'
14:50:56:214  INFO 46736 --- [http-nio-8081-exec-1] o.s.web.servlet.DispatcherServlet        : Completed initialization in 1 ms
14:50:56:307  INFO 46736 --- [http-nio-8081-exec-1] com.zaxxer.hikari.HikariDataSource       : HikariPool-1 - Starting...
14:50:56:708  INFO 46736 --- [http-nio-8081-exec-1] com.zaxxer.hikari.HikariDataSource       : HikariPool-1 - Start completed.
14:50:56:717 DEBUG 46736 --- [http-nio-8081-exec-1] c.h.i.mapper.ItemMapper.selectBatchIds   : ==>  Preparing: SELECT id,name,price,stock,image,category,brand,spec,sold,comment_count,isAD,status,create_time,update_time,creater,updater FROM item WHERE id IN ( ? , ? , ? )
14:50:56:746 DEBUG 46736 --- [http-nio-8081-exec-1] c.h.i.mapper.ItemMapper.selectBatchIds   : ==> Parameters: 40305713537(Long), 100000006163(Long), 100001905417(Long)
14:50:56:780 DEBUG 46736 --- [http-nio-8081-exec-1] c.h.i.mapper.ItemMapper.selectBatchIds   : <==      Total: 3
14:50:57:096 DEBUG 46736 --- [http-nio-8081-exec-2] c.h.i.mapper.ItemMapper.selectBatchIds   : ==>  Preparing: SELECT id,name,price,stock,image,category,brand,spec,sold,comment_count,isAD,status,create_time,update_time,creater,updater FROM item WHERE id IN ( ? , ? , ? )
14:50:57:097 DEBUG 46736 --- [http-nio-8081-exec-2] c.h.i.mapper.ItemMapper.selectBatchIds   : ==> Parameters: 40305713537(Long), 100000006163(Long), 100001905417(Long)
14:50:57:101 DEBUG 46736 --- [http-nio-8081-exec-2] c.h.i.mapper.ItemMapper.selectBatchIds   : <==      Total: 3
14:50:59:197 DEBUG 46736 --- [http-nio-8081-exec-3] c.h.i.mapper.ItemMapper.selectBatchIds   : ==>  Preparing: SELECT id,name,price,stock,image,category,brand,spec,sold,comment_count,isAD,status,create_time,update_time,creater,updater FROM item WHERE id IN ( ? , ? , ? )
14:50:59:198 DEBUG 46736 --- [http-nio-8081-exec-3] c.h.i.mapper.ItemMapper.selectBatchIds   : ==> Parameters: 40305713537(Long), 100000006163(Long), 100001905417(Long)
14:50:59:202 DEBUG 46736 --- [http-nio-8081-exec-3] c.h.i.mapper.ItemMapper.selectBatchIds   : <==      Total: 3
14:51:00:038 DEBUG 46736 --- [http-nio-8081-exec-4] c.h.i.mapper.ItemMapper.selectBatchIds   : ==>  Preparing: SELECT id,name,price,stock,image,category,brand,spec,sold,comment_count,isAD,status,create_time,update_time,creater,updater FROM item WHERE id IN ( ? , ? , ? )
14:51:00:038 DEBUG 46736 --- [http-nio-8081-exec-4] c.h.i.mapper.ItemMapper.selectBatchIds   : ==> Parameters: 40305713537(Long), 100000006163(Long), 100001905417(Long)
14:51:00:042 DEBUG 46736 --- [http-nio-8081-exec-4] c.h.i.mapper.ItemMapper.selectBatchIds   : <==      Total: 3
14:51:00:651 DEBUG 46736 --- [http-nio-8081-exec-5] c.h.i.mapper.ItemMapper.selectBatchIds   : ==>  Preparing: SELECT id,name,price,stock,image,category,brand,spec,sold,comment_count,isAD,status,create_time,update_time,creater,updater FROM item WHERE id IN ( ? , ? , ? )
14:51:00:651 DEBUG 46736 --- [http-nio-8081-exec-5] c.h.i.mapper.ItemMapper.selectBatchIds   : ==> Parameters: 40305713537(Long), 100000006163(Long), 100001905417(Long)
14:51:00:652 DEBUG 46736 --- [http-nio-8081-exec-5] c.h.i.mapper.ItemMapper.selectBatchIds   : <==      Total: 3
14:51:02:139 DEBUG 46736 --- [http-nio-8081-exec-6] c.h.i.mapper.ItemMapper.selectBatchIds   : ==>  Preparing: SELECT id,name,price,stock,image,category,brand,spec,sold,comment_count,isAD,status,create_time,update_time,creater,updater FROM item WHERE id IN ( ? , ? , ? )
14:51:02:140 DEBUG 46736 --- [http-nio-8081-exec-6] c.h.i.mapper.ItemMapper.selectBatchIds   : ==> Parameters: 40305713537(Long), 100000006163(Long), 100001905417(Long)
14:51:02:147 DEBUG 46736 --- [http-nio-8081-exec-6] c.h.i.mapper.ItemMapper.selectBatchIds   : <==      Total: 3
14:51:03:780 DEBUG 46736 --- [http-nio-8081-exec-7] c.h.i.mapper.ItemMapper.selectBatchIds   : ==>  Preparing: SELECT id,name,price,stock,image,category,brand,spec,sold,comment_count,isAD,status,create_time,update_time,creater,updater FROM item WHERE id IN ( ? , ? , ? )
14:51:03:782 DEBUG 46736 --- [http-nio-8081-exec-7] c.h.i.mapper.ItemMapper.selectBatchIds   : ==> Parameters: 40305713537(Long), 100000006163(Long), 100001905417(Long)
14:51:03:785 DEBUG 46736 --- [http-nio-8081-exec-7] c.h.i.mapper.ItemMapper.selectBatchIds   : <==      Total: 3
14:51:04:462  WARN 46736 --- [http-nio-8081-exec-8] c.b.m.c.t.support.ReflectLambdaMeta      : Unable to make field private final java.lang.Class java.lang.invoke.SerializedLambda.capturingClass accessible: module java.base does not "opens java.lang.invoke" to unnamed module @5b6f7412
14:51:04:525 DEBUG 46736 --- [http-nio-8081-exec-8] c.h.i.m.ItemMapper.selectPage_mpCount    : ==>  Preparing: SELECT COUNT(*) AS total FROM item WHERE (status = ?)
14:51:04:526 DEBUG 46736 --- [http-nio-8081-exec-8] c.h.i.m.ItemMapper.selectPage_mpCount    : ==> Parameters: 1(Integer)
14:51:04:546 DEBUG 46736 --- [http-nio-8081-exec-8] c.h.i.m.ItemMapper.selectPage_mpCount    : <==      Total: 1
14:51:04:562 DEBUG 46736 --- [http-nio-8081-exec-8] c.h.item.mapper.ItemMapper.selectPage    : ==>  Preparing: SELECT id, name, price, stock, image, category, brand, spec, sold, comment_count, isAD, status, create_time, update_time, creater, updater FROM item WHERE (status = ?) ORDER BY update_time DESC LIMIT ?
14:51:04:562 DEBUG 46736 --- [http-nio-8081-exec-8] c.h.item.mapper.ItemMapper.selectPage    : ==> Parameters: 1(Integer), 20(Long)
14:51:04:570 DEBUG 46736 --- [http-nio-8081-exec-8] c.h.item.mapper.ItemMapper.selectPage    : <==      Total: 20
14:51:06:585 DEBUG 46736 --- [http-nio-8081-exec-9] c.h.i.mapper.ItemMapper.selectBatchIds   : ==>  Preparing: SELECT id,name,price,stock,image,category,brand,spec,sold,comment_count,isAD,status,create_time,update_time,creater,updater FROM item WHERE id IN ( ? , ? , ? , ? )
14:51:06:585 DEBUG 46736 --- [http-nio-8081-exec-9] c.h.i.mapper.ItemMapper.selectBatchIds   : ==> Parameters: 40305713537(Long), 4026319(Long), 100000006163(Long), 100001905417(Long)
14:51:06:588 DEBUG 46736 --- [http-nio-8081-exec-9] c.h.i.mapper.ItemMapper.selectBatchIds   : <==      Total: 4
14:59:16:373 DEBUG 46736 --- [http-nio-8081-exec-3] c.h.i.mapper.ItemMapper.selectBatchIds   : ==>  Preparing: SELECT id,name,price,stock,image,category,brand,spec,sold,comment_count,isAD,status,create_time,update_time,creater,updater FROM item WHERE id IN ( ? , ? , ? , ? )
14:59:16:374 DEBUG 46736 --- [http-nio-8081-exec-3] c.h.i.mapper.ItemMapper.selectBatchIds   : ==> Parameters: 40305713537(Long), 4026319(Long), 100000006163(Long), 100001905417(Long)
14:59:16:374 DEBUG 46736 --- [http-nio-8081-exec-2] c.h.i.mapper.ItemMapper.selectBatchIds   : ==>  Preparing: SELECT id,name,price,stock,image,category,brand,spec,sold,comment_count,isAD,status,create_time,update_time,creater,updater FROM item WHERE id IN ( ? , ? , ? , ? )
14:59:16:374 DEBUG 46736 --- [http-nio-8081-exec-2] c.h.i.mapper.ItemMapper.selectBatchIds   : ==> Parameters: 40305713537(Long), 4026319(Long), 100000006163(Long), 100001905417(Long)
14:59:16:377 DEBUG 46736 --- [http-nio-8081-exec-2] c.h.i.mapper.ItemMapper.selectBatchIds   : <==      Total: 4
14:59:16:378 DEBUG 46736 --- [http-nio-8081-exec-4] c.h.i.mapper.ItemMapper.selectBatchIds   : ==>  Preparing: SELECT id,name,price,stock,image,category,brand,spec,sold,comment_count,isAD,status,create_time,update_time,creater,updater FROM item WHERE id IN ( ? , ? , ? , ? )
14:59:16:378 DEBUG 46736 --- [http-nio-8081-exec-4] c.h.i.mapper.ItemMapper.selectBatchIds   : ==> Parameters: 40305713537(Long), 4026319(Long), 100000006163(Long), 100001905417(Long)
14:59:16:379 DEBUG 46736 --- [http-nio-8081-exec-5] c.h.i.mapper.ItemMapper.selectBatchIds   : ==>  Preparing: SELECT id,name,price,stock,image,category,brand,spec,sold,comment_count,isAD,status,create_time,update_time,creater,updater FROM item WHERE id IN ( ? , ? , ? , ? )
14:59:16:380 DEBUG 46736 --- [http-nio-8081-exec-5] c.h.i.mapper.ItemMapper.selectBatchIds   : ==> Parameters: 40305713537(Long), 4026319(Long), 100000006163(Long), 100001905417(Long)
14:59:16:388 DEBUG 46736 --- [http-nio-8081-exec-4] c.h.i.mapper.ItemMapper.selectBatchIds   : <==      Total: 4
14:59:16:392 DEBUG 46736 --- [http-nio-8081-exec-3] c.h.i.mapper.ItemMapper.selectBatchIds   : <==      Total: 4
14:59:16:402 DEBUG 46736 --- [http-nio-8081-exec-5] c.h.i.mapper.ItemMapper.selectBatchIds   : <==      Total: 4
14:59:16:404 DEBUG 46736 --- [http-nio-8081-exec-6] c.h.i.mapper.ItemMapper.selectBatchIds   : ==>  Preparing: SELECT id,name,price,stock,image,category,brand,spec,sold,comment_count,isAD,status,create_time,update_time,creater,updater FROM item WHERE id IN ( ? , ? , ? , ? )
14:59:16:404 DEBUG 46736 --- [http-nio-8081-exec-6] c.h.i.mapper.ItemMapper.selectBatchIds   : ==> Parameters: 40305713537(Long), 4026319(Long), 100000006163(Long), 100001905417(Long)
14:59:16:409 DEBUG 46736 --- [http-nio-8081-exec-6] c.h.i.mapper.ItemMapper.selectBatchIds   : <==      Total: 4
14:59:16:473 DEBUG 46736 --- [http-nio-8081-exec-7] c.h.i.mapper.ItemMapper.selectBatchIds   : ==>  Preparing: SELECT id,name,price,stock,image,category,brand,spec,sold,comment_count,isAD,status,create_time,update_time,creater,updater FROM item WHERE id IN ( ? , ? , ? , ? )
14:59:16:475 DEBUG 46736 --- [http-nio-8081-exec-7] c.h.i.mapper.ItemMapper.selectBatchIds   : ==> Parameters: 40305713537(Long), 4026319(Long), 100000006163(Long), 100001905417(Long)
14:59:16:478 DEBUG 46736 --- [http-nio-8081-exec-7] c.h.i.mapper.ItemMapper.selectBatchIds   : <==      Total: 4
14:59:17:069 DEBUG 46736 --- [http-nio-8081-exec-8] c.h.i.mapper.ItemMapper.selectBatchIds   : ==>  Preparing: SELECT id,name,price,stock,image,category,brand,spec,sold,comment_count,isAD,status,create_time,update_time,creater,updater FROM item WHERE id IN ( ? , ? , ? , ? )
14:59:17:071 DEBUG 46736 --- [http-nio-8081-exec-8] c.h.i.mapper.ItemMapper.selectBatchIds   : ==> Parameters: 40305713537(Long), 4026319(Long), 100000006163(Long), 100001905417(Long)
14:59:17:072 DEBUG 46736 --- [http-nio-8081-exec-8] c.h.i.mapper.ItemMapper.selectBatchIds   : <==      Total: 4
14:59:17:171 DEBUG 46736 --- [http-nio-8081-exec-9] c.h.i.mapper.ItemMapper.selectBatchIds   : ==>  Preparing: SELECT id,name,price,stock,image,category,brand,spec,sold,comment_count,isAD,status,create_time,update_time,creater,updater FROM item WHERE id IN ( ? , ? , ? , ? )
14:59:17:171 DEBUG 46736 --- [http-nio-8081-exec-9] c.h.i.mapper.ItemMapper.selectBatchIds   : ==> Parameters: 40305713537(Long), 4026319(Long), 100000006163(Long), 100001905417(Long)
14:59:17:173 DEBUG 46736 --- [http-nio-8081-exec-9] c.h.i.mapper.ItemMapper.selectBatchIds   : <==      Total: 4
14:59:17:268 DEBUG 46736 --- [http-nio-8081-exec-10] c.h.i.mapper.ItemMapper.selectBatchIds   : ==>  Preparing: SELECT id,name,price,stock,image,category,brand,spec,sold,comment_count,isAD,status,create_time,update_time,creater,updater FROM item WHERE id IN ( ? , ? , ? , ? )
14:59:17:268 DEBUG 46736 --- [http-nio-8081-exec-10] c.h.i.mapper.ItemMapper.selectBatchIds   : ==> Parameters: 40305713537(Long), 4026319(Long), 100000006163(Long), 100001905417(Long)
14:59:17:270 DEBUG 46736 --- [http-nio-8081-exec-10] c.h.i.mapper.ItemMapper.selectBatchIds   : <==      Total: 4
14:59:17:364 DEBUG 46736 --- [http-nio-8081-exec-1] c.h.i.mapper.ItemMapper.selectBatchIds   : ==>  Preparing: SELECT id,name,price,stock,image,category,brand,spec,sold,comment_count,isAD,status,create_time,update_time,creater,updater FROM item WHERE id IN ( ? , ? , ? , ? )
14:59:17:365 DEBUG 46736 --- [http-nio-8081-exec-1] c.h.i.mapper.ItemMapper.selectBatchIds   : ==> Parameters: 40305713537(Long), 4026319(Long), 100000006163(Long), 100001905417(Long)
14:59:17:367 DEBUG 46736 --- [http-nio-8081-exec-1] c.h.i.mapper.ItemMapper.selectBatchIds   : <==      Total: 4
14:59:17:468 DEBUG 46736 --- [http-nio-8081-exec-2] c.h.i.mapper.ItemMapper.selectBatchIds   : ==>  Preparing: SELECT id,name,price,stock,image,category,brand,spec,sold,comment_count,isAD,status,create_time,update_time,creater,updater FROM item WHERE id IN ( ? , ? , ? , ? )
14:59:17:469 DEBUG 46736 --- [http-nio-8081-exec-2] c.h.i.mapper.ItemMapper.selectBatchIds   : ==> Parameters: 40305713537(Long), 4026319(Long), 100000006163(Long), 100001905417(Long)
14:59:17:471 DEBUG 46736 --- [http-nio-8081-exec-2] c.h.i.mapper.ItemMapper.selectBatchIds   : <==      Total: 4
14:59:17:568 DEBUG 46736 --- [http-nio-8081-exec-4] c.h.i.mapper.ItemMapper.selectBatchIds   : ==>  Preparing: SELECT id,name,price,stock,image,category,brand,spec,sold,comment_count,isAD,status,create_time,update_time,creater,updater FROM item WHERE id IN ( ? , ? , ? , ? )
14:59:17:568 DEBUG 46736 --- [http-nio-8081-exec-4] c.h.i.mapper.ItemMapper.selectBatchIds   : ==> Parameters: 40305713537(Long), 4026319(Long), 100000006163(Long), 100001905417(Long)
14:59:17:570 DEBUG 46736 --- [http-nio-8081-exec-4] c.h.i.mapper.ItemMapper.selectBatchIds   : <==      Total: 4
14:59:18:066 DEBUG 46736 --- [http-nio-8081-exec-3] c.h.i.mapper.ItemMapper.selectBatchIds   : ==>  Preparing: SELECT id,name,price,stock,image,category,brand,spec,sold,comment_count,isAD,status,create_time,update_time,creater,updater FROM item WHERE id IN ( ? , ? , ? , ? )
14:59:18:067 DEBUG 46736 --- [http-nio-8081-exec-3] c.h.i.mapper.ItemMapper.selectBatchIds   : ==> Parameters: 40305713537(Long), 4026319(Long), 100000006163(Long), 100001905417(Long)
14:59:18:068 DEBUG 46736 --- [http-nio-8081-exec-3] c.h.i.mapper.ItemMapper.selectBatchIds   : <==      Total: 4
14:59:18:171 DEBUG 46736 --- [http-nio-8081-exec-5] c.h.i.mapper.ItemMapper.selectBatchIds   : ==>  Preparing: SELECT id,name,price,stock,image,category,brand,spec,sold,comment_count,isAD,status,create_time,update_time,creater,updater FROM item WHERE id IN ( ? , ? , ? , ? )
14:59:18:172 DEBUG 46736 --- [http-nio-8081-exec-5] c.h.i.mapper.ItemMapper.selectBatchIds   : ==> Parameters: 40305713537(Long), 4026319(Long), 100000006163(Long), 100001905417(Long)
14:59:18:174 DEBUG 46736 --- [http-nio-8081-exec-5] c.h.i.mapper.ItemMapper.selectBatchIds   : <==      Total: 4
14:59:18:263 DEBUG 46736 --- [http-nio-8081-exec-6] c.h.i.mapper.ItemMapper.selectBatchIds   : ==>  Preparing: SELECT id,name,price,stock,image,category,brand,spec,sold,comment_count,isAD,status,create_time,update_time,creater,updater FROM item WHERE id IN ( ? , ? , ? , ? )
14:59:18:264 DEBUG 46736 --- [http-nio-8081-exec-6] c.h.i.mapper.ItemMapper.selectBatchIds   : ==> Parameters: 40305713537(Long), 4026319(Long), 100000006163(Long), 100001905417(Long)
14:59:18:266 DEBUG 46736 --- [http-nio-8081-exec-6] c.h.i.mapper.ItemMapper.selectBatchIds   : <==      Total: 4
14:59:18:366 DEBUG 46736 --- [http-nio-8081-exec-7] c.h.i.mapper.ItemMapper.selectBatchIds   : ==>  Preparing: SELECT id,name,price,stock,image,category,brand,spec,sold,comment_count,isAD,status,create_time,update_time,creater,updater FROM item WHERE id IN ( ? , ? , ? , ? )
14:59:18:366 DEBUG 46736 --- [http-nio-8081-exec-7] c.h.i.mapper.ItemMapper.selectBatchIds   : ==> Parameters: 40305713537(Long), 4026319(Long), 100000006163(Long), 100001905417(Long)
14:59:18:368 DEBUG 46736 --- [http-nio-8081-exec-7] c.h.i.mapper.ItemMapper.selectBatchIds   : <==      Total: 4
14:59:18:467 DEBUG 46736 --- [http-nio-8081-exec-8] c.h.i.mapper.ItemMapper.selectBatchIds   : ==>  Preparing: SELECT id,name,price,stock,image,category,brand,spec,sold,comment_count,isAD,status,create_time,update_time,creater,updater FROM item WHERE id IN ( ? , ? , ? , ? )
14:59:18:467 DEBUG 46736 --- [http-nio-8081-exec-8] c.h.i.mapper.ItemMapper.selectBatchIds   : ==> Parameters: 40305713537(Long), 4026319(Long), 100000006163(Long), 100001905417(Long)
14:59:18:469 DEBUG 46736 --- [http-nio-8081-exec-8] c.h.i.mapper.ItemMapper.selectBatchIds   : <==      Total: 4
14:59:18:566 DEBUG 46736 --- [http-nio-8081-exec-9] c.h.i.mapper.ItemMapper.selectBatchIds   : ==>  Preparing: SELECT id,name,price,stock,image,category,brand,spec,sold,comment_count,isAD,status,create_time,update_time,creater,updater FROM item WHERE id IN ( ? , ? , ? , ? )
14:59:18:566 DEBUG 46736 --- [http-nio-8081-exec-9] c.h.i.mapper.ItemMapper.selectBatchIds   : ==> Parameters: 40305713537(Long), 4026319(Long), 100000006163(Long), 100001905417(Long)
14:59:18:569 DEBUG 46736 --- [http-nio-8081-exec-9] c.h.i.mapper.ItemMapper.selectBatchIds   : <==      Total: 4
14:59:19:066 DEBUG 46736 --- [http-nio-8081-exec-10] c.h.i.mapper.ItemMapper.selectBatchIds   : ==>  Preparing: SELECT id,name,price,stock,image,category,brand,spec,sold,comment_count,isAD,status,create_time,update_time,creater,updater FROM item WHERE id IN ( ? , ? , ? , ? )
14:59:19:066 DEBUG 46736 --- [http-nio-8081-exec-10] c.h.i.mapper.ItemMapper.selectBatchIds   : ==> Parameters: 40305713537(Long), 4026319(Long), 100000006163(Long), 100001905417(Long)
14:59:19:068 DEBUG 46736 --- [http-nio-8081-exec-10] c.h.i.mapper.ItemMapper.selectBatchIds   : <==      Total: 4
14:59:19:166 DEBUG 46736 --- [http-nio-8081-exec-1] c.h.i.mapper.ItemMapper.selectBatchIds   : ==>  Preparing: SELECT id,name,price,stock,image,category,brand,spec,sold,comment_count,isAD,status,create_time,update_time,creater,updater FROM item WHERE id IN ( ? , ? , ? , ? )
14:59:19:166 DEBUG 46736 --- [http-nio-8081-exec-1] c.h.i.mapper.ItemMapper.selectBatchIds   : ==> Parameters: 40305713537(Long), 4026319(Long), 100000006163(Long), 100001905417(Long)
14:59:19:169 DEBUG 46736 --- [http-nio-8081-exec-1] c.h.i.mapper.ItemMapper.selectBatchIds   : <==      Total: 4
14:59:19:265 DEBUG 46736 --- [http-nio-8081-exec-2] c.h.i.mapper.ItemMapper.selectBatchIds   : ==>  Preparing: SELECT id,name,price,stock,image,category,brand,spec,sold,comment_count,isAD,status,create_time,update_time,creater,updater FROM item WHERE id IN ( ? , ? , ? , ? )
14:59:19:265 DEBUG 46736 --- [http-nio-8081-exec-2] c.h.i.mapper.ItemMapper.selectBatchIds   : ==> Parameters: 40305713537(Long), 4026319(Long), 100000006163(Long), 100001905417(Long)
14:59:19:267 DEBUG 46736 --- [http-nio-8081-exec-2] c.h.i.mapper.ItemMapper.selectBatchIds   : <==      Total: 4
14:59:19:364 DEBUG 46736 --- [http-nio-8081-exec-4] c.h.i.mapper.ItemMapper.selectBatchIds   : ==>  Preparing: SELECT id,name,price,stock,image,category,brand,spec,sold,comment_count,isAD,status,create_time,update_time,creater,updater FROM item WHERE id IN ( ? , ? , ? , ? )
14:59:19:365 DEBUG 46736 --- [http-nio-8081-exec-4] c.h.i.mapper.ItemMapper.selectBatchIds   : ==> Parameters: 40305713537(Long), 4026319(Long), 100000006163(Long), 100001905417(Long)
14:59:19:368 DEBUG 46736 --- [http-nio-8081-exec-4] c.h.i.mapper.ItemMapper.selectBatchIds   : <==      Total: 4
14:59:19:468 DEBUG 46736 --- [http-nio-8081-exec-3] c.h.i.mapper.ItemMapper.selectBatchIds   : ==>  Preparing: SELECT id,name,price,stock,image,category,brand,spec,sold,comment_count,isAD,status,create_time,update_time,creater,updater FROM item WHERE id IN ( ? , ? , ? , ? )
14:59:19:468 DEBUG 46736 --- [http-nio-8081-exec-3] c.h.i.mapper.ItemMapper.selectBatchIds   : ==> Parameters: 40305713537(Long), 4026319(Long), 100000006163(Long), 100001905417(Long)
14:59:19:470 DEBUG 46736 --- [http-nio-8081-exec-3] c.h.i.mapper.ItemMapper.selectBatchIds   : <==      Total: 4
14:59:19:566 DEBUG 46736 --- [http-nio-8081-exec-5] c.h.i.mapper.ItemMapper.selectBatchIds   : ==>  Preparing: SELECT id,name,price,stock,image,category,brand,spec,sold,comment_count,isAD,status,create_time,update_time,creater,updater FROM item WHERE id IN ( ? , ? , ? , ? )
14:59:19:566 DEBUG 46736 --- [http-nio-8081-exec-5] c.h.i.mapper.ItemMapper.selectBatchIds   : ==> Parameters: 40305713537(Long), 4026319(Long), 100000006163(Long), 100001905417(Long)
14:59:19:568 DEBUG 46736 --- [http-nio-8081-exec-5] c.h.i.mapper.ItemMapper.selectBatchIds   : <==      Total: 4
14:59:20:065 DEBUG 46736 --- [http-nio-8081-exec-6] c.h.i.mapper.ItemMapper.selectBatchIds   : ==>  Preparing: SELECT id,name,price,stock,image,category,brand,spec,sold,comment_count,isAD,status,create_time,update_time,creater,updater FROM item WHERE id IN ( ? , ? , ? , ? )
14:59:20:065 DEBUG 46736 --- [http-nio-8081-exec-6] c.h.i.mapper.ItemMapper.selectBatchIds   : ==> Parameters: 40305713537(Long), 4026319(Long), 100000006163(Long), 100001905417(Long)
14:59:20:068 DEBUG 46736 --- [http-nio-8081-exec-6] c.h.i.mapper.ItemMapper.selectBatchIds   : <==      Total: 4
14:59:20:168 DEBUG 46736 --- [http-nio-8081-exec-7] c.h.i.mapper.ItemMapper.selectBatchIds   : ==>  Preparing: SELECT id,name,price,stock,image,category,brand,spec,sold,comment_count,isAD,status,create_time,update_time,creater,updater FROM item WHERE id IN ( ? , ? , ? , ? )
14:59:20:168 DEBUG 46736 --- [http-nio-8081-exec-7] c.h.i.mapper.ItemMapper.selectBatchIds   : ==> Parameters: 40305713537(Long), 4026319(Long), 100000006163(Long), 100001905417(Long)
14:59:20:170 DEBUG 46736 --- [http-nio-8081-exec-7] c.h.i.mapper.ItemMapper.selectBatchIds   : <==      Total: 4
14:59:20:266 DEBUG 46736 --- [http-nio-8081-exec-8] c.h.i.mapper.ItemMapper.selectBatchIds   : ==>  Preparing: SELECT id,name,price,stock,image,category,brand,spec,sold,comment_count,isAD,status,create_time,update_time,creater,updater FROM item WHERE id IN ( ? , ? , ? , ? )
14:59:20:267 DEBUG 46736 --- [http-nio-8081-exec-8] c.h.i.mapper.ItemMapper.selectBatchIds   : ==> Parameters: 40305713537(Long), 4026319(Long), 100000006163(Long), 100001905417(Long)
14:59:20:269 DEBUG 46736 --- [http-nio-8081-exec-8] c.h.i.mapper.ItemMapper.selectBatchIds   : <==      Total: 4
14:59:20:365 DEBUG 46736 --- [http-nio-8081-exec-9] c.h.i.mapper.ItemMapper.selectBatchIds   : ==>  Preparing: SELECT id,name,price,stock,image,category,brand,spec,sold,comment_count,isAD,status,create_time,update_time,creater,updater FROM item WHERE id IN ( ? , ? , ? , ? )
14:59:20:365 DEBUG 46736 --- [http-nio-8081-exec-9] c.h.i.mapper.ItemMapper.selectBatchIds   : ==> Parameters: 40305713537(Long), 4026319(Long), 100000006163(Long), 100001905417(Long)
14:59:20:367 DEBUG 46736 --- [http-nio-8081-exec-9] c.h.i.mapper.ItemMapper.selectBatchIds   : <==      Total: 4
14:59:20:468 DEBUG 46736 --- [http-nio-8081-exec-10] c.h.i.mapper.ItemMapper.selectBatchIds   : ==>  Preparing: SELECT id,name,price,stock,image,category,brand,spec,sold,comment_count,isAD,status,create_time,update_time,creater,updater FROM item WHERE id IN ( ? , ? , ? , ? )
14:59:20:468 DEBUG 46736 --- [http-nio-8081-exec-10] c.h.i.mapper.ItemMapper.selectBatchIds   : ==> Parameters: 40305713537(Long), 4026319(Long), 100000006163(Long), 100001905417(Long)
14:59:20:470 DEBUG 46736 --- [http-nio-8081-exec-10] c.h.i.mapper.ItemMapper.selectBatchIds   : <==      Total: 4
14:59:20:566 DEBUG 46736 --- [http-nio-8081-exec-1] c.h.i.mapper.ItemMapper.selectBatchIds   : ==>  Preparing: SELECT id,name,price,stock,image,category,brand,spec,sold,comment_count,isAD,status,create_time,update_time,creater,updater FROM item WHERE id IN ( ? , ? , ? , ? )
14:59:20:567 DEBUG 46736 --- [http-nio-8081-exec-1] c.h.i.mapper.ItemMapper.selectBatchIds   : ==> Parameters: 40305713537(Long), 4026319(Long), 100000006163(Long), 100001905417(Long)
14:59:20:569 DEBUG 46736 --- [http-nio-8081-exec-1] c.h.i.mapper.ItemMapper.selectBatchIds   : <==      Total: 4
14:59:21:065 DEBUG 46736 --- [http-nio-8081-exec-2] c.h.i.mapper.ItemMapper.selectBatchIds   : ==>  Preparing: SELECT id,name,price,stock,image,category,brand,spec,sold,comment_count,isAD,status,create_time,update_time,creater,updater FROM item WHERE id IN ( ? , ? , ? , ? )
14:59:21:065 DEBUG 46736 --- [http-nio-8081-exec-2] c.h.i.mapper.ItemMapper.selectBatchIds   : ==> Parameters: 40305713537(Long), 4026319(Long), 100000006163(Long), 100001905417(Long)
14:59:21:067 DEBUG 46736 --- [http-nio-8081-exec-2] c.h.i.mapper.ItemMapper.selectBatchIds   : <==      Total: 4
14:59:21:167 DEBUG 46736 --- [http-nio-8081-exec-4] c.h.i.mapper.ItemMapper.selectBatchIds   : ==>  Preparing: SELECT id,name,price,stock,image,category,brand,spec,sold,comment_count,isAD,status,create_time,update_time,creater,updater FROM item WHERE id IN ( ? , ? , ? , ? )
14:59:21:168 DEBUG 46736 --- [http-nio-8081-exec-4] c.h.i.mapper.ItemMapper.selectBatchIds   : ==> Parameters: 40305713537(Long), 4026319(Long), 100000006163(Long), 100001905417(Long)
14:59:21:170 DEBUG 46736 --- [http-nio-8081-exec-4] c.h.i.mapper.ItemMapper.selectBatchIds   : <==      Total: 4
14:59:21:267 DEBUG 46736 --- [http-nio-8081-exec-3] c.h.i.mapper.ItemMapper.selectBatchIds   : ==>  Preparing: SELECT id,name,price,stock,image,category,brand,spec,sold,comment_count,isAD,status,create_time,update_time,creater,updater FROM item WHERE id IN ( ? , ? , ? , ? )
14:59:21:267 DEBUG 46736 --- [http-nio-8081-exec-3] c.h.i.mapper.ItemMapper.selectBatchIds   : ==> Parameters: 40305713537(Long), 4026319(Long), 100000006163(Long), 100001905417(Long)
14:59:21:268 DEBUG 46736 --- [http-nio-8081-exec-3] c.h.i.mapper.ItemMapper.selectBatchIds   : <==      Total: 4
14:59:21:364 DEBUG 46736 --- [http-nio-8081-exec-5] c.h.i.mapper.ItemMapper.selectBatchIds   : ==>  Preparing: SELECT id,name,price,stock,image,category,brand,spec,sold,comment_count,isAD,status,create_time,update_time,creater,updater FROM item WHERE id IN ( ? , ? , ? , ? )
14:59:21:364 DEBUG 46736 --- [http-nio-8081-exec-5] c.h.i.mapper.ItemMapper.selectBatchIds   : ==> Parameters: 40305713537(Long), 4026319(Long), 100000006163(Long), 100001905417(Long)
14:59:21:366 DEBUG 46736 --- [http-nio-8081-exec-5] c.h.i.mapper.ItemMapper.selectBatchIds   : <==      Total: 4
14:59:21:465 DEBUG 46736 --- [http-nio-8081-exec-6] c.h.i.mapper.ItemMapper.selectBatchIds   : ==>  Preparing: SELECT id,name,price,stock,image,category,brand,spec,sold,comment_count,isAD,status,create_time,update_time,creater,updater FROM item WHERE id IN ( ? , ? , ? , ? )
14:59:21:465 DEBUG 46736 --- [http-nio-8081-exec-6] c.h.i.mapper.ItemMapper.selectBatchIds   : ==> Parameters: 40305713537(Long), 4026319(Long), 100000006163(Long), 100001905417(Long)
14:59:21:468 DEBUG 46736 --- [http-nio-8081-exec-6] c.h.i.mapper.ItemMapper.selectBatchIds   : <==      Total: 4
14:59:21:566 DEBUG 46736 --- [http-nio-8081-exec-7] c.h.i.mapper.ItemMapper.selectBatchIds   : ==>  Preparing: SELECT id,name,price,stock,image,category,brand,spec,sold,comment_count,isAD,status,create_time,update_time,creater,updater FROM item WHERE id IN ( ? , ? , ? , ? )
14:59:21:566 DEBUG 46736 --- [http-nio-8081-exec-7] c.h.i.mapper.ItemMapper.selectBatchIds   : ==> Parameters: 40305713537(Long), 4026319(Long), 100000006163(Long), 100001905417(Long)
14:59:21:568 DEBUG 46736 --- [http-nio-8081-exec-7] c.h.i.mapper.ItemMapper.selectBatchIds   : <==      Total: 4
14:59:22:064 DEBUG 46736 --- [http-nio-8081-exec-8] c.h.i.mapper.ItemMapper.selectBatchIds   : ==>  Preparing: SELECT id,name,price,stock,image,category,brand,spec,sold,comment_count,isAD,status,create_time,update_time,creater,updater FROM item WHERE id IN ( ? , ? , ? , ? )
14:59:22:065 DEBUG 46736 --- [http-nio-8081-exec-8] c.h.i.mapper.ItemMapper.selectBatchIds   : ==> Parameters: 40305713537(Long), 4026319(Long), 100000006163(Long), 100001905417(Long)
14:59:22:068 DEBUG 46736 --- [http-nio-8081-exec-8] c.h.i.mapper.ItemMapper.selectBatchIds   : <==      Total: 4
14:59:22:166 DEBUG 46736 --- [http-nio-8081-exec-9] c.h.i.mapper.ItemMapper.selectBatchIds   : ==>  Preparing: SELECT id,name,price,stock,image,category,brand,spec,sold,comment_count,isAD,status,create_time,update_time,creater,updater FROM item WHERE id IN ( ? , ? , ? , ? )
14:59:22:166 DEBUG 46736 --- [http-nio-8081-exec-9] c.h.i.mapper.ItemMapper.selectBatchIds   : ==> Parameters: 40305713537(Long), 4026319(Long), 100000006163(Long), 100001905417(Long)
14:59:22:168 DEBUG 46736 --- [http-nio-8081-exec-9] c.h.i.mapper.ItemMapper.selectBatchIds   : <==      Total: 4
14:59:22:265 DEBUG 46736 --- [http-nio-8081-exec-10] c.h.i.mapper.ItemMapper.selectBatchIds   : ==>  Preparing: SELECT id,name,price,stock,image,category,brand,spec,sold,comment_count,isAD,status,create_time,update_time,creater,updater FROM item WHERE id IN ( ? , ? , ? , ? )
14:59:22:265 DEBUG 46736 --- [http-nio-8081-exec-10] c.h.i.mapper.ItemMapper.selectBatchIds   : ==> Parameters: 40305713537(Long), 4026319(Long), 100000006163(Long), 100001905417(Long)
14:59:22:268 DEBUG 46736 --- [http-nio-8081-exec-10] c.h.i.mapper.ItemMapper.selectBatchIds   : <==      Total: 4
14:59:22:364 DEBUG 46736 --- [http-nio-8081-exec-1] c.h.i.mapper.ItemMapper.selectBatchIds   : ==>  Preparing: SELECT id,name,price,stock,image,category,brand,spec,sold,comment_count,isAD,status,create_time,update_time,creater,updater FROM item WHERE id IN ( ? , ? , ? , ? )
14:59:22:364 DEBUG 46736 --- [http-nio-8081-exec-1] c.h.i.mapper.ItemMapper.selectBatchIds   : ==> Parameters: 40305713537(Long), 4026319(Long), 100000006163(Long), 100001905417(Long)
14:59:22:366 DEBUG 46736 --- [http-nio-8081-exec-1] c.h.i.mapper.ItemMapper.selectBatchIds   : <==      Total: 4
14:59:22:465 DEBUG 46736 --- [http-nio-8081-exec-2] c.h.i.mapper.ItemMapper.selectBatchIds   : ==>  Preparing: SELECT id,name,price,stock,image,category,brand,spec,sold,comment_count,isAD,status,create_time,update_time,creater,updater FROM item WHERE id IN ( ? , ? , ? , ? )
14:59:22:465 DEBUG 46736 --- [http-nio-8081-exec-2] c.h.i.mapper.ItemMapper.selectBatchIds   : ==> Parameters: 40305713537(Long), 4026319(Long), 100000006163(Long), 100001905417(Long)
14:59:22:467 DEBUG 46736 --- [http-nio-8081-exec-2] c.h.i.mapper.ItemMapper.selectBatchIds   : <==      Total: 4
14:59:22:566 DEBUG 46736 --- [http-nio-8081-exec-4] c.h.i.mapper.ItemMapper.selectBatchIds   : ==>  Preparing: SELECT id,name,price,stock,image,category,brand,spec,sold,comment_count,isAD,status,create_time,update_time,creater,updater FROM item WHERE id IN ( ? , ? , ? , ? )
14:59:22:566 DEBUG 46736 --- [http-nio-8081-exec-4] c.h.i.mapper.ItemMapper.selectBatchIds   : ==> Parameters: 40305713537(Long), 4026319(Long), 100000006163(Long), 100001905417(Long)
14:59:22:568 DEBUG 46736 --- [http-nio-8081-exec-4] c.h.i.mapper.ItemMapper.selectBatchIds   : <==      Total: 4
14:59:23:066 DEBUG 46736 --- [http-nio-8081-exec-3] c.h.i.mapper.ItemMapper.selectBatchIds   : ==>  Preparing: SELECT id,name,price,stock,image,category,brand,spec,sold,comment_count,isAD,status,create_time,update_time,creater,updater FROM item WHERE id IN ( ? , ? , ? , ? )
14:59:23:066 DEBUG 46736 --- [http-nio-8081-exec-3] c.h.i.mapper.ItemMapper.selectBatchIds   : ==> Parameters: 40305713537(Long), 4026319(Long), 100000006163(Long), 100001905417(Long)
14:59:23:069 DEBUG 46736 --- [http-nio-8081-exec-3] c.h.i.mapper.ItemMapper.selectBatchIds   : <==      Total: 4
14:59:23:171 DEBUG 46736 --- [http-nio-8081-exec-5] c.h.i.mapper.ItemMapper.selectBatchIds   : ==>  Preparing: SELECT id,name,price,stock,image,category,brand,spec,sold,comment_count,isAD,status,create_time,update_time,creater,updater FROM item WHERE id IN ( ? , ? , ? , ? )
14:59:23:171 DEBUG 46736 --- [http-nio-8081-exec-5] c.h.i.mapper.ItemMapper.selectBatchIds   : ==> Parameters: 40305713537(Long), 4026319(Long), 100000006163(Long), 100001905417(Long)
14:59:23:174 DEBUG 46736 --- [http-nio-8081-exec-5] c.h.i.mapper.ItemMapper.selectBatchIds   : <==      Total: 4
14:59:23:280 DEBUG 46736 --- [http-nio-8081-exec-6] c.h.i.mapper.ItemMapper.selectBatchIds   : ==>  Preparing: SELECT id,name,price,stock,image,category,brand,spec,sold,comment_count,isAD,status,create_time,update_time,creater,updater FROM item WHERE id IN ( ? , ? , ? , ? )
14:59:23:285 DEBUG 46736 --- [http-nio-8081-exec-6] c.h.i.mapper.ItemMapper.selectBatchIds   : ==> Parameters: 40305713537(Long), 4026319(Long), 100000006163(Long), 100001905417(Long)
14:59:23:288 DEBUG 46736 --- [http-nio-8081-exec-6] c.h.i.mapper.ItemMapper.selectBatchIds   : <==      Total: 4
14:59:23:437 DEBUG 46736 --- [http-nio-8081-exec-7] c.h.i.mapper.ItemMapper.selectBatchIds   : ==>  Preparing: SELECT id,name,price,stock,image,category,brand,spec,sold,comment_count,isAD,status,create_time,update_time,creater,updater FROM item WHERE id IN ( ? , ? , ? , ? )
14:59:23:443 DEBUG 46736 --- [http-nio-8081-exec-7] c.h.i.mapper.ItemMapper.selectBatchIds   : ==> Parameters: 40305713537(Long), 4026319(Long), 100000006163(Long), 100001905417(Long)
14:59:23:467 DEBUG 46736 --- [http-nio-8081-exec-7] c.h.i.mapper.ItemMapper.selectBatchIds   : <==      Total: 4
14:59:23:485 DEBUG 46736 --- [http-nio-8081-exec-8] c.h.i.mapper.ItemMapper.selectBatchIds   : ==>  Preparing: SELECT id,name,price,stock,image,category,brand,spec,sold,comment_count,isAD,status,create_time,update_time,creater,updater FROM item WHERE id IN ( ? , ? , ? , ? )
14:59:23:486 DEBUG 46736 --- [http-nio-8081-exec-8] c.h.i.mapper.ItemMapper.selectBatchIds   : ==> Parameters: 40305713537(Long), 4026319(Long), 100000006163(Long), 100001905417(Long)
14:59:23:489 DEBUG 46736 --- [http-nio-8081-exec-8] c.h.i.mapper.ItemMapper.selectBatchIds   : <==      Total: 4
14:59:23:567 DEBUG 46736 --- [http-nio-8081-exec-9] c.h.i.mapper.ItemMapper.selectBatchIds   : ==>  Preparing: SELECT id,name,price,stock,image,category,brand,spec,sold,comment_count,isAD,status,create_time,update_time,creater,updater FROM item WHERE id IN ( ? , ? , ? , ? )
14:59:23:567 DEBUG 46736 --- [http-nio-8081-exec-9] c.h.i.mapper.ItemMapper.selectBatchIds   : ==> Parameters: 40305713537(Long), 4026319(Long), 100000006163(Long), 100001905417(Long)
14:59:23:570 DEBUG 46736 --- [http-nio-8081-exec-9] c.h.i.mapper.ItemMapper.selectBatchIds   : <==      Total: 4
14:59:24:066 DEBUG 46736 --- [http-nio-8081-exec-10] c.h.i.mapper.ItemMapper.selectBatchIds   : ==>  Preparing: SELECT id,name,price,stock,image,category,brand,spec,sold,comment_count,isAD,status,create_time,update_time,creater,updater FROM item WHERE id IN ( ? , ? , ? , ? )
14:59:24:067 DEBUG 46736 --- [http-nio-8081-exec-10] c.h.i.mapper.ItemMapper.selectBatchIds   : ==> Parameters: 40305713537(Long), 4026319(Long), 100000006163(Long), 100001905417(Long)
14:59:24:069 DEBUG 46736 --- [http-nio-8081-exec-10] c.h.i.mapper.ItemMapper.selectBatchIds   : <==      Total: 4
14:59:24:666 DEBUG 46736 --- [http-nio-8081-exec-1] c.h.i.mapper.ItemMapper.selectBatchIds   : ==>  Preparing: SELECT id,name,price,stock,image,category,brand,spec,sold,comment_count,isAD,status,create_time,update_time,creater,updater FROM item WHERE id IN ( ? , ? , ? , ? )
14:59:24:666 DEBUG 46736 --- [http-nio-8081-exec-1] c.h.i.mapper.ItemMapper.selectBatchIds   : ==> Parameters: 40305713537(Long), 4026319(Long), 100000006163(Long), 100001905417(Long)
14:59:24:675 DEBUG 46736 --- [http-nio-8081-exec-2] c.h.i.mapper.ItemMapper.selectBatchIds   : ==>  Preparing: SELECT id,name,price,stock,image,category,brand,spec,sold,comment_count,isAD,status,create_time,update_time,creater,updater FROM item WHERE id IN ( ? , ? , ? , ? )
14:59:24:676 DEBUG 46736 --- [http-nio-8081-exec-4] c.h.i.mapper.ItemMapper.selectBatchIds   : ==>  Preparing: SELECT id,name,price,stock,image,category,brand,spec,sold,comment_count,isAD,status,create_time,update_time,creater,updater FROM item WHERE id IN ( ? , ? , ? , ? )
14:59:24:676 DEBUG 46736 --- [http-nio-8081-exec-4] c.h.i.mapper.ItemMapper.selectBatchIds   : ==> Parameters: 40305713537(Long), 4026319(Long), 100000006163(Long), 100001905417(Long)
14:59:24:676 DEBUG 46736 --- [http-nio-8081-exec-2] c.h.i.mapper.ItemMapper.selectBatchIds   : ==> Parameters: 40305713537(Long), 4026319(Long), 100000006163(Long), 100001905417(Long)
14:59:24:676 DEBUG 46736 --- [http-nio-8081-exec-1] c.h.i.mapper.ItemMapper.selectBatchIds   : <==      Total: 4
14:59:24:678 DEBUG 46736 --- [http-nio-8081-exec-3] c.h.i.mapper.ItemMapper.selectBatchIds   : ==>  Preparing: SELECT id,name,price,stock,image,category,brand,spec,sold,comment_count,isAD,status,create_time,update_time,creater,updater FROM item WHERE id IN ( ? , ? , ? , ? )
14:59:24:678 DEBUG 46736 --- [http-nio-8081-exec-3] c.h.i.mapper.ItemMapper.selectBatchIds   : ==> Parameters: 40305713537(Long), 4026319(Long), 100000006163(Long), 100001905417(Long)
14:59:24:678 DEBUG 46736 --- [http-nio-8081-exec-4] c.h.i.mapper.ItemMapper.selectBatchIds   : <==      Total: 4
14:59:24:680 DEBUG 46736 --- [http-nio-8081-exec-2] c.h.i.mapper.ItemMapper.selectBatchIds   : <==      Total: 4
14:59:24:684 DEBUG 46736 --- [http-nio-8081-exec-3] c.h.i.mapper.ItemMapper.selectBatchIds   : <==      Total: 4
14:59:24:686 DEBUG 46736 --- [http-nio-8081-exec-5] c.h.i.mapper.ItemMapper.selectBatchIds   : ==>  Preparing: SELECT id,name,price,stock,image,category,brand,spec,sold,comment_count,isAD,status,create_time,update_time,creater,updater FROM item WHERE id IN ( ? , ? , ? , ? )
14:59:24:687 DEBUG 46736 --- [http-nio-8081-exec-5] c.h.i.mapper.ItemMapper.selectBatchIds   : ==> Parameters: 40305713537(Long), 4026319(Long), 100000006163(Long), 100001905417(Long)
14:59:24:689 DEBUG 46736 --- [http-nio-8081-exec-5] c.h.i.mapper.ItemMapper.selectBatchIds   : <==      Total: 4
14:59:25:065 DEBUG 46736 --- [http-nio-8081-exec-6] c.h.i.mapper.ItemMapper.selectBatchIds   : ==>  Preparing: SELECT id,name,price,stock,image,category,brand,spec,sold,comment_count,isAD,status,create_time,update_time,creater,updater FROM item WHERE id IN ( ? , ? , ? , ? )
14:59:25:065 DEBUG 46736 --- [http-nio-8081-exec-6] c.h.i.mapper.ItemMapper.selectBatchIds   : ==> Parameters: 40305713537(Long), 4026319(Long), 100000006163(Long), 100001905417(Long)
14:59:25:067 DEBUG 46736 --- [http-nio-8081-exec-6] c.h.i.mapper.ItemMapper.selectBatchIds   : <==      Total: 4
14:59:25:164 DEBUG 46736 --- [http-nio-8081-exec-7] c.h.i.mapper.ItemMapper.selectBatchIds   : ==>  Preparing: SELECT id,name,price,stock,image,category,brand,spec,sold,comment_count,isAD,status,create_time,update_time,creater,updater FROM item WHERE id IN ( ? , ? , ? , ? )
14:59:25:164 DEBUG 46736 --- [http-nio-8081-exec-7] c.h.i.mapper.ItemMapper.selectBatchIds   : ==> Parameters: 40305713537(Long), 4026319(Long), 100000006163(Long), 100001905417(Long)
14:59:25:166 DEBUG 46736 --- [http-nio-8081-exec-7] c.h.i.mapper.ItemMapper.selectBatchIds   : <==      Total: 4
14:59:25:265 DEBUG 46736 --- [http-nio-8081-exec-8] c.h.i.mapper.ItemMapper.selectBatchIds   : ==>  Preparing: SELECT id,name,price,stock,image,category,brand,spec,sold,comment_count,isAD,status,create_time,update_time,creater,updater FROM item WHERE id IN ( ? , ? , ? , ? )
14:59:25:265 DEBUG 46736 --- [http-nio-8081-exec-8] c.h.i.mapper.ItemMapper.selectBatchIds   : ==> Parameters: 40305713537(Long), 4026319(Long), 100000006163(Long), 100001905417(Long)
14:59:25:269 DEBUG 46736 --- [http-nio-8081-exec-8] c.h.i.mapper.ItemMapper.selectBatchIds   : <==      Total: 4
14:59:25:365 DEBUG 46736 --- [http-nio-8081-exec-9] c.h.i.mapper.ItemMapper.selectBatchIds   : ==>  Preparing: SELECT id,name,price,stock,image,category,brand,spec,sold,comment_count,isAD,status,create_time,update_time,creater,updater FROM item WHERE id IN ( ? , ? , ? , ? )
14:59:25:365 DEBUG 46736 --- [http-nio-8081-exec-9] c.h.i.mapper.ItemMapper.selectBatchIds   : ==> Parameters: 40305713537(Long), 4026319(Long), 100000006163(Long), 100001905417(Long)
14:59:25:367 DEBUG 46736 --- [http-nio-8081-exec-9] c.h.i.mapper.ItemMapper.selectBatchIds   : <==      Total: 4
14:59:25:465 DEBUG 46736 --- [http-nio-8081-exec-10] c.h.i.mapper.ItemMapper.selectBatchIds   : ==>  Preparing: SELECT id,name,price,stock,image,category,brand,spec,sold,comment_count,isAD,status,create_time,update_time,creater,updater FROM item WHERE id IN ( ? , ? , ? , ? )
14:59:25:465 DEBUG 46736 --- [http-nio-8081-exec-10] c.h.i.mapper.ItemMapper.selectBatchIds   : ==> Parameters: 40305713537(Long), 4026319(Long), 100000006163(Long), 100001905417(Long)
14:59:25:467 DEBUG 46736 --- [http-nio-8081-exec-10] c.h.i.mapper.ItemMapper.selectBatchIds   : <==      Total: 4
14:59:25:563 DEBUG 46736 --- [http-nio-8081-exec-1] c.h.i.mapper.ItemMapper.selectBatchIds   : ==>  Preparing: SELECT id,name,price,stock,image,category,brand,spec,sold,comment_count,isAD,status,create_time,update_time,creater,updater FROM item WHERE id IN ( ? , ? , ? , ? )
14:59:25:564 DEBUG 46736 --- [http-nio-8081-exec-1] c.h.i.mapper.ItemMapper.selectBatchIds   : ==> Parameters: 40305713537(Long), 4026319(Long), 100000006163(Long), 100001905417(Long)
14:59:25:569 DEBUG 46736 --- [http-nio-8081-exec-1] c.h.i.mapper.ItemMapper.selectBatchIds   : <==      Total: 4
14:59:26:066 DEBUG 46736 --- [http-nio-8081-exec-4] c.h.i.mapper.ItemMapper.selectBatchIds   : ==>  Preparing: SELECT id,name,price,stock,image,category,brand,spec,sold,comment_count,isAD,status,create_time,update_time,creater,updater FROM item WHERE id IN ( ? , ? , ? , ? )
14:59:26:066 DEBUG 46736 --- [http-nio-8081-exec-4] c.h.i.mapper.ItemMapper.selectBatchIds   : ==> Parameters: 40305713537(Long), 4026319(Long), 100000006163(Long), 100001905417(Long)
14:59:26:069 DEBUG 46736 --- [http-nio-8081-exec-4] c.h.i.mapper.ItemMapper.selectBatchIds   : <==      Total: 4
14:59:26:168 DEBUG 46736 --- [http-nio-8081-exec-2] c.h.i.mapper.ItemMapper.selectBatchIds   : ==>  Preparing: SELECT id,name,price,stock,image,category,brand,spec,sold,comment_count,isAD,status,create_time,update_time,creater,updater FROM item WHERE id IN ( ? , ? , ? , ? )
14:59:26:169 DEBUG 46736 --- [http-nio-8081-exec-2] c.h.i.mapper.ItemMapper.selectBatchIds   : ==> Parameters: 40305713537(Long), 4026319(Long), 100000006163(Long), 100001905417(Long)
14:59:26:171 DEBUG 46736 --- [http-nio-8081-exec-2] c.h.i.mapper.ItemMapper.selectBatchIds   : <==      Total: 4
14:59:26:264 DEBUG 46736 --- [http-nio-8081-exec-3] c.h.i.mapper.ItemMapper.selectBatchIds   : ==>  Preparing: SELECT id,name,price,stock,image,category,brand,spec,sold,comment_count,isAD,status,create_time,update_time,creater,updater FROM item WHERE id IN ( ? , ? , ? , ? )
14:59:26:264 DEBUG 46736 --- [http-nio-8081-exec-3] c.h.i.mapper.ItemMapper.selectBatchIds   : ==> Parameters: 40305713537(Long), 4026319(Long), 100000006163(Long), 100001905417(Long)
14:59:26:267 DEBUG 46736 --- [http-nio-8081-exec-3] c.h.i.mapper.ItemMapper.selectBatchIds   : <==      Total: 4
14:59:26:365 DEBUG 46736 --- [http-nio-8081-exec-5] c.h.i.mapper.ItemMapper.selectBatchIds   : ==>  Preparing: SELECT id,name,price,stock,image,category,brand,spec,sold,comment_count,isAD,status,create_time,update_time,creater,updater FROM item WHERE id IN ( ? , ? , ? , ? )
14:59:26:365 DEBUG 46736 --- [http-nio-8081-exec-5] c.h.i.mapper.ItemMapper.selectBatchIds   : ==> Parameters: 40305713537(Long), 4026319(Long), 100000006163(Long), 100001905417(Long)
14:59:26:367 DEBUG 46736 --- [http-nio-8081-exec-5] c.h.i.mapper.ItemMapper.selectBatchIds   : <==      Total: 4
14:59:26:465 DEBUG 46736 --- [http-nio-8081-exec-6] c.h.i.mapper.ItemMapper.selectBatchIds   : ==>  Preparing: SELECT id,name,price,stock,image,category,brand,spec,sold,comment_count,isAD,status,create_time,update_time,creater,updater FROM item WHERE id IN ( ? , ? , ? , ? )
14:59:26:465 DEBUG 46736 --- [http-nio-8081-exec-6] c.h.i.mapper.ItemMapper.selectBatchIds   : ==> Parameters: 40305713537(Long), 4026319(Long), 100000006163(Long), 100001905417(Long)
14:59:26:467 DEBUG 46736 --- [http-nio-8081-exec-6] c.h.i.mapper.ItemMapper.selectBatchIds   : <==      Total: 4
14:59:26:563 DEBUG 46736 --- [http-nio-8081-exec-7] c.h.i.mapper.ItemMapper.selectBatchIds   : ==>  Preparing: SELECT id,name,price,stock,image,category,brand,spec,sold,comment_count,isAD,status,create_time,update_time,creater,updater FROM item WHERE id IN ( ? , ? , ? , ? )
14:59:26:563 DEBUG 46736 --- [http-nio-8081-exec-7] c.h.i.mapper.ItemMapper.selectBatchIds   : ==> Parameters: 40305713537(Long), 4026319(Long), 100000006163(Long), 100001905417(Long)
14:59:26:564 DEBUG 46736 --- [http-nio-8081-exec-7] c.h.i.mapper.ItemMapper.selectBatchIds   : <==      Total: 4
14:59:27:064 DEBUG 46736 --- [http-nio-8081-exec-8] c.h.i.mapper.ItemMapper.selectBatchIds   : ==>  Preparing: SELECT id,name,price,stock,image,category,brand,spec,sold,comment_count,isAD,status,create_time,update_time,creater,updater FROM item WHERE id IN ( ? , ? , ? , ? )
14:59:27:065 DEBUG 46736 --- [http-nio-8081-exec-8] c.h.i.mapper.ItemMapper.selectBatchIds   : ==> Parameters: 40305713537(Long), 4026319(Long), 100000006163(Long), 100001905417(Long)
14:59:27:067 DEBUG 46736 --- [http-nio-8081-exec-8] c.h.i.mapper.ItemMapper.selectBatchIds   : <==      Total: 4
14:59:27:166 DEBUG 46736 --- [http-nio-8081-exec-9] c.h.i.mapper.ItemMapper.selectBatchIds   : ==>  Preparing: SELECT id,name,price,stock,image,category,brand,spec,sold,comment_count,isAD,status,create_time,update_time,creater,updater FROM item WHERE id IN ( ? , ? , ? , ? )
14:59:27:166 DEBUG 46736 --- [http-nio-8081-exec-9] c.h.i.mapper.ItemMapper.selectBatchIds   : ==> Parameters: 40305713537(Long), 4026319(Long), 100000006163(Long), 100001905417(Long)
14:59:27:168 DEBUG 46736 --- [http-nio-8081-exec-9] c.h.i.mapper.ItemMapper.selectBatchIds   : <==      Total: 4
14:59:27:264 DEBUG 46736 --- [http-nio-8081-exec-10] c.h.i.mapper.ItemMapper.selectBatchIds   : ==>  Preparing: SELECT id,name,price,stock,image,category,brand,spec,sold,comment_count,isAD,status,create_time,update_time,creater,updater FROM item WHERE id IN ( ? , ? , ? , ? )
14:59:27:266 DEBUG 46736 --- [http-nio-8081-exec-10] c.h.i.mapper.ItemMapper.selectBatchIds   : ==> Parameters: 40305713537(Long), 4026319(Long), 100000006163(Long), 100001905417(Long)
14:59:27:268 DEBUG 46736 --- [http-nio-8081-exec-10] c.h.i.mapper.ItemMapper.selectBatchIds   : <==      Total: 4
14:59:27:364 DEBUG 46736 --- [http-nio-8081-exec-1] c.h.i.mapper.ItemMapper.selectBatchIds   : ==>  Preparing: SELECT id,name,price,stock,image,category,brand,spec,sold,comment_count,isAD,status,create_time,update_time,creater,updater FROM item WHERE id IN ( ? , ? , ? , ? )
14:59:27:364 DEBUG 46736 --- [http-nio-8081-exec-1] c.h.i.mapper.ItemMapper.selectBatchIds   : ==> Parameters: 40305713537(Long), 4026319(Long), 100000006163(Long), 100001905417(Long)
14:59:27:366 DEBUG 46736 --- [http-nio-8081-exec-1] c.h.i.mapper.ItemMapper.selectBatchIds   : <==      Total: 4
14:59:27:469 DEBUG 46736 --- [http-nio-8081-exec-4] c.h.i.mapper.ItemMapper.selectBatchIds   : ==>  Preparing: SELECT id,name,price,stock,image,category,brand,spec,sold,comment_count,isAD,status,create_time,update_time,creater,updater FROM item WHERE id IN ( ? , ? , ? , ? )
14:59:27:469 DEBUG 46736 --- [http-nio-8081-exec-4] c.h.i.mapper.ItemMapper.selectBatchIds   : ==> Parameters: 40305713537(Long), 4026319(Long), 100000006163(Long), 100001905417(Long)
14:59:27:473 DEBUG 46736 --- [http-nio-8081-exec-4] c.h.i.mapper.ItemMapper.selectBatchIds   : <==      Total: 4
14:59:27:564 DEBUG 46736 --- [http-nio-8081-exec-2] c.h.i.mapper.ItemMapper.selectBatchIds   : ==>  Preparing: SELECT id,name,price,stock,image,category,brand,spec,sold,comment_count,isAD,status,create_time,update_time,creater,updater FROM item WHERE id IN ( ? , ? , ? , ? )
14:59:27:564 DEBUG 46736 --- [http-nio-8081-exec-2] c.h.i.mapper.ItemMapper.selectBatchIds   : ==> Parameters: 40305713537(Long), 4026319(Long), 100000006163(Long), 100001905417(Long)
14:59:27:566 DEBUG 46736 --- [http-nio-8081-exec-2] c.h.i.mapper.ItemMapper.selectBatchIds   : <==      Total: 4
14:59:28:067 DEBUG 46736 --- [http-nio-8081-exec-3] c.h.i.mapper.ItemMapper.selectBatchIds   : ==>  Preparing: SELECT id,name,price,stock,image,category,brand,spec,sold,comment_count,isAD,status,create_time,update_time,creater,updater FROM item WHERE id IN ( ? , ? , ? , ? )
14:59:28:068 DEBUG 46736 --- [http-nio-8081-exec-3] c.h.i.mapper.ItemMapper.selectBatchIds   : ==> Parameters: 40305713537(Long), 4026319(Long), 100000006163(Long), 100001905417(Long)
14:59:28:075 DEBUG 46736 --- [http-nio-8081-exec-3] c.h.i.mapper.ItemMapper.selectBatchIds   : <==      Total: 4
14:59:28:170 DEBUG 46736 --- [http-nio-8081-exec-5] c.h.i.mapper.ItemMapper.selectBatchIds   : ==>  Preparing: SELECT id,name,price,stock,image,category,brand,spec,sold,comment_count,isAD,status,create_time,update_time,creater,updater FROM item WHERE id IN ( ? , ? , ? , ? )
14:59:28:170 DEBUG 46736 --- [http-nio-8081-exec-5] c.h.i.mapper.ItemMapper.selectBatchIds   : ==> Parameters: 40305713537(Long), 4026319(Long), 100000006163(Long), 100001905417(Long)
14:59:28:173 DEBUG 46736 --- [http-nio-8081-exec-5] c.h.i.mapper.ItemMapper.selectBatchIds   : <==      Total: 4
14:59:28:266 DEBUG 46736 --- [http-nio-8081-exec-6] c.h.i.mapper.ItemMapper.selectBatchIds   : ==>  Preparing: SELECT id,name,price,stock,image,category,brand,spec,sold,comment_count,isAD,status,create_time,update_time,creater,updater FROM item WHERE id IN ( ? , ? , ? , ? )
14:59:28:267 DEBUG 46736 --- [http-nio-8081-exec-6] c.h.i.mapper.ItemMapper.selectBatchIds   : ==> Parameters: 40305713537(Long), 4026319(Long), 100000006163(Long), 100001905417(Long)
14:59:28:269 DEBUG 46736 --- [http-nio-8081-exec-6] c.h.i.mapper.ItemMapper.selectBatchIds   : <==      Total: 4
14:59:28:368 DEBUG 46736 --- [http-nio-8081-exec-7] c.h.i.mapper.ItemMapper.selectBatchIds   : ==>  Preparing: SELECT id,name,price,stock,image,category,brand,spec,sold,comment_count,isAD,status,create_time,update_time,creater,updater FROM item WHERE id IN ( ? , ? , ? , ? )
14:59:28:368 DEBUG 46736 --- [http-nio-8081-exec-7] c.h.i.mapper.ItemMapper.selectBatchIds   : ==> Parameters: 40305713537(Long), 4026319(Long), 100000006163(Long), 100001905417(Long)
14:59:28:370 DEBUG 46736 --- [http-nio-8081-exec-7] c.h.i.mapper.ItemMapper.selectBatchIds   : <==      Total: 4
14:59:28:463 DEBUG 46736 --- [http-nio-8081-exec-8] c.h.i.mapper.ItemMapper.selectBatchIds   : ==>  Preparing: SELECT id,name,price,stock,image,category,brand,spec,sold,comment_count,isAD,status,create_time,update_time,creater,updater FROM item WHERE id IN ( ? , ? , ? , ? )
14:59:28:464 DEBUG 46736 --- [http-nio-8081-exec-8] c.h.i.mapper.ItemMapper.selectBatchIds   : ==> Parameters: 40305713537(Long), 4026319(Long), 100000006163(Long), 100001905417(Long)
14:59:28:467 DEBUG 46736 --- [http-nio-8081-exec-8] c.h.i.mapper.ItemMapper.selectBatchIds   : <==      Total: 4
14:59:28:563 DEBUG 46736 --- [http-nio-8081-exec-9] c.h.i.mapper.ItemMapper.selectBatchIds   : ==>  Preparing: SELECT id,name,price,stock,image,category,brand,spec,sold,comment_count,isAD,status,create_time,update_time,creater,updater FROM item WHERE id IN ( ? , ? , ? , ? )
14:59:28:565 DEBUG 46736 --- [http-nio-8081-exec-9] c.h.i.mapper.ItemMapper.selectBatchIds   : ==> Parameters: 40305713537(Long), 4026319(Long), 100000006163(Long), 100001905417(Long)
14:59:28:567 DEBUG 46736 --- [http-nio-8081-exec-9] c.h.i.mapper.ItemMapper.selectBatchIds   : <==      Total: 4
14:59:29:065 DEBUG 46736 --- [http-nio-8081-exec-10] c.h.i.mapper.ItemMapper.selectBatchIds   : ==>  Preparing: SELECT id,name,price,stock,image,category,brand,spec,sold,comment_count,isAD,status,create_time,update_time,creater,updater FROM item WHERE id IN ( ? , ? , ? , ? )
14:59:29:066 DEBUG 46736 --- [http-nio-8081-exec-10] c.h.i.mapper.ItemMapper.selectBatchIds   : ==> Parameters: 40305713537(Long), 4026319(Long), 100000006163(Long), 100001905417(Long)
14:59:29:069 DEBUG 46736 --- [http-nio-8081-exec-10] c.h.i.mapper.ItemMapper.selectBatchIds   : <==      Total: 4
14:59:29:166 DEBUG 46736 --- [http-nio-8081-exec-1] c.h.i.mapper.ItemMapper.selectBatchIds   : ==>  Preparing: SELECT id,name,price,stock,image,category,brand,spec,sold,comment_count,isAD,status,create_time,update_time,creater,updater FROM item WHERE id IN ( ? , ? , ? , ? )
14:59:29:167 DEBUG 46736 --- [http-nio-8081-exec-1] c.h.i.mapper.ItemMapper.selectBatchIds   : ==> Parameters: 40305713537(Long), 4026319(Long), 100000006163(Long), 100001905417(Long)
14:59:29:169 DEBUG 46736 --- [http-nio-8081-exec-1] c.h.i.mapper.ItemMapper.selectBatchIds   : <==      Total: 4
14:59:29:266 DEBUG 46736 --- [http-nio-8081-exec-4] c.h.i.mapper.ItemMapper.selectBatchIds   : ==>  Preparing: SELECT id,name,price,stock,image,category,brand,spec,sold,comment_count,isAD,status,create_time,update_time,creater,updater FROM item WHERE id IN ( ? , ? , ? , ? )
14:59:29:266 DEBUG 46736 --- [http-nio-8081-exec-4] c.h.i.mapper.ItemMapper.selectBatchIds   : ==> Parameters: 40305713537(Long), 4026319(Long), 100000006163(Long), 100001905417(Long)
14:59:29:268 DEBUG 46736 --- [http-nio-8081-exec-4] c.h.i.mapper.ItemMapper.selectBatchIds   : <==      Total: 4
14:59:29:364 DEBUG 46736 --- [http-nio-8081-exec-2] c.h.i.mapper.ItemMapper.selectBatchIds   : ==>  Preparing: SELECT id,name,price,stock,image,category,brand,spec,sold,comment_count,isAD,status,create_time,update_time,creater,updater FROM item WHERE id IN ( ? , ? , ? , ? )
14:59:29:365 DEBUG 46736 --- [http-nio-8081-exec-2] c.h.i.mapper.ItemMapper.selectBatchIds   : ==> Parameters: 40305713537(Long), 4026319(Long), 100000006163(Long), 100001905417(Long)
14:59:29:366 DEBUG 46736 --- [http-nio-8081-exec-2] c.h.i.mapper.ItemMapper.selectBatchIds   : <==      Total: 4
14:59:29:465 DEBUG 46736 --- [http-nio-8081-exec-3] c.h.i.mapper.ItemMapper.selectBatchIds   : ==>  Preparing: SELECT id,name,price,stock,image,category,brand,spec,sold,comment_count,isAD,status,create_time,update_time,creater,updater FROM item WHERE id IN ( ? , ? , ? , ? )
14:59:29:466 DEBUG 46736 --- [http-nio-8081-exec-3] c.h.i.mapper.ItemMapper.selectBatchIds   : ==> Parameters: 40305713537(Long), 4026319(Long), 100000006163(Long), 100001905417(Long)
14:59:29:468 DEBUG 46736 --- [http-nio-8081-exec-3] c.h.i.mapper.ItemMapper.selectBatchIds   : <==      Total: 4
14:59:29:564 DEBUG 46736 --- [http-nio-8081-exec-5] c.h.i.mapper.ItemMapper.selectBatchIds   : ==>  Preparing: SELECT id,name,price,stock,image,category,brand,spec,sold,comment_count,isAD,status,create_time,update_time,creater,updater FROM item WHERE id IN ( ? , ? , ? , ? )
14:59:29:565 DEBUG 46736 --- [http-nio-8081-exec-5] c.h.i.mapper.ItemMapper.selectBatchIds   : ==> Parameters: 40305713537(Long), 4026319(Long), 100000006163(Long), 100001905417(Long)
14:59:29:567 DEBUG 46736 --- [http-nio-8081-exec-5] c.h.i.mapper.ItemMapper.selectBatchIds   : <==      Total: 4
14:59:30:063 DEBUG 46736 --- [http-nio-8081-exec-6] c.h.i.mapper.ItemMapper.selectBatchIds   : ==>  Preparing: SELECT id,name,price,stock,image,category,brand,spec,sold,comment_count,isAD,status,create_time,update_time,creater,updater FROM item WHERE id IN ( ? , ? , ? , ? )
14:59:30:064 DEBUG 46736 --- [http-nio-8081-exec-6] c.h.i.mapper.ItemMapper.selectBatchIds   : ==> Parameters: 40305713537(Long), 4026319(Long), 100000006163(Long), 100001905417(Long)
14:59:30:066 DEBUG 46736 --- [http-nio-8081-exec-6] c.h.i.mapper.ItemMapper.selectBatchIds   : <==      Total: 4
14:59:30:165 DEBUG 46736 --- [http-nio-8081-exec-7] c.h.i.mapper.ItemMapper.selectBatchIds   : ==>  Preparing: SELECT id,name,price,stock,image,category,brand,spec,sold,comment_count,isAD,status,create_time,update_time,creater,updater FROM item WHERE id IN ( ? , ? , ? , ? )
14:59:30:166 DEBUG 46736 --- [http-nio-8081-exec-7] c.h.i.mapper.ItemMapper.selectBatchIds   : ==> Parameters: 40305713537(Long), 4026319(Long), 100000006163(Long), 100001905417(Long)
14:59:30:168 DEBUG 46736 --- [http-nio-8081-exec-7] c.h.i.mapper.ItemMapper.selectBatchIds   : <==      Total: 4
14:59:30:267 DEBUG 46736 --- [http-nio-8081-exec-8] c.h.i.mapper.ItemMapper.selectBatchIds   : ==>  Preparing: SELECT id,name,price,stock,image,category,brand,spec,sold,comment_count,isAD,status,create_time,update_time,creater,updater FROM item WHERE id IN ( ? , ? , ? , ? )
14:59:30:268 DEBUG 46736 --- [http-nio-8081-exec-8] c.h.i.mapper.ItemMapper.selectBatchIds   : ==> Parameters: 40305713537(Long), 4026319(Long), 100000006163(Long), 100001905417(Long)
14:59:30:270 DEBUG 46736 --- [http-nio-8081-exec-8] c.h.i.mapper.ItemMapper.selectBatchIds   : <==      Total: 4
14:59:30:362 DEBUG 46736 --- [http-nio-8081-exec-9] c.h.i.mapper.ItemMapper.selectBatchIds   : ==>  Preparing: SELECT id,name,price,stock,image,category,brand,spec,sold,comment_count,isAD,status,create_time,update_time,creater,updater FROM item WHERE id IN ( ? , ? , ? , ? )
14:59:30:363 DEBUG 46736 --- [http-nio-8081-exec-9] c.h.i.mapper.ItemMapper.selectBatchIds   : ==> Parameters: 40305713537(Long), 4026319(Long), 100000006163(Long), 100001905417(Long)
14:59:30:365 DEBUG 46736 --- [http-nio-8081-exec-9] c.h.i.mapper.ItemMapper.selectBatchIds   : <==      Total: 4
14:59:30:465 DEBUG 46736 --- [http-nio-8081-exec-10] c.h.i.mapper.ItemMapper.selectBatchIds   : ==>  Preparing: SELECT id,name,price,stock,image,category,brand,spec,sold,comment_count,isAD,status,create_time,update_time,creater,updater FROM item WHERE id IN ( ? , ? , ? , ? )
14:59:30:465 DEBUG 46736 --- [http-nio-8081-exec-10] c.h.i.mapper.ItemMapper.selectBatchIds   : ==> Parameters: 40305713537(Long), 4026319(Long), 100000006163(Long), 100001905417(Long)
14:59:30:468 DEBUG 46736 --- [http-nio-8081-exec-10] c.h.i.mapper.ItemMapper.selectBatchIds   : <==      Total: 4
14:59:30:567 DEBUG 46736 --- [http-nio-8081-exec-1] c.h.i.mapper.ItemMapper.selectBatchIds   : ==>  Preparing: SELECT id,name,price,stock,image,category,brand,spec,sold,comment_count,isAD,status,create_time,update_time,creater,updater FROM item WHERE id IN ( ? , ? , ? , ? )
14:59:30:567 DEBUG 46736 --- [http-nio-8081-exec-1] c.h.i.mapper.ItemMapper.selectBatchIds   : ==> Parameters: 40305713537(Long), 4026319(Long), 100000006163(Long), 100001905417(Long)
14:59:30:570 DEBUG 46736 --- [http-nio-8081-exec-1] c.h.i.mapper.ItemMapper.selectBatchIds   : <==      Total: 4
14:59:31:065 DEBUG 46736 --- [http-nio-8081-exec-4] c.h.i.mapper.ItemMapper.selectBatchIds   : ==>  Preparing: SELECT id,name,price,stock,image,category,brand,spec,sold,comment_count,isAD,status,create_time,update_time,creater,updater FROM item WHERE id IN ( ? , ? , ? , ? )
14:59:31:065 DEBUG 46736 --- [http-nio-8081-exec-4] c.h.i.mapper.ItemMapper.selectBatchIds   : ==> Parameters: 40305713537(Long), 4026319(Long), 100000006163(Long), 100001905417(Long)
14:59:31:068 DEBUG 46736 --- [http-nio-8081-exec-4] c.h.i.mapper.ItemMapper.selectBatchIds   : <==      Total: 4
14:59:31:167 DEBUG 46736 --- [http-nio-8081-exec-2] c.h.i.mapper.ItemMapper.selectBatchIds   : ==>  Preparing: SELECT id,name,price,stock,image,category,brand,spec,sold,comment_count,isAD,status,create_time,update_time,creater,updater FROM item WHERE id IN ( ? , ? , ? , ? )
14:59:31:167 DEBUG 46736 --- [http-nio-8081-exec-2] c.h.i.mapper.ItemMapper.selectBatchIds   : ==> Parameters: 40305713537(Long), 4026319(Long), 100000006163(Long), 100001905417(Long)
14:59:31:169 DEBUG 46736 --- [http-nio-8081-exec-2] c.h.i.mapper.ItemMapper.selectBatchIds   : <==      Total: 4
14:59:31:268 DEBUG 46736 --- [http-nio-8081-exec-3] c.h.i.mapper.ItemMapper.selectBatchIds   : ==>  Preparing: SELECT id,name,price,stock,image,category,brand,spec,sold,comment_count,isAD,status,create_time,update_time,creater,updater FROM item WHERE id IN ( ? , ? , ? , ? )
14:59:31:268 DEBUG 46736 --- [http-nio-8081-exec-3] c.h.i.mapper.ItemMapper.selectBatchIds   : ==> Parameters: 40305713537(Long), 4026319(Long), 100000006163(Long), 100001905417(Long)
14:59:31:270 DEBUG 46736 --- [http-nio-8081-exec-3] c.h.i.mapper.ItemMapper.selectBatchIds   : <==      Total: 4
14:59:31:367 DEBUG 46736 --- [http-nio-8081-exec-5] c.h.i.mapper.ItemMapper.selectBatchIds   : ==>  Preparing: SELECT id,name,price,stock,image,category,brand,spec,sold,comment_count,isAD,status,create_time,update_time,creater,updater FROM item WHERE id IN ( ? , ? , ? , ? )
14:59:31:368 DEBUG 46736 --- [http-nio-8081-exec-5] c.h.i.mapper.ItemMapper.selectBatchIds   : ==> Parameters: 40305713537(Long), 4026319(Long), 100000006163(Long), 100001905417(Long)
14:59:31:370 DEBUG 46736 --- [http-nio-8081-exec-5] c.h.i.mapper.ItemMapper.selectBatchIds   : <==      Total: 4
14:59:31:465 DEBUG 46736 --- [http-nio-8081-exec-6] c.h.i.mapper.ItemMapper.selectBatchIds   : ==>  Preparing: SELECT id,name,price,stock,image,category,brand,spec,sold,comment_count,isAD,status,create_time,update_time,creater,updater FROM item WHERE id IN ( ? , ? , ? , ? )
14:59:31:465 DEBUG 46736 --- [http-nio-8081-exec-6] c.h.i.mapper.ItemMapper.selectBatchIds   : ==> Parameters: 40305713537(Long), 4026319(Long), 100000006163(Long), 100001905417(Long)
14:59:31:469 DEBUG 46736 --- [http-nio-8081-exec-6] c.h.i.mapper.ItemMapper.selectBatchIds   : <==      Total: 4
14:59:31:565 DEBUG 46736 --- [http-nio-8081-exec-7] c.h.i.mapper.ItemMapper.selectBatchIds   : ==>  Preparing: SELECT id,name,price,stock,image,category,brand,spec,sold,comment_count,isAD,status,create_time,update_time,creater,updater FROM item WHERE id IN ( ? , ? , ? , ? )
14:59:31:566 DEBUG 46736 --- [http-nio-8081-exec-7] c.h.i.mapper.ItemMapper.selectBatchIds   : ==> Parameters: 40305713537(Long), 4026319(Long), 100000006163(Long), 100001905417(Long)
14:59:31:569 DEBUG 46736 --- [http-nio-8081-exec-7] c.h.i.mapper.ItemMapper.selectBatchIds   : <==      Total: 4
14:59:32:065 DEBUG 46736 --- [http-nio-8081-exec-8] c.h.i.mapper.ItemMapper.selectBatchIds   : ==>  Preparing: SELECT id,name,price,stock,image,category,brand,spec,sold,comment_count,isAD,status,create_time,update_time,creater,updater FROM item WHERE id IN ( ? , ? , ? , ? )
14:59:32:065 DEBUG 46736 --- [http-nio-8081-exec-8] c.h.i.mapper.ItemMapper.selectBatchIds   : ==> Parameters: 40305713537(Long), 4026319(Long), 100000006163(Long), 100001905417(Long)
14:59:32:068 DEBUG 46736 --- [http-nio-8081-exec-8] c.h.i.mapper.ItemMapper.selectBatchIds   : <==      Total: 4
14:59:32:166 DEBUG 46736 --- [http-nio-8081-exec-9] c.h.i.mapper.ItemMapper.selectBatchIds   : ==>  Preparing: SELECT id,name,price,stock,image,category,brand,spec,sold,comment_count,isAD,status,create_time,update_time,creater,updater FROM item WHERE id IN ( ? , ? , ? , ? )
14:59:32:166 DEBUG 46736 --- [http-nio-8081-exec-9] c.h.i.mapper.ItemMapper.selectBatchIds   : ==> Parameters: 40305713537(Long), 4026319(Long), 100000006163(Long), 100001905417(Long)
14:59:32:169 DEBUG 46736 --- [http-nio-8081-exec-9] c.h.i.mapper.ItemMapper.selectBatchIds   : <==      Total: 4
14:59:32:266 DEBUG 46736 --- [http-nio-8081-exec-10] c.h.i.mapper.ItemMapper.selectBatchIds   : ==>  Preparing: SELECT id,name,price,stock,image,category,brand,spec,sold,comment_count,isAD,status,create_time,update_time,creater,updater FROM item WHERE id IN ( ? , ? , ? , ? )
14:59:32:266 DEBUG 46736 --- [http-nio-8081-exec-10] c.h.i.mapper.ItemMapper.selectBatchIds   : ==> Parameters: 40305713537(Long), 4026319(Long), 100000006163(Long), 100001905417(Long)
14:59:32:269 DEBUG 46736 --- [http-nio-8081-exec-10] c.h.i.mapper.ItemMapper.selectBatchIds   : <==      Total: 4
14:59:32:366 DEBUG 46736 --- [http-nio-8081-exec-1] c.h.i.mapper.ItemMapper.selectBatchIds   : ==>  Preparing: SELECT id,name,price,stock,image,category,brand,spec,sold,comment_count,isAD,status,create_time,update_time,creater,updater FROM item WHERE id IN ( ? , ? , ? , ? )
14:59:32:366 DEBUG 46736 --- [http-nio-8081-exec-1] c.h.i.mapper.ItemMapper.selectBatchIds   : ==> Parameters: 40305713537(Long), 4026319(Long), 100000006163(Long), 100001905417(Long)
14:59:32:369 DEBUG 46736 --- [http-nio-8081-exec-1] c.h.i.mapper.ItemMapper.selectBatchIds   : <==      Total: 4
14:59:32:469 DEBUG 46736 --- [http-nio-8081-exec-4] c.h.i.mapper.ItemMapper.selectBatchIds   : ==>  Preparing: SELECT id,name,price,stock,image,category,brand,spec,sold,comment_count,isAD,status,create_time,update_time,creater,updater FROM item WHERE id IN ( ? , ? , ? , ? )
14:59:32:469 DEBUG 46736 --- [http-nio-8081-exec-4] c.h.i.mapper.ItemMapper.selectBatchIds   : ==> Parameters: 40305713537(Long), 4026319(Long), 100000006163(Long), 100001905417(Long)
14:59:32:471 DEBUG 46736 --- [http-nio-8081-exec-4] c.h.i.mapper.ItemMapper.selectBatchIds   : <==      Total: 4
14:59:32:567 DEBUG 46736 --- [http-nio-8081-exec-2] c.h.i.mapper.ItemMapper.selectBatchIds   : ==>  Preparing: SELECT id,name,price,stock,image,category,brand,spec,sold,comment_count,isAD,status,create_time,update_time,creater,updater FROM item WHERE id IN ( ? , ? , ? , ? )
14:59:32:568 DEBUG 46736 --- [http-nio-8081-exec-2] c.h.i.mapper.ItemMapper.selectBatchIds   : ==> Parameters: 40305713537(Long), 4026319(Long), 100000006163(Long), 100001905417(Long)
14:59:32:571 DEBUG 46736 --- [http-nio-8081-exec-2] c.h.i.mapper.ItemMapper.selectBatchIds   : <==      Total: 4
14:59:33:066 DEBUG 46736 --- [http-nio-8081-exec-3] c.h.i.mapper.ItemMapper.selectBatchIds   : ==>  Preparing: SELECT id,name,price,stock,image,category,brand,spec,sold,comment_count,isAD,status,create_time,update_time,creater,updater FROM item WHERE id IN ( ? , ? , ? , ? )
14:59:33:066 DEBUG 46736 --- [http-nio-8081-exec-3] c.h.i.mapper.ItemMapper.selectBatchIds   : ==> Parameters: 40305713537(Long), 4026319(Long), 100000006163(Long), 100001905417(Long)
14:59:33:068 DEBUG 46736 --- [http-nio-8081-exec-3] c.h.i.mapper.ItemMapper.selectBatchIds   : <==      Total: 4
14:59:33:165 DEBUG 46736 --- [http-nio-8081-exec-5] c.h.i.mapper.ItemMapper.selectBatchIds   : ==>  Preparing: SELECT id,name,price,stock,image,category,brand,spec,sold,comment_count,isAD,status,create_time,update_time,creater,updater FROM item WHERE id IN ( ? , ? , ? , ? )
14:59:33:166 DEBUG 46736 --- [http-nio-8081-exec-5] c.h.i.mapper.ItemMapper.selectBatchIds   : ==> Parameters: 40305713537(Long), 4026319(Long), 100000006163(Long), 100001905417(Long)
14:59:33:169 DEBUG 46736 --- [http-nio-8081-exec-5] c.h.i.mapper.ItemMapper.selectBatchIds   : <==      Total: 4
14:59:33:267 DEBUG 46736 --- [http-nio-8081-exec-6] c.h.i.mapper.ItemMapper.selectBatchIds   : ==>  Preparing: SELECT id,name,price,stock,image,category,brand,spec,sold,comment_count,isAD,status,create_time,update_time,creater,updater FROM item WHERE id IN ( ? , ? , ? , ? )
14:59:33:267 DEBUG 46736 --- [http-nio-8081-exec-6] c.h.i.mapper.ItemMapper.selectBatchIds   : ==> Parameters: 40305713537(Long), 4026319(Long), 100000006163(Long), 100001905417(Long)
14:59:33:270 DEBUG 46736 --- [http-nio-8081-exec-6] c.h.i.mapper.ItemMapper.selectBatchIds   : <==      Total: 4
14:59:33:364 DEBUG 46736 --- [http-nio-8081-exec-7] c.h.i.mapper.ItemMapper.selectBatchIds   : ==>  Preparing: SELECT id,name,price,stock,image,category,brand,spec,sold,comment_count,isAD,status,create_time,update_time,creater,updater FROM item WHERE id IN ( ? , ? , ? , ? )
14:59:33:365 DEBUG 46736 --- [http-nio-8081-exec-7] c.h.i.mapper.ItemMapper.selectBatchIds   : ==> Parameters: 40305713537(Long), 4026319(Long), 100000006163(Long), 100001905417(Long)
14:59:33:367 DEBUG 46736 --- [http-nio-8081-exec-7] c.h.i.mapper.ItemMapper.selectBatchIds   : <==      Total: 4
14:59:33:465 DEBUG 46736 --- [http-nio-8081-exec-8] c.h.i.mapper.ItemMapper.selectBatchIds   : ==>  Preparing: SELECT id,name,price,stock,image,category,brand,spec,sold,comment_count,isAD,status,create_time,update_time,creater,updater FROM item WHERE id IN ( ? , ? , ? , ? )
14:59:33:465 DEBUG 46736 --- [http-nio-8081-exec-8] c.h.i.mapper.ItemMapper.selectBatchIds   : ==> Parameters: 40305713537(Long), 4026319(Long), 100000006163(Long), 100001905417(Long)
14:59:33:467 DEBUG 46736 --- [http-nio-8081-exec-8] c.h.i.mapper.ItemMapper.selectBatchIds   : <==      Total: 4
14:59:33:563 DEBUG 46736 --- [http-nio-8081-exec-9] c.h.i.mapper.ItemMapper.selectBatchIds   : ==>  Preparing: SELECT id,name,price,stock,image,category,brand,spec,sold,comment_count,isAD,status,create_time,update_time,creater,updater FROM item WHERE id IN ( ? , ? , ? , ? )
14:59:33:564 DEBUG 46736 --- [http-nio-8081-exec-9] c.h.i.mapper.ItemMapper.selectBatchIds   : ==> Parameters: 40305713537(Long), 4026319(Long), 100000006163(Long), 100001905417(Long)
14:59:33:567 DEBUG 46736 --- [http-nio-8081-exec-9] c.h.i.mapper.ItemMapper.selectBatchIds   : <==      Total: 4
14:59:34:064 DEBUG 46736 --- [http-nio-8081-exec-10] c.h.i.mapper.ItemMapper.selectBatchIds   : ==>  Preparing: SELECT id,name,price,stock,image,category,brand,spec,sold,comment_count,isAD,status,create_time,update_time,creater,updater FROM item WHERE id IN ( ? , ? , ? , ? )
14:59:34:064 DEBUG 46736 --- [http-nio-8081-exec-10] c.h.i.mapper.ItemMapper.selectBatchIds   : ==> Parameters: 40305713537(Long), 4026319(Long), 100000006163(Long), 100001905417(Long)
14:59:34:068 DEBUG 46736 --- [http-nio-8081-exec-10] c.h.i.mapper.ItemMapper.selectBatchIds   : <==      Total: 4
14:59:34:164 DEBUG 46736 --- [http-nio-8081-exec-1] c.h.i.mapper.ItemMapper.selectBatchIds   : ==>  Preparing: SELECT id,name,price,stock,image,category,brand,spec,sold,comment_count,isAD,status,create_time,update_time,creater,updater FROM item WHERE id IN ( ? , ? , ? , ? )
14:59:34:164 DEBUG 46736 --- [http-nio-8081-exec-1] c.h.i.mapper.ItemMapper.selectBatchIds   : ==> Parameters: 40305713537(Long), 4026319(Long), 100000006163(Long), 100001905417(Long)
14:59:34:167 DEBUG 46736 --- [http-nio-8081-exec-1] c.h.i.mapper.ItemMapper.selectBatchIds   : <==      Total: 4
14:59:34:270 DEBUG 46736 --- [http-nio-8081-exec-4] c.h.i.mapper.ItemMapper.selectBatchIds   : ==>  Preparing: SELECT id,name,price,stock,image,category,brand,spec,sold,comment_count,isAD,status,create_time,update_time,creater,updater FROM item WHERE id IN ( ? , ? , ? , ? )
14:59:34:271 DEBUG 46736 --- [http-nio-8081-exec-4] c.h.i.mapper.ItemMapper.selectBatchIds   : ==> Parameters: 40305713537(Long), 4026319(Long), 100000006163(Long), 100001905417(Long)
14:59:34:272 DEBUG 46736 --- [http-nio-8081-exec-4] c.h.i.mapper.ItemMapper.selectBatchIds   : <==      Total: 4
14:59:34:363 DEBUG 46736 --- [http-nio-8081-exec-2] c.h.i.mapper.ItemMapper.selectBatchIds   : ==>  Preparing: SELECT id,name,price,stock,image,category,brand,spec,sold,comment_count,isAD,status,create_time,update_time,creater,updater FROM item WHERE id IN ( ? , ? , ? , ? )
14:59:34:363 DEBUG 46736 --- [http-nio-8081-exec-2] c.h.i.mapper.ItemMapper.selectBatchIds   : ==> Parameters: 40305713537(Long), 4026319(Long), 100000006163(Long), 100001905417(Long)
14:59:34:366 DEBUG 46736 --- [http-nio-8081-exec-2] c.h.i.mapper.ItemMapper.selectBatchIds   : <==      Total: 4
14:59:34:468 DEBUG 46736 --- [http-nio-8081-exec-3] c.h.i.mapper.ItemMapper.selectBatchIds   : ==>  Preparing: SELECT id,name,price,stock,image,category,brand,spec,sold,comment_count,isAD,status,create_time,update_time,creater,updater FROM item WHERE id IN ( ? , ? , ? , ? )
14:59:34:468 DEBUG 46736 --- [http-nio-8081-exec-3] c.h.i.mapper.ItemMapper.selectBatchIds   : ==> Parameters: 40305713537(Long), 4026319(Long), 100000006163(Long), 100001905417(Long)
14:59:34:472 DEBUG 46736 --- [http-nio-8081-exec-3] c.h.i.mapper.ItemMapper.selectBatchIds   : <==      Total: 4
14:59:34:565 DEBUG 46736 --- [http-nio-8081-exec-5] c.h.i.mapper.ItemMapper.selectBatchIds   : ==>  Preparing: SELECT id,name,price,stock,image,category,brand,spec,sold,comment_count,isAD,status,create_time,update_time,creater,updater FROM item WHERE id IN ( ? , ? , ? , ? )
14:59:34:565 DEBUG 46736 --- [http-nio-8081-exec-5] c.h.i.mapper.ItemMapper.selectBatchIds   : ==> Parameters: 40305713537(Long), 4026319(Long), 100000006163(Long), 100001905417(Long)
14:59:34:567 DEBUG 46736 --- [http-nio-8081-exec-5] c.h.i.mapper.ItemMapper.selectBatchIds   : <==      Total: 4
14:59:35:066 DEBUG 46736 --- [http-nio-8081-exec-6] c.h.i.mapper.ItemMapper.selectBatchIds   : ==>  Preparing: SELECT id,name,price,stock,image,category,brand,spec,sold,comment_count,isAD,status,create_time,update_time,creater,updater FROM item WHERE id IN ( ? , ? , ? , ? )
14:59:35:067 DEBUG 46736 --- [http-nio-8081-exec-6] c.h.i.mapper.ItemMapper.selectBatchIds   : ==> Parameters: 40305713537(Long), 4026319(Long), 100000006163(Long), 100001905417(Long)
14:59:35:070 DEBUG 46736 --- [http-nio-8081-exec-6] c.h.i.mapper.ItemMapper.selectBatchIds   : <==      Total: 4
14:59:35:165 DEBUG 46736 --- [http-nio-8081-exec-7] c.h.i.mapper.ItemMapper.selectBatchIds   : ==>  Preparing: SELECT id,name,price,stock,image,category,brand,spec,sold,comment_count,isAD,status,create_time,update_time,creater,updater FROM item WHERE id IN ( ? , ? , ? , ? )
14:59:35:165 DEBUG 46736 --- [http-nio-8081-exec-7] c.h.i.mapper.ItemMapper.selectBatchIds   : ==> Parameters: 40305713537(Long), 4026319(Long), 100000006163(Long), 100001905417(Long)
14:59:35:168 DEBUG 46736 --- [http-nio-8081-exec-7] c.h.i.mapper.ItemMapper.selectBatchIds   : <==      Total: 4
14:59:35:263 DEBUG 46736 --- [http-nio-8081-exec-8] c.h.i.mapper.ItemMapper.selectBatchIds   : ==>  Preparing: SELECT id,name,price,stock,image,category,brand,spec,sold,comment_count,isAD,status,create_time,update_time,creater,updater FROM item WHERE id IN ( ? , ? , ? , ? )
14:59:35:263 DEBUG 46736 --- [http-nio-8081-exec-8] c.h.i.mapper.ItemMapper.selectBatchIds   : ==> Parameters: 40305713537(Long), 4026319(Long), 100000006163(Long), 100001905417(Long)
14:59:35:266 DEBUG 46736 --- [http-nio-8081-exec-8] c.h.i.mapper.ItemMapper.selectBatchIds   : <==      Total: 4
14:59:35:362 DEBUG 46736 --- [http-nio-8081-exec-9] c.h.i.mapper.ItemMapper.selectBatchIds   : ==>  Preparing: SELECT id,name,price,stock,image,category,brand,spec,sold,comment_count,isAD,status,create_time,update_time,creater,updater FROM item WHERE id IN ( ? , ? , ? , ? )
14:59:35:363 DEBUG 46736 --- [http-nio-8081-exec-9] c.h.i.mapper.ItemMapper.selectBatchIds   : ==> Parameters: 40305713537(Long), 4026319(Long), 100000006163(Long), 100001905417(Long)
14:59:35:367 DEBUG 46736 --- [http-nio-8081-exec-9] c.h.i.mapper.ItemMapper.selectBatchIds   : <==      Total: 4
14:59:35:475 DEBUG 46736 --- [http-nio-8081-exec-10] c.h.i.mapper.ItemMapper.selectBatchIds   : ==>  Preparing: SELECT id,name,price,stock,image,category,brand,spec,sold,comment_count,isAD,status,create_time,update_time,creater,updater FROM item WHERE id IN ( ? , ? , ? , ? )
14:59:35:475 DEBUG 46736 --- [http-nio-8081-exec-10] c.h.i.mapper.ItemMapper.selectBatchIds   : ==> Parameters: 40305713537(Long), 4026319(Long), 100000006163(Long), 100001905417(Long)
14:59:35:478 DEBUG 46736 --- [http-nio-8081-exec-10] c.h.i.mapper.ItemMapper.selectBatchIds   : <==      Total: 4
14:59:35:566 DEBUG 46736 --- [http-nio-8081-exec-1] c.h.i.mapper.ItemMapper.selectBatchIds   : ==>  Preparing: SELECT id,name,price,stock,image,category,brand,spec,sold,comment_count,isAD,status,create_time,update_time,creater,updater FROM item WHERE id IN ( ? , ? , ? , ? )
14:59:35:566 DEBUG 46736 --- [http-nio-8081-exec-1] c.h.i.mapper.ItemMapper.selectBatchIds   : ==> Parameters: 40305713537(Long), 4026319(Long), 100000006163(Long), 100001905417(Long)
14:59:35:572 DEBUG 46736 --- [http-nio-8081-exec-1] c.h.i.mapper.ItemMapper.selectBatchIds   : <==      Total: 4
14:59:36:067 DEBUG 46736 --- [http-nio-8081-exec-4] c.h.i.mapper.ItemMapper.selectBatchIds   : ==>  Preparing: SELECT id,name,price,stock,image,category,brand,spec,sold,comment_count,isAD,status,create_time,update_time,creater,updater FROM item WHERE id IN ( ? , ? , ? , ? )
14:59:36:067 DEBUG 46736 --- [http-nio-8081-exec-4] c.h.i.mapper.ItemMapper.selectBatchIds   : ==> Parameters: 40305713537(Long), 4026319(Long), 100000006163(Long), 100001905417(Long)
14:59:36:069 DEBUG 46736 --- [http-nio-8081-exec-4] c.h.i.mapper.ItemMapper.selectBatchIds   : <==      Total: 4
14:59:36:174 DEBUG 46736 --- [http-nio-8081-exec-2] c.h.i.mapper.ItemMapper.selectBatchIds   : ==>  Preparing: SELECT id,name,price,stock,image,category,brand,spec,sold,comment_count,isAD,status,create_time,update_time,creater,updater FROM item WHERE id IN ( ? , ? , ? , ? )
14:59:36:174 DEBUG 46736 --- [http-nio-8081-exec-2] c.h.i.mapper.ItemMapper.selectBatchIds   : ==> Parameters: 40305713537(Long), 4026319(Long), 100000006163(Long), 100001905417(Long)
14:59:36:176 DEBUG 46736 --- [http-nio-8081-exec-2] c.h.i.mapper.ItemMapper.selectBatchIds   : <==      Total: 4
14:59:36:265 DEBUG 46736 --- [http-nio-8081-exec-3] c.h.i.mapper.ItemMapper.selectBatchIds   : ==>  Preparing: SELECT id,name,price,stock,image,category,brand,spec,sold,comment_count,isAD,status,create_time,update_time,creater,updater FROM item WHERE id IN ( ? , ? , ? , ? )
14:59:36:265 DEBUG 46736 --- [http-nio-8081-exec-3] c.h.i.mapper.ItemMapper.selectBatchIds   : ==> Parameters: 40305713537(Long), 4026319(Long), 100000006163(Long), 100001905417(Long)
14:59:36:267 DEBUG 46736 --- [http-nio-8081-exec-3] c.h.i.mapper.ItemMapper.selectBatchIds   : <==      Total: 4
14:59:36:362 DEBUG 46736 --- [http-nio-8081-exec-5] c.h.i.mapper.ItemMapper.selectBatchIds   : ==>  Preparing: SELECT id,name,price,stock,image,category,brand,spec,sold,comment_count,isAD,status,create_time,update_time,creater,updater FROM item WHERE id IN ( ? , ? , ? , ? )
14:59:36:362 DEBUG 46736 --- [http-nio-8081-exec-5] c.h.i.mapper.ItemMapper.selectBatchIds   : ==> Parameters: 40305713537(Long), 4026319(Long), 100000006163(Long), 100001905417(Long)
14:59:36:365 DEBUG 46736 --- [http-nio-8081-exec-5] c.h.i.mapper.ItemMapper.selectBatchIds   : <==      Total: 4
14:59:36:466 DEBUG 46736 --- [http-nio-8081-exec-6] c.h.i.mapper.ItemMapper.selectBatchIds   : ==>  Preparing: SELECT id,name,price,stock,image,category,brand,spec,sold,comment_count,isAD,status,create_time,update_time,creater,updater FROM item WHERE id IN ( ? , ? , ? , ? )
14:59:36:466 DEBUG 46736 --- [http-nio-8081-exec-6] c.h.i.mapper.ItemMapper.selectBatchIds   : ==> Parameters: 40305713537(Long), 4026319(Long), 100000006163(Long), 100001905417(Long)
14:59:36:468 DEBUG 46736 --- [http-nio-8081-exec-6] c.h.i.mapper.ItemMapper.selectBatchIds   : <==      Total: 4
14:59:36:562 DEBUG 46736 --- [http-nio-8081-exec-7] c.h.i.mapper.ItemMapper.selectBatchIds   : ==>  Preparing: SELECT id,name,price,stock,image,category,brand,spec,sold,comment_count,isAD,status,create_time,update_time,creater,updater FROM item WHERE id IN ( ? , ? , ? , ? )
14:59:36:563 DEBUG 46736 --- [http-nio-8081-exec-7] c.h.i.mapper.ItemMapper.selectBatchIds   : ==> Parameters: 40305713537(Long), 4026319(Long), 100000006163(Long), 100001905417(Long)
14:59:36:565 DEBUG 46736 --- [http-nio-8081-exec-7] c.h.i.mapper.ItemMapper.selectBatchIds   : <==      Total: 4
14:59:37:063 DEBUG 46736 --- [http-nio-8081-exec-8] c.h.i.mapper.ItemMapper.selectBatchIds   : ==>  Preparing: SELECT id,name,price,stock,image,category,brand,spec,sold,comment_count,isAD,status,create_time,update_time,creater,updater FROM item WHERE id IN ( ? , ? , ? , ? )
14:59:37:064 DEBUG 46736 --- [http-nio-8081-exec-8] c.h.i.mapper.ItemMapper.selectBatchIds   : ==> Parameters: 40305713537(Long), 4026319(Long), 100000006163(Long), 100001905417(Long)
14:59:37:066 DEBUG 46736 --- [http-nio-8081-exec-8] c.h.i.mapper.ItemMapper.selectBatchIds   : <==      Total: 4
14:59:37:163 DEBUG 46736 --- [http-nio-8081-exec-9] c.h.i.mapper.ItemMapper.selectBatchIds   : ==>  Preparing: SELECT id,name,price,stock,image,category,brand,spec,sold,comment_count,isAD,status,create_time,update_time,creater,updater FROM item WHERE id IN ( ? , ? , ? , ? )
14:59:37:163 DEBUG 46736 --- [http-nio-8081-exec-9] c.h.i.mapper.ItemMapper.selectBatchIds   : ==> Parameters: 40305713537(Long), 4026319(Long), 100000006163(Long), 100001905417(Long)
14:59:37:165 DEBUG 46736 --- [http-nio-8081-exec-9] c.h.i.mapper.ItemMapper.selectBatchIds   : <==      Total: 4
14:59:37:264 DEBUG 46736 --- [http-nio-8081-exec-10] c.h.i.mapper.ItemMapper.selectBatchIds   : ==>  Preparing: SELECT id,name,price,stock,image,category,brand,spec,sold,comment_count,isAD,status,create_time,update_time,creater,updater FROM item WHERE id IN ( ? , ? , ? , ? )
14:59:37:264 DEBUG 46736 --- [http-nio-8081-exec-10] c.h.i.mapper.ItemMapper.selectBatchIds   : ==> Parameters: 40305713537(Long), 4026319(Long), 100000006163(Long), 100001905417(Long)
14:59:37:266 DEBUG 46736 --- [http-nio-8081-exec-10] c.h.i.mapper.ItemMapper.selectBatchIds   : <==      Total: 4
14:59:37:362 DEBUG 46736 --- [http-nio-8081-exec-1] c.h.i.mapper.ItemMapper.selectBatchIds   : ==>  Preparing: SELECT id,name,price,stock,image,category,brand,spec,sold,comment_count,isAD,status,create_time,update_time,creater,updater FROM item WHERE id IN ( ? , ? , ? , ? )
14:59:37:362 DEBUG 46736 --- [http-nio-8081-exec-1] c.h.i.mapper.ItemMapper.selectBatchIds   : ==> Parameters: 40305713537(Long), 4026319(Long), 100000006163(Long), 100001905417(Long)
14:59:37:364 DEBUG 46736 --- [http-nio-8081-exec-1] c.h.i.mapper.ItemMapper.selectBatchIds   : <==      Total: 4
14:59:37:466 DEBUG 46736 --- [http-nio-8081-exec-4] c.h.i.mapper.ItemMapper.selectBatchIds   : ==>  Preparing: SELECT id,name,price,stock,image,category,brand,spec,sold,comment_count,isAD,status,create_time,update_time,creater,updater FROM item WHERE id IN ( ? , ? , ? , ? )
14:59:37:467 DEBUG 46736 --- [http-nio-8081-exec-4] c.h.i.mapper.ItemMapper.selectBatchIds   : ==> Parameters: 40305713537(Long), 4026319(Long), 100000006163(Long), 100001905417(Long)
14:59:37:468 DEBUG 46736 --- [http-nio-8081-exec-4] c.h.i.mapper.ItemMapper.selectBatchIds   : <==      Total: 4
14:59:37:561 DEBUG 46736 --- [http-nio-8081-exec-2] c.h.i.mapper.ItemMapper.selectBatchIds   : ==>  Preparing: SELECT id,name,price,stock,image,category,brand,spec,sold,comment_count,isAD,status,create_time,update_time,creater,updater FROM item WHERE id IN ( ? , ? , ? , ? )
14:59:37:562 DEBUG 46736 --- [http-nio-8081-exec-2] c.h.i.mapper.ItemMapper.selectBatchIds   : ==> Parameters: 40305713537(Long), 4026319(Long), 100000006163(Long), 100001905417(Long)
14:59:37:563 DEBUG 46736 --- [http-nio-8081-exec-2] c.h.i.mapper.ItemMapper.selectBatchIds   : <==      Total: 4
14:59:38:066 DEBUG 46736 --- [http-nio-8081-exec-3] c.h.i.mapper.ItemMapper.selectBatchIds   : ==>  Preparing: SELECT id,name,price,stock,image,category,brand,spec,sold,comment_count,isAD,status,create_time,update_time,creater,updater FROM item WHERE id IN ( ? , ? , ? , ? )
14:59:38:066 DEBUG 46736 --- [http-nio-8081-exec-3] c.h.i.mapper.ItemMapper.selectBatchIds   : ==> Parameters: 40305713537(Long), 4026319(Long), 100000006163(Long), 100001905417(Long)
14:59:38:069 DEBUG 46736 --- [http-nio-8081-exec-3] c.h.i.mapper.ItemMapper.selectBatchIds   : <==      Total: 4
14:59:38:164 DEBUG 46736 --- [http-nio-8081-exec-5] c.h.i.mapper.ItemMapper.selectBatchIds   : ==>  Preparing: SELECT id,name,price,stock,image,category,brand,spec,sold,comment_count,isAD,status,create_time,update_time,creater,updater FROM item WHERE id IN ( ? , ? , ? , ? )
14:59:38:165 DEBUG 46736 --- [http-nio-8081-exec-5] c.h.i.mapper.ItemMapper.selectBatchIds   : ==> Parameters: 40305713537(Long), 4026319(Long), 100000006163(Long), 100001905417(Long)
14:59:38:167 DEBUG 46736 --- [http-nio-8081-exec-5] c.h.i.mapper.ItemMapper.selectBatchIds   : <==      Total: 4
14:59:38:265 DEBUG 46736 --- [http-nio-8081-exec-6] c.h.i.mapper.ItemMapper.selectBatchIds   : ==>  Preparing: SELECT id,name,price,stock,image,category,brand,spec,sold,comment_count,isAD,status,create_time,update_time,creater,updater FROM item WHERE id IN ( ? , ? , ? , ? )
14:59:38:265 DEBUG 46736 --- [http-nio-8081-exec-6] c.h.i.mapper.ItemMapper.selectBatchIds   : ==> Parameters: 40305713537(Long), 4026319(Long), 100000006163(Long), 100001905417(Long)
14:59:38:269 DEBUG 46736 --- [http-nio-8081-exec-6] c.h.i.mapper.ItemMapper.selectBatchIds   : <==      Total: 4
14:59:38:366 DEBUG 46736 --- [http-nio-8081-exec-7] c.h.i.mapper.ItemMapper.selectBatchIds   : ==>  Preparing: SELECT id,name,price,stock,image,category,brand,spec,sold,comment_count,isAD,status,create_time,update_time,creater,updater FROM item WHERE id IN ( ? , ? , ? , ? )
14:59:38:366 DEBUG 46736 --- [http-nio-8081-exec-7] c.h.i.mapper.ItemMapper.selectBatchIds   : ==> Parameters: 40305713537(Long), 4026319(Long), 100000006163(Long), 100001905417(Long)
14:59:38:368 DEBUG 46736 --- [http-nio-8081-exec-7] c.h.i.mapper.ItemMapper.selectBatchIds   : <==      Total: 4
14:59:38:466 DEBUG 46736 --- [http-nio-8081-exec-8] c.h.i.mapper.ItemMapper.selectBatchIds   : ==>  Preparing: SELECT id,name,price,stock,image,category,brand,spec,sold,comment_count,isAD,status,create_time,update_time,creater,updater FROM item WHERE id IN ( ? , ? , ? , ? )
14:59:38:466 DEBUG 46736 --- [http-nio-8081-exec-8] c.h.i.mapper.ItemMapper.selectBatchIds   : ==> Parameters: 40305713537(Long), 4026319(Long), 100000006163(Long), 100001905417(Long)
14:59:38:469 DEBUG 46736 --- [http-nio-8081-exec-8] c.h.i.mapper.ItemMapper.selectBatchIds   : <==      Total: 4
14:59:38:569 DEBUG 46736 --- [http-nio-8081-exec-9] c.h.i.mapper.ItemMapper.selectBatchIds   : ==>  Preparing: SELECT id,name,price,stock,image,category,brand,spec,sold,comment_count,isAD,status,create_time,update_time,creater,updater FROM item WHERE id IN ( ? , ? , ? , ? )
14:59:38:569 DEBUG 46736 --- [http-nio-8081-exec-9] c.h.i.mapper.ItemMapper.selectBatchIds   : ==> Parameters: 40305713537(Long), 4026319(Long), 100000006163(Long), 100001905417(Long)
14:59:38:571 DEBUG 46736 --- [http-nio-8081-exec-9] c.h.i.mapper.ItemMapper.selectBatchIds   : <==      Total: 4
14:59:39:068 DEBUG 46736 --- [http-nio-8081-exec-10] c.h.i.mapper.ItemMapper.selectBatchIds   : ==>  Preparing: SELECT id,name,price,stock,image,category,brand,spec,sold,comment_count,isAD,status,create_time,update_time,creater,updater FROM item WHERE id IN ( ? , ? , ? , ? )
14:59:39:068 DEBUG 46736 --- [http-nio-8081-exec-10] c.h.i.mapper.ItemMapper.selectBatchIds   : ==> Parameters: 40305713537(Long), 4026319(Long), 100000006163(Long), 100001905417(Long)
14:59:39:070 DEBUG 46736 --- [http-nio-8081-exec-10] c.h.i.mapper.ItemMapper.selectBatchIds   : <==      Total: 4
14:59:39:162 DEBUG 46736 --- [http-nio-8081-exec-1] c.h.i.mapper.ItemMapper.selectBatchIds   : ==>  Preparing: SELECT id,name,price,stock,image,category,brand,spec,sold,comment_count,isAD,status,create_time,update_time,creater,updater FROM item WHERE id IN ( ? , ? , ? , ? )
14:59:39:162 DEBUG 46736 --- [http-nio-8081-exec-1] c.h.i.mapper.ItemMapper.selectBatchIds   : ==> Parameters: 40305713537(Long), 4026319(Long), 100000006163(Long), 100001905417(Long)
14:59:39:164 DEBUG 46736 --- [http-nio-8081-exec-1] c.h.i.mapper.ItemMapper.selectBatchIds   : <==      Total: 4
14:59:39:291 DEBUG 46736 --- [http-nio-8081-exec-4] c.h.i.mapper.ItemMapper.selectBatchIds   : ==>  Preparing: SELECT id,name,price,stock,image,category,brand,spec,sold,comment_count,isAD,status,create_time,update_time,creater,updater FROM item WHERE id IN ( ? , ? , ? , ? )
14:59:39:291 DEBUG 46736 --- [http-nio-8081-exec-4] c.h.i.mapper.ItemMapper.selectBatchIds   : ==> Parameters: 40305713537(Long), 4026319(Long), 100000006163(Long), 100001905417(Long)
14:59:39:306 DEBUG 46736 --- [http-nio-8081-exec-4] c.h.i.mapper.ItemMapper.selectBatchIds   : <==      Total: 4
14:59:39:377 DEBUG 46736 --- [http-nio-8081-exec-2] c.h.i.mapper.ItemMapper.selectBatchIds   : ==>  Preparing: SELECT id,name,price,stock,image,category,brand,spec,sold,comment_count,isAD,status,create_time,update_time,creater,updater FROM item WHERE id IN ( ? , ? , ? , ? )
14:59:39:378 DEBUG 46736 --- [http-nio-8081-exec-2] c.h.i.mapper.ItemMapper.selectBatchIds   : ==> Parameters: 40305713537(Long), 4026319(Long), 100000006163(Long), 100001905417(Long)
14:59:39:389 DEBUG 46736 --- [http-nio-8081-exec-2] c.h.i.mapper.ItemMapper.selectBatchIds   : <==      Total: 4
14:59:39:474 DEBUG 46736 --- [http-nio-8081-exec-3] c.h.i.mapper.ItemMapper.selectBatchIds   : ==>  Preparing: SELECT id,name,price,stock,image,category,brand,spec,sold,comment_count,isAD,status,create_time,update_time,creater,updater FROM item WHERE id IN ( ? , ? , ? , ? )
14:59:39:474 DEBUG 46736 --- [http-nio-8081-exec-3] c.h.i.mapper.ItemMapper.selectBatchIds   : ==> Parameters: 40305713537(Long), 4026319(Long), 100000006163(Long), 100001905417(Long)
14:59:39:491 DEBUG 46736 --- [http-nio-8081-exec-3] c.h.i.mapper.ItemMapper.selectBatchIds   : <==      Total: 4
14:59:39:568 DEBUG 46736 --- [http-nio-8081-exec-5] c.h.i.mapper.ItemMapper.selectBatchIds   : ==>  Preparing: SELECT id,name,price,stock,image,category,brand,spec,sold,comment_count,isAD,status,create_time,update_time,creater,updater FROM item WHERE id IN ( ? , ? , ? , ? )
14:59:39:568 DEBUG 46736 --- [http-nio-8081-exec-5] c.h.i.mapper.ItemMapper.selectBatchIds   : ==> Parameters: 40305713537(Long), 4026319(Long), 100000006163(Long), 100001905417(Long)
14:59:39:574 DEBUG 46736 --- [http-nio-8081-exec-5] c.h.i.mapper.ItemMapper.selectBatchIds   : <==      Total: 4
14:59:40:066 DEBUG 46736 --- [http-nio-8081-exec-6] c.h.i.mapper.ItemMapper.selectBatchIds   : ==>  Preparing: SELECT id,name,price,stock,image,category,brand,spec,sold,comment_count,isAD,status,create_time,update_time,creater,updater FROM item WHERE id IN ( ? , ? , ? , ? )
14:59:40:066 DEBUG 46736 --- [http-nio-8081-exec-6] c.h.i.mapper.ItemMapper.selectBatchIds   : ==> Parameters: 40305713537(Long), 4026319(Long), 100000006163(Long), 100001905417(Long)
14:59:40:068 DEBUG 46736 --- [http-nio-8081-exec-6] c.h.i.mapper.ItemMapper.selectBatchIds   : <==      Total: 4
14:59:40:166 DEBUG 46736 --- [http-nio-8081-exec-7] c.h.i.mapper.ItemMapper.selectBatchIds   : ==>  Preparing: SELECT id,name,price,stock,image,category,brand,spec,sold,comment_count,isAD,status,create_time,update_time,creater,updater FROM item WHERE id IN ( ? , ? , ? , ? )
14:59:40:167 DEBUG 46736 --- [http-nio-8081-exec-7] c.h.i.mapper.ItemMapper.selectBatchIds   : ==> Parameters: 40305713537(Long), 4026319(Long), 100000006163(Long), 100001905417(Long)
14:59:40:169 DEBUG 46736 --- [http-nio-8081-exec-7] c.h.i.mapper.ItemMapper.selectBatchIds   : <==      Total: 4
14:59:40:262 DEBUG 46736 --- [http-nio-8081-exec-8] c.h.i.mapper.ItemMapper.selectBatchIds   : ==>  Preparing: SELECT id,name,price,stock,image,category,brand,spec,sold,comment_count,isAD,status,create_time,update_time,creater,updater FROM item WHERE id IN ( ? , ? , ? , ? )
14:59:40:262 DEBUG 46736 --- [http-nio-8081-exec-8] c.h.i.mapper.ItemMapper.selectBatchIds   : ==> Parameters: 40305713537(Long), 4026319(Long), 100000006163(Long), 100001905417(Long)
14:59:40:265 DEBUG 46736 --- [http-nio-8081-exec-8] c.h.i.mapper.ItemMapper.selectBatchIds   : <==      Total: 4
14:59:40:363 DEBUG 46736 --- [http-nio-8081-exec-9] c.h.i.mapper.ItemMapper.selectBatchIds   : ==>  Preparing: SELECT id,name,price,stock,image,category,brand,spec,sold,comment_count,isAD,status,create_time,update_time,creater,updater FROM item WHERE id IN ( ? , ? , ? , ? )
14:59:40:364 DEBUG 46736 --- [http-nio-8081-exec-9] c.h.i.mapper.ItemMapper.selectBatchIds   : ==> Parameters: 40305713537(Long), 4026319(Long), 100000006163(Long), 100001905417(Long)
14:59:40:366 DEBUG 46736 --- [http-nio-8081-exec-9] c.h.i.mapper.ItemMapper.selectBatchIds   : <==      Total: 4
14:59:40:463 DEBUG 46736 --- [http-nio-8081-exec-10] c.h.i.mapper.ItemMapper.selectBatchIds   : ==>  Preparing: SELECT id,name,price,stock,image,category,brand,spec,sold,comment_count,isAD,status,create_time,update_time,creater,updater FROM item WHERE id IN ( ? , ? , ? , ? )
14:59:40:464 DEBUG 46736 --- [http-nio-8081-exec-10] c.h.i.mapper.ItemMapper.selectBatchIds   : ==> Parameters: 40305713537(Long), 4026319(Long), 100000006163(Long), 100001905417(Long)
14:59:40:465 DEBUG 46736 --- [http-nio-8081-exec-10] c.h.i.mapper.ItemMapper.selectBatchIds   : <==      Total: 4
14:59:40:568 DEBUG 46736 --- [http-nio-8081-exec-1] c.h.i.mapper.ItemMapper.selectBatchIds   : ==>  Preparing: SELECT id,name,price,stock,image,category,brand,spec,sold,comment_count,isAD,status,create_time,update_time,creater,updater FROM item WHERE id IN ( ? , ? , ? , ? )
14:59:40:569 DEBUG 46736 --- [http-nio-8081-exec-1] c.h.i.mapper.ItemMapper.selectBatchIds   : ==> Parameters: 40305713537(Long), 4026319(Long), 100000006163(Long), 100001905417(Long)
14:59:40:570 DEBUG 46736 --- [http-nio-8081-exec-1] c.h.i.mapper.ItemMapper.selectBatchIds   : <==      Total: 4
14:59:41:066 DEBUG 46736 --- [http-nio-8081-exec-4] c.h.i.mapper.ItemMapper.selectBatchIds   : ==>  Preparing: SELECT id,name,price,stock,image,category,brand,spec,sold,comment_count,isAD,status,create_time,update_time,creater,updater FROM item WHERE id IN ( ? , ? , ? , ? )
14:59:41:066 DEBUG 46736 --- [http-nio-8081-exec-4] c.h.i.mapper.ItemMapper.selectBatchIds   : ==> Parameters: 40305713537(Long), 4026319(Long), 100000006163(Long), 100001905417(Long)
14:59:41:067 DEBUG 46736 --- [http-nio-8081-exec-4] c.h.i.mapper.ItemMapper.selectBatchIds   : <==      Total: 4
14:59:41:169 DEBUG 46736 --- [http-nio-8081-exec-2] c.h.i.mapper.ItemMapper.selectBatchIds   : ==>  Preparing: SELECT id,name,price,stock,image,category,brand,spec,sold,comment_count,isAD,status,create_time,update_time,creater,updater FROM item WHERE id IN ( ? , ? , ? , ? )
14:59:41:169 DEBUG 46736 --- [http-nio-8081-exec-2] c.h.i.mapper.ItemMapper.selectBatchIds   : ==> Parameters: 40305713537(Long), 4026319(Long), 100000006163(Long), 100001905417(Long)
14:59:41:170 DEBUG 46736 --- [http-nio-8081-exec-2] c.h.i.mapper.ItemMapper.selectBatchIds   : <==      Total: 4
14:59:41:268 DEBUG 46736 --- [http-nio-8081-exec-3] c.h.i.mapper.ItemMapper.selectBatchIds   : ==>  Preparing: SELECT id,name,price,stock,image,category,brand,spec,sold,comment_count,isAD,status,create_time,update_time,creater,updater FROM item WHERE id IN ( ? , ? , ? , ? )
14:59:41:269 DEBUG 46736 --- [http-nio-8081-exec-3] c.h.i.mapper.ItemMapper.selectBatchIds   : ==> Parameters: 40305713537(Long), 4026319(Long), 100000006163(Long), 100001905417(Long)
14:59:41:271 DEBUG 46736 --- [http-nio-8081-exec-3] c.h.i.mapper.ItemMapper.selectBatchIds   : <==      Total: 4
14:59:41:367 DEBUG 46736 --- [http-nio-8081-exec-5] c.h.i.mapper.ItemMapper.selectBatchIds   : ==>  Preparing: SELECT id,name,price,stock,image,category,brand,spec,sold,comment_count,isAD,status,create_time,update_time,creater,updater FROM item WHERE id IN ( ? , ? , ? , ? )
14:59:41:367 DEBUG 46736 --- [http-nio-8081-exec-5] c.h.i.mapper.ItemMapper.selectBatchIds   : ==> Parameters: 40305713537(Long), 4026319(Long), 100000006163(Long), 100001905417(Long)
14:59:41:370 DEBUG 46736 --- [http-nio-8081-exec-5] c.h.i.mapper.ItemMapper.selectBatchIds   : <==      Total: 4
14:59:41:467 DEBUG 46736 --- [http-nio-8081-exec-6] c.h.i.mapper.ItemMapper.selectBatchIds   : ==>  Preparing: SELECT id,name,price,stock,image,category,brand,spec,sold,comment_count,isAD,status,create_time,update_time,creater,updater FROM item WHERE id IN ( ? , ? , ? , ? )
14:59:41:468 DEBUG 46736 --- [http-nio-8081-exec-6] c.h.i.mapper.ItemMapper.selectBatchIds   : ==> Parameters: 40305713537(Long), 4026319(Long), 100000006163(Long), 100001905417(Long)
14:59:41:470 DEBUG 46736 --- [http-nio-8081-exec-6] c.h.i.mapper.ItemMapper.selectBatchIds   : <==      Total: 4
14:59:41:563 DEBUG 46736 --- [http-nio-8081-exec-7] c.h.i.mapper.ItemMapper.selectBatchIds   : ==>  Preparing: SELECT id,name,price,stock,image,category,brand,spec,sold,comment_count,isAD,status,create_time,update_time,creater,updater FROM item WHERE id IN ( ? , ? , ? , ? )
14:59:41:564 DEBUG 46736 --- [http-nio-8081-exec-7] c.h.i.mapper.ItemMapper.selectBatchIds   : ==> Parameters: 40305713537(Long), 4026319(Long), 100000006163(Long), 100001905417(Long)
14:59:41:566 DEBUG 46736 --- [http-nio-8081-exec-7] c.h.i.mapper.ItemMapper.selectBatchIds   : <==      Total: 4
14:59:42:061 DEBUG 46736 --- [http-nio-8081-exec-8] c.h.i.mapper.ItemMapper.selectBatchIds   : ==>  Preparing: SELECT id,name,price,stock,image,category,brand,spec,sold,comment_count,isAD,status,create_time,update_time,creater,updater FROM item WHERE id IN ( ? , ? , ? , ? )
14:59:42:062 DEBUG 46736 --- [http-nio-8081-exec-8] c.h.i.mapper.ItemMapper.selectBatchIds   : ==> Parameters: 40305713537(Long), 4026319(Long), 100000006163(Long), 100001905417(Long)
14:59:42:065 DEBUG 46736 --- [http-nio-8081-exec-8] c.h.i.mapper.ItemMapper.selectBatchIds   : <==      Total: 4
14:59:42:162 DEBUG 46736 --- [http-nio-8081-exec-9] c.h.i.mapper.ItemMapper.selectBatchIds   : ==>  Preparing: SELECT id,name,price,stock,image,category,brand,spec,sold,comment_count,isAD,status,create_time,update_time,creater,updater FROM item WHERE id IN ( ? , ? , ? , ? )
14:59:42:162 DEBUG 46736 --- [http-nio-8081-exec-9] c.h.i.mapper.ItemMapper.selectBatchIds   : ==> Parameters: 40305713537(Long), 4026319(Long), 100000006163(Long), 100001905417(Long)
14:59:42:165 DEBUG 46736 --- [http-nio-8081-exec-9] c.h.i.mapper.ItemMapper.selectBatchIds   : <==      Total: 4
14:59:42:261 DEBUG 46736 --- [http-nio-8081-exec-10] c.h.i.mapper.ItemMapper.selectBatchIds   : ==>  Preparing: SELECT id,name,price,stock,image,category,brand,spec,sold,comment_count,isAD,status,create_time,update_time,creater,updater FROM item WHERE id IN ( ? , ? , ? , ? )
14:59:42:261 DEBUG 46736 --- [http-nio-8081-exec-10] c.h.i.mapper.ItemMapper.selectBatchIds   : ==> Parameters: 40305713537(Long), 4026319(Long), 100000006163(Long), 100001905417(Long)
14:59:42:263 DEBUG 46736 --- [http-nio-8081-exec-10] c.h.i.mapper.ItemMapper.selectBatchIds   : <==      Total: 4
14:59:42:362 DEBUG 46736 --- [http-nio-8081-exec-1] c.h.i.mapper.ItemMapper.selectBatchIds   : ==>  Preparing: SELECT id,name,price,stock,image,category,brand,spec,sold,comment_count,isAD,status,create_time,update_time,creater,updater FROM item WHERE id IN ( ? , ? , ? , ? )
14:59:42:362 DEBUG 46736 --- [http-nio-8081-exec-1] c.h.i.mapper.ItemMapper.selectBatchIds   : ==> Parameters: 40305713537(Long), 4026319(Long), 100000006163(Long), 100001905417(Long)
14:59:42:365 DEBUG 46736 --- [http-nio-8081-exec-1] c.h.i.mapper.ItemMapper.selectBatchIds   : <==      Total: 4
14:59:42:466 DEBUG 46736 --- [http-nio-8081-exec-4] c.h.i.mapper.ItemMapper.selectBatchIds   : ==>  Preparing: SELECT id,name,price,stock,image,category,brand,spec,sold,comment_count,isAD,status,create_time,update_time,creater,updater FROM item WHERE id IN ( ? , ? , ? , ? )
14:59:42:468 DEBUG 46736 --- [http-nio-8081-exec-4] c.h.i.mapper.ItemMapper.selectBatchIds   : ==> Parameters: 40305713537(Long), 4026319(Long), 100000006163(Long), 100001905417(Long)
14:59:42:471 DEBUG 46736 --- [http-nio-8081-exec-4] c.h.i.mapper.ItemMapper.selectBatchIds   : <==      Total: 4
14:59:42:564 DEBUG 46736 --- [http-nio-8081-exec-2] c.h.i.mapper.ItemMapper.selectBatchIds   : ==>  Preparing: SELECT id,name,price,stock,image,category,brand,spec,sold,comment_count,isAD,status,create_time,update_time,creater,updater FROM item WHERE id IN ( ? , ? , ? , ? )
14:59:42:564 DEBUG 46736 --- [http-nio-8081-exec-2] c.h.i.mapper.ItemMapper.selectBatchIds   : ==> Parameters: 40305713537(Long), 4026319(Long), 100000006163(Long), 100001905417(Long)
14:59:42:566 DEBUG 46736 --- [http-nio-8081-exec-2] c.h.i.mapper.ItemMapper.selectBatchIds   : <==      Total: 4
14:59:43:066 DEBUG 46736 --- [http-nio-8081-exec-3] c.h.i.mapper.ItemMapper.selectBatchIds   : ==>  Preparing: SELECT id,name,price,stock,image,category,brand,spec,sold,comment_count,isAD,status,create_time,update_time,creater,updater FROM item WHERE id IN ( ? , ? , ? , ? )
14:59:43:066 DEBUG 46736 --- [http-nio-8081-exec-3] c.h.i.mapper.ItemMapper.selectBatchIds   : ==> Parameters: 40305713537(Long), 4026319(Long), 100000006163(Long), 100001905417(Long)
14:59:43:069 DEBUG 46736 --- [http-nio-8081-exec-3] c.h.i.mapper.ItemMapper.selectBatchIds   : <==      Total: 4
14:59:43:163 DEBUG 46736 --- [http-nio-8081-exec-5] c.h.i.mapper.ItemMapper.selectBatchIds   : ==>  Preparing: SELECT id,name,price,stock,image,category,brand,spec,sold,comment_count,isAD,status,create_time,update_time,creater,updater FROM item WHERE id IN ( ? , ? , ? , ? )
14:59:43:163 DEBUG 46736 --- [http-nio-8081-exec-5] c.h.i.mapper.ItemMapper.selectBatchIds   : ==> Parameters: 40305713537(Long), 4026319(Long), 100000006163(Long), 100001905417(Long)
14:59:43:166 DEBUG 46736 --- [http-nio-8081-exec-5] c.h.i.mapper.ItemMapper.selectBatchIds   : <==      Total: 4
14:59:43:263 DEBUG 46736 --- [http-nio-8081-exec-6] c.h.i.mapper.ItemMapper.selectBatchIds   : ==>  Preparing: SELECT id,name,price,stock,image,category,brand,spec,sold,comment_count,isAD,status,create_time,update_time,creater,updater FROM item WHERE id IN ( ? , ? , ? , ? )
14:59:43:263 DEBUG 46736 --- [http-nio-8081-exec-6] c.h.i.mapper.ItemMapper.selectBatchIds   : ==> Parameters: 40305713537(Long), 4026319(Long), 100000006163(Long), 100001905417(Long)
14:59:43:266 DEBUG 46736 --- [http-nio-8081-exec-6] c.h.i.mapper.ItemMapper.selectBatchIds   : <==      Total: 4
14:59:43:363 DEBUG 46736 --- [http-nio-8081-exec-7] c.h.i.mapper.ItemMapper.selectBatchIds   : ==>  Preparing: SELECT id,name,price,stock,image,category,brand,spec,sold,comment_count,isAD,status,create_time,update_time,creater,updater FROM item WHERE id IN ( ? , ? , ? , ? )
14:59:43:364 DEBUG 46736 --- [http-nio-8081-exec-7] c.h.i.mapper.ItemMapper.selectBatchIds   : ==> Parameters: 40305713537(Long), 4026319(Long), 100000006163(Long), 100001905417(Long)
14:59:43:368 DEBUG 46736 --- [http-nio-8081-exec-7] c.h.i.mapper.ItemMapper.selectBatchIds   : <==      Total: 4
14:59:43:463 DEBUG 46736 --- [http-nio-8081-exec-8] c.h.i.mapper.ItemMapper.selectBatchIds   : ==>  Preparing: SELECT id,name,price,stock,image,category,brand,spec,sold,comment_count,isAD,status,create_time,update_time,creater,updater FROM item WHERE id IN ( ? , ? , ? , ? )
14:59:43:464 DEBUG 46736 --- [http-nio-8081-exec-8] c.h.i.mapper.ItemMapper.selectBatchIds   : ==> Parameters: 40305713537(Long), 4026319(Long), 100000006163(Long), 100001905417(Long)
14:59:43:466 DEBUG 46736 --- [http-nio-8081-exec-8] c.h.i.mapper.ItemMapper.selectBatchIds   : <==      Total: 4
14:59:43:564 DEBUG 46736 --- [http-nio-8081-exec-9] c.h.i.mapper.ItemMapper.selectBatchIds   : ==>  Preparing: SELECT id,name,price,stock,image,category,brand,spec,sold,comment_count,isAD,status,create_time,update_time,creater,updater FROM item WHERE id IN ( ? , ? , ? , ? )
14:59:43:565 DEBUG 46736 --- [http-nio-8081-exec-9] c.h.i.mapper.ItemMapper.selectBatchIds   : ==> Parameters: 40305713537(Long), 4026319(Long), 100000006163(Long), 100001905417(Long)
14:59:43:569 DEBUG 46736 --- [http-nio-8081-exec-9] c.h.i.mapper.ItemMapper.selectBatchIds   : <==      Total: 4
14:59:44:065 DEBUG 46736 --- [http-nio-8081-exec-10] c.h.i.mapper.ItemMapper.selectBatchIds   : ==>  Preparing: SELECT id,name,price,stock,image,category,brand,spec,sold,comment_count,isAD,status,create_time,update_time,creater,updater FROM item WHERE id IN ( ? , ? , ? , ? )
14:59:44:065 DEBUG 46736 --- [http-nio-8081-exec-10] c.h.i.mapper.ItemMapper.selectBatchIds   : ==> Parameters: 40305713537(Long), 4026319(Long), 100000006163(Long), 100001905417(Long)
14:59:44:068 DEBUG 46736 --- [http-nio-8081-exec-10] c.h.i.mapper.ItemMapper.selectBatchIds   : <==      Total: 4
14:59:44:166 DEBUG 46736 --- [http-nio-8081-exec-1] c.h.i.mapper.ItemMapper.selectBatchIds   : ==>  Preparing: SELECT id,name,price,stock,image,category,brand,spec,sold,comment_count,isAD,status,create_time,update_time,creater,updater FROM item WHERE id IN ( ? , ? , ? , ? )
14:59:44:167 DEBUG 46736 --- [http-nio-8081-exec-1] c.h.i.mapper.ItemMapper.selectBatchIds   : ==> Parameters: 40305713537(Long), 4026319(Long), 100000006163(Long), 100001905417(Long)
14:59:44:169 DEBUG 46736 --- [http-nio-8081-exec-1] c.h.i.mapper.ItemMapper.selectBatchIds   : <==      Total: 4
14:59:44:264 DEBUG 46736 --- [http-nio-8081-exec-4] c.h.i.mapper.ItemMapper.selectBatchIds   : ==>  Preparing: SELECT id,name,price,stock,image,category,brand,spec,sold,comment_count,isAD,status,create_time,update_time,creater,updater FROM item WHERE id IN ( ? , ? , ? , ? )
14:59:44:264 DEBUG 46736 --- [http-nio-8081-exec-4] c.h.i.mapper.ItemMapper.selectBatchIds   : ==> Parameters: 40305713537(Long), 4026319(Long), 100000006163(Long), 100001905417(Long)
14:59:44:266 DEBUG 46736 --- [http-nio-8081-exec-4] c.h.i.mapper.ItemMapper.selectBatchIds   : <==      Total: 4
14:59:44:363 DEBUG 46736 --- [http-nio-8081-exec-2] c.h.i.mapper.ItemMapper.selectBatchIds   : ==>  Preparing: SELECT id,name,price,stock,image,category,brand,spec,sold,comment_count,isAD,status,create_time,update_time,creater,updater FROM item WHERE id IN ( ? , ? , ? , ? )
14:59:44:363 DEBUG 46736 --- [http-nio-8081-exec-2] c.h.i.mapper.ItemMapper.selectBatchIds   : ==> Parameters: 40305713537(Long), 4026319(Long), 100000006163(Long), 100001905417(Long)
14:59:44:364 DEBUG 46736 --- [http-nio-8081-exec-2] c.h.i.mapper.ItemMapper.selectBatchIds   : <==      Total: 4
14:59:44:462 DEBUG 46736 --- [http-nio-8081-exec-3] c.h.i.mapper.ItemMapper.selectBatchIds   : ==>  Preparing: SELECT id,name,price,stock,image,category,brand,spec,sold,comment_count,isAD,status,create_time,update_time,creater,updater FROM item WHERE id IN ( ? , ? , ? , ? )
14:59:44:462 DEBUG 46736 --- [http-nio-8081-exec-3] c.h.i.mapper.ItemMapper.selectBatchIds   : ==> Parameters: 40305713537(Long), 4026319(Long), 100000006163(Long), 100001905417(Long)
14:59:44:464 DEBUG 46736 --- [http-nio-8081-exec-3] c.h.i.mapper.ItemMapper.selectBatchIds   : <==      Total: 4
14:59:44:561 DEBUG 46736 --- [http-nio-8081-exec-5] c.h.i.mapper.ItemMapper.selectBatchIds   : ==>  Preparing: SELECT id,name,price,stock,image,category,brand,spec,sold,comment_count,isAD,status,create_time,update_time,creater,updater FROM item WHERE id IN ( ? , ? , ? , ? )
14:59:44:561 DEBUG 46736 --- [http-nio-8081-exec-5] c.h.i.mapper.ItemMapper.selectBatchIds   : ==> Parameters: 40305713537(Long), 4026319(Long), 100000006163(Long), 100001905417(Long)
14:59:44:566 DEBUG 46736 --- [http-nio-8081-exec-5] c.h.i.mapper.ItemMapper.selectBatchIds   : <==      Total: 4
14:59:45:067 DEBUG 46736 --- [http-nio-8081-exec-6] c.h.i.mapper.ItemMapper.selectBatchIds   : ==>  Preparing: SELECT id,name,price,stock,image,category,brand,spec,sold,comment_count,isAD,status,create_time,update_time,creater,updater FROM item WHERE id IN ( ? , ? , ? , ? )
14:59:45:067 DEBUG 46736 --- [http-nio-8081-exec-6] c.h.i.mapper.ItemMapper.selectBatchIds   : ==> Parameters: 40305713537(Long), 4026319(Long), 100000006163(Long), 100001905417(Long)
14:59:45:070 DEBUG 46736 --- [http-nio-8081-exec-6] c.h.i.mapper.ItemMapper.selectBatchIds   : <==      Total: 4
14:59:45:164 DEBUG 46736 --- [http-nio-8081-exec-7] c.h.i.mapper.ItemMapper.selectBatchIds   : ==>  Preparing: SELECT id,name,price,stock,image,category,brand,spec,sold,comment_count,isAD,status,create_time,update_time,creater,updater FROM item WHERE id IN ( ? , ? , ? , ? )
14:59:45:164 DEBUG 46736 --- [http-nio-8081-exec-7] c.h.i.mapper.ItemMapper.selectBatchIds   : ==> Parameters: 40305713537(Long), 4026319(Long), 100000006163(Long), 100001905417(Long)
14:59:45:167 DEBUG 46736 --- [http-nio-8081-exec-7] c.h.i.mapper.ItemMapper.selectBatchIds   : <==      Total: 4
14:59:45:267 DEBUG 46736 --- [http-nio-8081-exec-8] c.h.i.mapper.ItemMapper.selectBatchIds   : ==>  Preparing: SELECT id,name,price,stock,image,category,brand,spec,sold,comment_count,isAD,status,create_time,update_time,creater,updater FROM item WHERE id IN ( ? , ? , ? , ? )
14:59:45:267 DEBUG 46736 --- [http-nio-8081-exec-8] c.h.i.mapper.ItemMapper.selectBatchIds   : ==> Parameters: 40305713537(Long), 4026319(Long), 100000006163(Long), 100001905417(Long)
14:59:45:270 DEBUG 46736 --- [http-nio-8081-exec-8] c.h.i.mapper.ItemMapper.selectBatchIds   : <==      Total: 4
14:59:45:361 DEBUG 46736 --- [http-nio-8081-exec-9] c.h.i.mapper.ItemMapper.selectBatchIds   : ==>  Preparing: SELECT id,name,price,stock,image,category,brand,spec,sold,comment_count,isAD,status,create_time,update_time,creater,updater FROM item WHERE id IN ( ? , ? , ? , ? )
14:59:45:361 DEBUG 46736 --- [http-nio-8081-exec-9] c.h.i.mapper.ItemMapper.selectBatchIds   : ==> Parameters: 40305713537(Long), 4026319(Long), 100000006163(Long), 100001905417(Long)
14:59:45:364 DEBUG 46736 --- [http-nio-8081-exec-9] c.h.i.mapper.ItemMapper.selectBatchIds   : <==      Total: 4
14:59:45:465 DEBUG 46736 --- [http-nio-8081-exec-10] c.h.i.mapper.ItemMapper.selectBatchIds   : ==>  Preparing: SELECT id,name,price,stock,image,category,brand,spec,sold,comment_count,isAD,status,create_time,update_time,creater,updater FROM item WHERE id IN ( ? , ? , ? , ? )
14:59:45:465 DEBUG 46736 --- [http-nio-8081-exec-10] c.h.i.mapper.ItemMapper.selectBatchIds   : ==> Parameters: 40305713537(Long), 4026319(Long), 100000006163(Long), 100001905417(Long)
14:59:45:470 DEBUG 46736 --- [http-nio-8081-exec-10] c.h.i.mapper.ItemMapper.selectBatchIds   : <==      Total: 4
14:59:45:561 DEBUG 46736 --- [http-nio-8081-exec-1] c.h.i.mapper.ItemMapper.selectBatchIds   : ==>  Preparing: SELECT id,name,price,stock,image,category,brand,spec,sold,comment_count,isAD,status,create_time,update_time,creater,updater FROM item WHERE id IN ( ? , ? , ? , ? )
14:59:45:563 DEBUG 46736 --- [http-nio-8081-exec-1] c.h.i.mapper.ItemMapper.selectBatchIds   : ==> Parameters: 40305713537(Long), 4026319(Long), 100000006163(Long), 100001905417(Long)
14:59:45:567 DEBUG 46736 --- [http-nio-8081-exec-1] c.h.i.mapper.ItemMapper.selectBatchIds   : <==      Total: 4
14:59:46:065 DEBUG 46736 --- [http-nio-8081-exec-4] c.h.i.mapper.ItemMapper.selectBatchIds   : ==>  Preparing: SELECT id,name,price,stock,image,category,brand,spec,sold,comment_count,isAD,status,create_time,update_time,creater,updater FROM item WHERE id IN ( ? , ? , ? , ? )
14:59:46:067 DEBUG 46736 --- [http-nio-8081-exec-4] c.h.i.mapper.ItemMapper.selectBatchIds   : ==> Parameters: 40305713537(Long), 4026319(Long), 100000006163(Long), 100001905417(Long)
14:59:46:070 DEBUG 46736 --- [http-nio-8081-exec-4] c.h.i.mapper.ItemMapper.selectBatchIds   : <==      Total: 4
14:59:46:166 DEBUG 46736 --- [http-nio-8081-exec-2] c.h.i.mapper.ItemMapper.selectBatchIds   : ==>  Preparing: SELECT id,name,price,stock,image,category,brand,spec,sold,comment_count,isAD,status,create_time,update_time,creater,updater FROM item WHERE id IN ( ? , ? , ? , ? )
14:59:46:167 DEBUG 46736 --- [http-nio-8081-exec-2] c.h.i.mapper.ItemMapper.selectBatchIds   : ==> Parameters: 40305713537(Long), 4026319(Long), 100000006163(Long), 100001905417(Long)
14:59:46:168 DEBUG 46736 --- [http-nio-8081-exec-2] c.h.i.mapper.ItemMapper.selectBatchIds   : <==      Total: 4
14:59:46:268 DEBUG 46736 --- [http-nio-8081-exec-3] c.h.i.mapper.ItemMapper.selectBatchIds   : ==>  Preparing: SELECT id,name,price,stock,image,category,brand,spec,sold,comment_count,isAD,status,create_time,update_time,creater,updater FROM item WHERE id IN ( ? , ? , ? , ? )
14:59:46:269 DEBUG 46736 --- [http-nio-8081-exec-3] c.h.i.mapper.ItemMapper.selectBatchIds   : ==> Parameters: 40305713537(Long), 4026319(Long), 100000006163(Long), 100001905417(Long)
14:59:46:271 DEBUG 46736 --- [http-nio-8081-exec-3] c.h.i.mapper.ItemMapper.selectBatchIds   : <==      Total: 4
14:59:46:363 DEBUG 46736 --- [http-nio-8081-exec-5] c.h.i.mapper.ItemMapper.selectBatchIds   : ==>  Preparing: SELECT id,name,price,stock,image,category,brand,spec,sold,comment_count,isAD,status,create_time,update_time,creater,updater FROM item WHERE id IN ( ? , ? , ? , ? )
14:59:46:363 DEBUG 46736 --- [http-nio-8081-exec-5] c.h.i.mapper.ItemMapper.selectBatchIds   : ==> Parameters: 40305713537(Long), 4026319(Long), 100000006163(Long), 100001905417(Long)
14:59:46:369 DEBUG 46736 --- [http-nio-8081-exec-5] c.h.i.mapper.ItemMapper.selectBatchIds   : <==      Total: 4
14:59:46:463 DEBUG 46736 --- [http-nio-8081-exec-6] c.h.i.mapper.ItemMapper.selectBatchIds   : ==>  Preparing: SELECT id,name,price,stock,image,category,brand,spec,sold,comment_count,isAD,status,create_time,update_time,creater,updater FROM item WHERE id IN ( ? , ? , ? , ? )
14:59:46:463 DEBUG 46736 --- [http-nio-8081-exec-6] c.h.i.mapper.ItemMapper.selectBatchIds   : ==> Parameters: 40305713537(Long), 4026319(Long), 100000006163(Long), 100001905417(Long)
14:59:46:466 DEBUG 46736 --- [http-nio-8081-exec-6] c.h.i.mapper.ItemMapper.selectBatchIds   : <==      Total: 4
14:59:46:564 DEBUG 46736 --- [http-nio-8081-exec-7] c.h.i.mapper.ItemMapper.selectBatchIds   : ==>  Preparing: SELECT id,name,price,stock,image,category,brand,spec,sold,comment_count,isAD,status,create_time,update_time,creater,updater FROM item WHERE id IN ( ? , ? , ? , ? )
14:59:46:564 DEBUG 46736 --- [http-nio-8081-exec-7] c.h.i.mapper.ItemMapper.selectBatchIds   : ==> Parameters: 40305713537(Long), 4026319(Long), 100000006163(Long), 100001905417(Long)
14:59:46:568 DEBUG 46736 --- [http-nio-8081-exec-7] c.h.i.mapper.ItemMapper.selectBatchIds   : <==      Total: 4
14:59:47:067 DEBUG 46736 --- [http-nio-8081-exec-8] c.h.i.mapper.ItemMapper.selectBatchIds   : ==>  Preparing: SELECT id,name,price,stock,image,category,brand,spec,sold,comment_count,isAD,status,create_time,update_time,creater,updater FROM item WHERE id IN ( ? , ? , ? , ? )
14:59:47:067 DEBUG 46736 --- [http-nio-8081-exec-8] c.h.i.mapper.ItemMapper.selectBatchIds   : ==> Parameters: 40305713537(Long), 4026319(Long), 100000006163(Long), 100001905417(Long)
14:59:47:071 DEBUG 46736 --- [http-nio-8081-exec-8] c.h.i.mapper.ItemMapper.selectBatchIds   : <==      Total: 4
14:59:47:163 DEBUG 46736 --- [http-nio-8081-exec-9] c.h.i.mapper.ItemMapper.selectBatchIds   : ==>  Preparing: SELECT id,name,price,stock,image,category,brand,spec,sold,comment_count,isAD,status,create_time,update_time,creater,updater FROM item WHERE id IN ( ? , ? , ? , ? )
14:59:47:165 DEBUG 46736 --- [http-nio-8081-exec-9] c.h.i.mapper.ItemMapper.selectBatchIds   : ==> Parameters: 40305713537(Long), 4026319(Long), 100000006163(Long), 100001905417(Long)
14:59:47:166 DEBUG 46736 --- [http-nio-8081-exec-9] c.h.i.mapper.ItemMapper.selectBatchIds   : <==      Total: 4
14:59:47:262 DEBUG 46736 --- [http-nio-8081-exec-10] c.h.i.mapper.ItemMapper.selectBatchIds   : ==>  Preparing: SELECT id,name,price,stock,image,category,brand,spec,sold,comment_count,isAD,status,create_time,update_time,creater,updater FROM item WHERE id IN ( ? , ? , ? , ? )
14:59:47:262 DEBUG 46736 --- [http-nio-8081-exec-10] c.h.i.mapper.ItemMapper.selectBatchIds   : ==> Parameters: 40305713537(Long), 4026319(Long), 100000006163(Long), 100001905417(Long)
14:59:47:265 DEBUG 46736 --- [http-nio-8081-exec-10] c.h.i.mapper.ItemMapper.selectBatchIds   : <==      Total: 4
14:59:47:361 DEBUG 46736 --- [http-nio-8081-exec-1] c.h.i.mapper.ItemMapper.selectBatchIds   : ==>  Preparing: SELECT id,name,price,stock,image,category,brand,spec,sold,comment_count,isAD,status,create_time,update_time,creater,updater FROM item WHERE id IN ( ? , ? , ? , ? )
14:59:47:363 DEBUG 46736 --- [http-nio-8081-exec-1] c.h.i.mapper.ItemMapper.selectBatchIds   : ==> Parameters: 40305713537(Long), 4026319(Long), 100000006163(Long), 100001905417(Long)
14:59:47:364 DEBUG 46736 --- [http-nio-8081-exec-1] c.h.i.mapper.ItemMapper.selectBatchIds   : <==      Total: 4
14:59:47:465 DEBUG 46736 --- [http-nio-8081-exec-4] c.h.i.mapper.ItemMapper.selectBatchIds   : ==>  Preparing: SELECT id,name,price,stock,image,category,brand,spec,sold,comment_count,isAD,status,create_time,update_time,creater,updater FROM item WHERE id IN ( ? , ? , ? , ? )
14:59:47:466 DEBUG 46736 --- [http-nio-8081-exec-4] c.h.i.mapper.ItemMapper.selectBatchIds   : ==> Parameters: 40305713537(Long), 4026319(Long), 100000006163(Long), 100001905417(Long)
14:59:47:467 DEBUG 46736 --- [http-nio-8081-exec-4] c.h.i.mapper.ItemMapper.selectBatchIds   : <==      Total: 4
14:59:47:567 DEBUG 46736 --- [http-nio-8081-exec-2] c.h.i.mapper.ItemMapper.selectBatchIds   : ==>  Preparing: SELECT id,name,price,stock,image,category,brand,spec,sold,comment_count,isAD,status,create_time,update_time,creater,updater FROM item WHERE id IN ( ? , ? , ? , ? )
14:59:47:567 DEBUG 46736 --- [http-nio-8081-exec-2] c.h.i.mapper.ItemMapper.selectBatchIds   : ==> Parameters: 40305713537(Long), 4026319(Long), 100000006163(Long), 100001905417(Long)
14:59:47:568 DEBUG 46736 --- [http-nio-8081-exec-2] c.h.i.mapper.ItemMapper.selectBatchIds   : <==      Total: 4
14:59:48:066 DEBUG 46736 --- [http-nio-8081-exec-3] c.h.i.mapper.ItemMapper.selectBatchIds   : ==>  Preparing: SELECT id,name,price,stock,image,category,brand,spec,sold,comment_count,isAD,status,create_time,update_time,creater,updater FROM item WHERE id IN ( ? , ? , ? , ? )
14:59:48:066 DEBUG 46736 --- [http-nio-8081-exec-3] c.h.i.mapper.ItemMapper.selectBatchIds   : ==> Parameters: 40305713537(Long), 4026319(Long), 100000006163(Long), 100001905417(Long)
14:59:48:069 DEBUG 46736 --- [http-nio-8081-exec-3] c.h.i.mapper.ItemMapper.selectBatchIds   : <==      Total: 4
14:59:48:162 DEBUG 46736 --- [http-nio-8081-exec-5] c.h.i.mapper.ItemMapper.selectBatchIds   : ==>  Preparing: SELECT id,name,price,stock,image,category,brand,spec,sold,comment_count,isAD,status,create_time,update_time,creater,updater FROM item WHERE id IN ( ? , ? , ? , ? )
14:59:48:162 DEBUG 46736 --- [http-nio-8081-exec-5] c.h.i.mapper.ItemMapper.selectBatchIds   : ==> Parameters: 40305713537(Long), 4026319(Long), 100000006163(Long), 100001905417(Long)
14:59:48:164 DEBUG 46736 --- [http-nio-8081-exec-5] c.h.i.mapper.ItemMapper.selectBatchIds   : <==      Total: 4
14:59:48:262 DEBUG 46736 --- [http-nio-8081-exec-6] c.h.i.mapper.ItemMapper.selectBatchIds   : ==>  Preparing: SELECT id,name,price,stock,image,category,brand,spec,sold,comment_count,isAD,status,create_time,update_time,creater,updater FROM item WHERE id IN ( ? , ? , ? , ? )
14:59:48:262 DEBUG 46736 --- [http-nio-8081-exec-6] c.h.i.mapper.ItemMapper.selectBatchIds   : ==> Parameters: 40305713537(Long), 4026319(Long), 100000006163(Long), 100001905417(Long)
14:59:48:265 DEBUG 46736 --- [http-nio-8081-exec-6] c.h.i.mapper.ItemMapper.selectBatchIds   : <==      Total: 4
14:59:48:361 DEBUG 46736 --- [http-nio-8081-exec-7] c.h.i.mapper.ItemMapper.selectBatchIds   : ==>  Preparing: SELECT id,name,price,stock,image,category,brand,spec,sold,comment_count,isAD,status,create_time,update_time,creater,updater FROM item WHERE id IN ( ? , ? , ? , ? )
14:59:48:361 DEBUG 46736 --- [http-nio-8081-exec-7] c.h.i.mapper.ItemMapper.selectBatchIds   : ==> Parameters: 40305713537(Long), 4026319(Long), 100000006163(Long), 100001905417(Long)
14:59:48:362 DEBUG 46736 --- [http-nio-8081-exec-7] c.h.i.mapper.ItemMapper.selectBatchIds   : <==      Total: 4
14:59:48:462 DEBUG 46736 --- [http-nio-8081-exec-8] c.h.i.mapper.ItemMapper.selectBatchIds   : ==>  Preparing: SELECT id,name,price,stock,image,category,brand,spec,sold,comment_count,isAD,status,create_time,update_time,creater,updater FROM item WHERE id IN ( ? , ? , ? , ? )
14:59:48:462 DEBUG 46736 --- [http-nio-8081-exec-8] c.h.i.mapper.ItemMapper.selectBatchIds   : ==> Parameters: 40305713537(Long), 4026319(Long), 100000006163(Long), 100001905417(Long)
14:59:48:464 DEBUG 46736 --- [http-nio-8081-exec-8] c.h.i.mapper.ItemMapper.selectBatchIds   : <==      Total: 4
14:59:48:563 DEBUG 46736 --- [http-nio-8081-exec-9] c.h.i.mapper.ItemMapper.selectBatchIds   : ==>  Preparing: SELECT id,name,price,stock,image,category,brand,spec,sold,comment_count,isAD,status,create_time,update_time,creater,updater FROM item WHERE id IN ( ? , ? , ? , ? )
14:59:48:563 DEBUG 46736 --- [http-nio-8081-exec-9] c.h.i.mapper.ItemMapper.selectBatchIds   : ==> Parameters: 40305713537(Long), 4026319(Long), 100000006163(Long), 100001905417(Long)
14:59:48:567 DEBUG 46736 --- [http-nio-8081-exec-9] c.h.i.mapper.ItemMapper.selectBatchIds   : <==      Total: 4
14:59:49:062 DEBUG 46736 --- [http-nio-8081-exec-10] c.h.i.mapper.ItemMapper.selectBatchIds   : ==>  Preparing: SELECT id,name,price,stock,image,category,brand,spec,sold,comment_count,isAD,status,create_time,update_time,creater,updater FROM item WHERE id IN ( ? , ? , ? , ? )
14:59:49:062 DEBUG 46736 --- [http-nio-8081-exec-10] c.h.i.mapper.ItemMapper.selectBatchIds   : ==> Parameters: 40305713537(Long), 4026319(Long), 100000006163(Long), 100001905417(Long)
14:59:49:065 DEBUG 46736 --- [http-nio-8081-exec-10] c.h.i.mapper.ItemMapper.selectBatchIds   : <==      Total: 4
14:59:49:162 DEBUG 46736 --- [http-nio-8081-exec-1] c.h.i.mapper.ItemMapper.selectBatchIds   : ==>  Preparing: SELECT id,name,price,stock,image,category,brand,spec,sold,comment_count,isAD,status,create_time,update_time,creater,updater FROM item WHERE id IN ( ? , ? , ? , ? )
14:59:49:163 DEBUG 46736 --- [http-nio-8081-exec-1] c.h.i.mapper.ItemMapper.selectBatchIds   : ==> Parameters: 40305713537(Long), 4026319(Long), 100000006163(Long), 100001905417(Long)
14:59:49:164 DEBUG 46736 --- [http-nio-8081-exec-1] c.h.i.mapper.ItemMapper.selectBatchIds   : <==      Total: 4
14:59:49:265 DEBUG 46736 --- [http-nio-8081-exec-4] c.h.i.mapper.ItemMapper.selectBatchIds   : ==>  Preparing: SELECT id,name,price,stock,image,category,brand,spec,sold,comment_count,isAD,status,create_time,update_time,creater,updater FROM item WHERE id IN ( ? , ? , ? , ? )
14:59:49:265 DEBUG 46736 --- [http-nio-8081-exec-4] c.h.i.mapper.ItemMapper.selectBatchIds   : ==> Parameters: 40305713537(Long), 4026319(Long), 100000006163(Long), 100001905417(Long)
14:59:49:267 DEBUG 46736 --- [http-nio-8081-exec-4] c.h.i.mapper.ItemMapper.selectBatchIds   : <==      Total: 4
14:59:49:363 DEBUG 46736 --- [http-nio-8081-exec-2] c.h.i.mapper.ItemMapper.selectBatchIds   : ==>  Preparing: SELECT id,name,price,stock,image,category,brand,spec,sold,comment_count,isAD,status,create_time,update_time,creater,updater FROM item WHERE id IN ( ? , ? , ? , ? )
14:59:49:363 DEBUG 46736 --- [http-nio-8081-exec-2] c.h.i.mapper.ItemMapper.selectBatchIds   : ==> Parameters: 40305713537(Long), 4026319(Long), 100000006163(Long), 100001905417(Long)
14:59:49:364 DEBUG 46736 --- [http-nio-8081-exec-2] c.h.i.mapper.ItemMapper.selectBatchIds   : <==      Total: 4
14:59:49:463 DEBUG 46736 --- [http-nio-8081-exec-3] c.h.i.mapper.ItemMapper.selectBatchIds   : ==>  Preparing: SELECT id,name,price,stock,image,category,brand,spec,sold,comment_count,isAD,status,create_time,update_time,creater,updater FROM item WHERE id IN ( ? , ? , ? , ? )
14:59:49:464 DEBUG 46736 --- [http-nio-8081-exec-3] c.h.i.mapper.ItemMapper.selectBatchIds   : ==> Parameters: 40305713537(Long), 4026319(Long), 100000006163(Long), 100001905417(Long)
14:59:49:466 DEBUG 46736 --- [http-nio-8081-exec-3] c.h.i.mapper.ItemMapper.selectBatchIds   : <==      Total: 4
14:59:49:563 DEBUG 46736 --- [http-nio-8081-exec-5] c.h.i.mapper.ItemMapper.selectBatchIds   : ==>  Preparing: SELECT id,name,price,stock,image,category,brand,spec,sold,comment_count,isAD,status,create_time,update_time,creater,updater FROM item WHERE id IN ( ? , ? , ? , ? )
14:59:49:563 DEBUG 46736 --- [http-nio-8081-exec-5] c.h.i.mapper.ItemMapper.selectBatchIds   : ==> Parameters: 40305713537(Long), 4026319(Long), 100000006163(Long), 100001905417(Long)
14:59:49:566 DEBUG 46736 --- [http-nio-8081-exec-5] c.h.i.mapper.ItemMapper.selectBatchIds   : <==      Total: 4
14:59:50:065 DEBUG 46736 --- [http-nio-8081-exec-6] c.h.i.mapper.ItemMapper.selectBatchIds   : ==>  Preparing: SELECT id,name,price,stock,image,category,brand,spec,sold,comment_count,isAD,status,create_time,update_time,creater,updater FROM item WHERE id IN ( ? , ? , ? , ? )
14:59:50:065 DEBUG 46736 --- [http-nio-8081-exec-6] c.h.i.mapper.ItemMapper.selectBatchIds   : ==> Parameters: 40305713537(Long), 4026319(Long), 100000006163(Long), 100001905417(Long)
14:59:50:068 DEBUG 46736 --- [http-nio-8081-exec-6] c.h.i.mapper.ItemMapper.selectBatchIds   : <==      Total: 4
14:59:50:162 DEBUG 46736 --- [http-nio-8081-exec-7] c.h.i.mapper.ItemMapper.selectBatchIds   : ==>  Preparing: SELECT id,name,price,stock,image,category,brand,spec,sold,comment_count,isAD,status,create_time,update_time,creater,updater FROM item WHERE id IN ( ? , ? , ? , ? )
14:59:50:162 DEBUG 46736 --- [http-nio-8081-exec-7] c.h.i.mapper.ItemMapper.selectBatchIds   : ==> Parameters: 40305713537(Long), 4026319(Long), 100000006163(Long), 100001905417(Long)
14:59:50:163 DEBUG 46736 --- [http-nio-8081-exec-7] c.h.i.mapper.ItemMapper.selectBatchIds   : <==      Total: 4
14:59:50:262 DEBUG 46736 --- [http-nio-8081-exec-8] c.h.i.mapper.ItemMapper.selectBatchIds   : ==>  Preparing: SELECT id,name,price,stock,image,category,brand,spec,sold,comment_count,isAD,status,create_time,update_time,creater,updater FROM item WHERE id IN ( ? , ? , ? , ? )
14:59:50:262 DEBUG 46736 --- [http-nio-8081-exec-8] c.h.i.mapper.ItemMapper.selectBatchIds   : ==> Parameters: 40305713537(Long), 4026319(Long), 100000006163(Long), 100001905417(Long)
14:59:50:264 DEBUG 46736 --- [http-nio-8081-exec-8] c.h.i.mapper.ItemMapper.selectBatchIds   : <==      Total: 4
14:59:50:363 DEBUG 46736 --- [http-nio-8081-exec-9] c.h.i.mapper.ItemMapper.selectBatchIds   : ==>  Preparing: SELECT id,name,price,stock,image,category,brand,spec,sold,comment_count,isAD,status,create_time,update_time,creater,updater FROM item WHERE id IN ( ? , ? , ? , ? )
14:59:50:363 DEBUG 46736 --- [http-nio-8081-exec-9] c.h.i.mapper.ItemMapper.selectBatchIds   : ==> Parameters: 40305713537(Long), 4026319(Long), 100000006163(Long), 100001905417(Long)
14:59:50:365 DEBUG 46736 --- [http-nio-8081-exec-9] c.h.i.mapper.ItemMapper.selectBatchIds   : <==      Total: 4
14:59:50:461 DEBUG 46736 --- [http-nio-8081-exec-10] c.h.i.mapper.ItemMapper.selectBatchIds   : ==>  Preparing: SELECT id,name,price,stock,image,category,brand,spec,sold,comment_count,isAD,status,create_time,update_time,creater,updater FROM item WHERE id IN ( ? , ? , ? , ? )
14:59:50:463 DEBUG 46736 --- [http-nio-8081-exec-10] c.h.i.mapper.ItemMapper.selectBatchIds   : ==> Parameters: 40305713537(Long), 4026319(Long), 100000006163(Long), 100001905417(Long)
14:59:50:464 DEBUG 46736 --- [http-nio-8081-exec-10] c.h.i.mapper.ItemMapper.selectBatchIds   : <==      Total: 4
14:59:50:562 DEBUG 46736 --- [http-nio-8081-exec-1] c.h.i.mapper.ItemMapper.selectBatchIds   : ==>  Preparing: SELECT id,name,price,stock,image,category,brand,spec,sold,comment_count,isAD,status,create_time,update_time,creater,updater FROM item WHERE id IN ( ? , ? , ? , ? )
14:59:50:562 DEBUG 46736 --- [http-nio-8081-exec-1] c.h.i.mapper.ItemMapper.selectBatchIds   : ==> Parameters: 40305713537(Long), 4026319(Long), 100000006163(Long), 100001905417(Long)
14:59:50:563 DEBUG 46736 --- [http-nio-8081-exec-1] c.h.i.mapper.ItemMapper.selectBatchIds   : <==      Total: 4
14:59:51:064 DEBUG 46736 --- [http-nio-8081-exec-4] c.h.i.mapper.ItemMapper.selectBatchIds   : ==>  Preparing: SELECT id,name,price,stock,image,category,brand,spec,sold,comment_count,isAD,status,create_time,update_time,creater,updater FROM item WHERE id IN ( ? , ? , ? , ? )
14:59:51:064 DEBUG 46736 --- [http-nio-8081-exec-4] c.h.i.mapper.ItemMapper.selectBatchIds   : ==> Parameters: 40305713537(Long), 4026319(Long), 100000006163(Long), 100001905417(Long)
14:59:51:067 DEBUG 46736 --- [http-nio-8081-exec-4] c.h.i.mapper.ItemMapper.selectBatchIds   : <==      Total: 4
14:59:51:162 DEBUG 46736 --- [http-nio-8081-exec-2] c.h.i.mapper.ItemMapper.selectBatchIds   : ==>  Preparing: SELECT id,name,price,stock,image,category,brand,spec,sold,comment_count,isAD,status,create_time,update_time,creater,updater FROM item WHERE id IN ( ? , ? , ? , ? )
14:59:51:162 DEBUG 46736 --- [http-nio-8081-exec-2] c.h.i.mapper.ItemMapper.selectBatchIds   : ==> Parameters: 40305713537(Long), 4026319(Long), 100000006163(Long), 100001905417(Long)
14:59:51:163 DEBUG 46736 --- [http-nio-8081-exec-2] c.h.i.mapper.ItemMapper.selectBatchIds   : <==      Total: 4
14:59:51:263 DEBUG 46736 --- [http-nio-8081-exec-3] c.h.i.mapper.ItemMapper.selectBatchIds   : ==>  Preparing: SELECT id,name,price,stock,image,category,brand,spec,sold,comment_count,isAD,status,create_time,update_time,creater,updater FROM item WHERE id IN ( ? , ? , ? , ? )
14:59:51:263 DEBUG 46736 --- [http-nio-8081-exec-3] c.h.i.mapper.ItemMapper.selectBatchIds   : ==> Parameters: 40305713537(Long), 4026319(Long), 100000006163(Long), 100001905417(Long)
14:59:51:265 DEBUG 46736 --- [http-nio-8081-exec-3] c.h.i.mapper.ItemMapper.selectBatchIds   : <==      Total: 4
14:59:51:360 DEBUG 46736 --- [http-nio-8081-exec-5] c.h.i.mapper.ItemMapper.selectBatchIds   : ==>  Preparing: SELECT id,name,price,stock,image,category,brand,spec,sold,comment_count,isAD,status,create_time,update_time,creater,updater FROM item WHERE id IN ( ? , ? , ? , ? )
14:59:51:362 DEBUG 46736 --- [http-nio-8081-exec-5] c.h.i.mapper.ItemMapper.selectBatchIds   : ==> Parameters: 40305713537(Long), 4026319(Long), 100000006163(Long), 100001905417(Long)
14:59:51:364 DEBUG 46736 --- [http-nio-8081-exec-5] c.h.i.mapper.ItemMapper.selectBatchIds   : <==      Total: 4
14:59:51:463 DEBUG 46736 --- [http-nio-8081-exec-6] c.h.i.mapper.ItemMapper.selectBatchIds   : ==>  Preparing: SELECT id,name,price,stock,image,category,brand,spec,sold,comment_count,isAD,status,create_time,update_time,creater,updater FROM item WHERE id IN ( ? , ? , ? , ? )
14:59:51:464 DEBUG 46736 --- [http-nio-8081-exec-6] c.h.i.mapper.ItemMapper.selectBatchIds   : ==> Parameters: 40305713537(Long), 4026319(Long), 100000006163(Long), 100001905417(Long)
14:59:51:466 DEBUG 46736 --- [http-nio-8081-exec-6] c.h.i.mapper.ItemMapper.selectBatchIds   : <==      Total: 4
14:59:51:562 DEBUG 46736 --- [http-nio-8081-exec-7] c.h.i.mapper.ItemMapper.selectBatchIds   : ==>  Preparing: SELECT id,name,price,stock,image,category,brand,spec,sold,comment_count,isAD,status,create_time,update_time,creater,updater FROM item WHERE id IN ( ? , ? , ? , ? )
14:59:51:562 DEBUG 46736 --- [http-nio-8081-exec-7] c.h.i.mapper.ItemMapper.selectBatchIds   : ==> Parameters: 40305713537(Long), 4026319(Long), 100000006163(Long), 100001905417(Long)
14:59:51:564 DEBUG 46736 --- [http-nio-8081-exec-7] c.h.i.mapper.ItemMapper.selectBatchIds   : <==      Total: 4
14:59:52:062 DEBUG 46736 --- [http-nio-8081-exec-8] c.h.i.mapper.ItemMapper.selectBatchIds   : ==>  Preparing: SELECT id,name,price,stock,image,category,brand,spec,sold,comment_count,isAD,status,create_time,update_time,creater,updater FROM item WHERE id IN ( ? , ? , ? , ? )
14:59:52:064 DEBUG 46736 --- [http-nio-8081-exec-8] c.h.i.mapper.ItemMapper.selectBatchIds   : ==> Parameters: 40305713537(Long), 4026319(Long), 100000006163(Long), 100001905417(Long)
14:59:52:066 DEBUG 46736 --- [http-nio-8081-exec-8] c.h.i.mapper.ItemMapper.selectBatchIds   : <==      Total: 4
14:59:52:163 DEBUG 46736 --- [http-nio-8081-exec-9] c.h.i.mapper.ItemMapper.selectBatchIds   : ==>  Preparing: SELECT id,name,price,stock,image,category,brand,spec,sold,comment_count,isAD,status,create_time,update_time,creater,updater FROM item WHERE id IN ( ? , ? , ? , ? )
14:59:52:163 DEBUG 46736 --- [http-nio-8081-exec-9] c.h.i.mapper.ItemMapper.selectBatchIds   : ==> Parameters: 40305713537(Long), 4026319(Long), 100000006163(Long), 100001905417(Long)
14:59:52:165 DEBUG 46736 --- [http-nio-8081-exec-9] c.h.i.mapper.ItemMapper.selectBatchIds   : <==      Total: 4
14:59:52:263 DEBUG 46736 --- [http-nio-8081-exec-10] c.h.i.mapper.ItemMapper.selectBatchIds   : ==>  Preparing: SELECT id,name,price,stock,image,category,brand,spec,sold,comment_count,isAD,status,create_time,update_time,creater,updater FROM item WHERE id IN ( ? , ? , ? , ? )
14:59:52:263 DEBUG 46736 --- [http-nio-8081-exec-10] c.h.i.mapper.ItemMapper.selectBatchIds   : ==> Parameters: 40305713537(Long), 4026319(Long), 100000006163(Long), 100001905417(Long)
14:59:52:265 DEBUG 46736 --- [http-nio-8081-exec-10] c.h.i.mapper.ItemMapper.selectBatchIds   : <==      Total: 4
14:59:52:364 DEBUG 46736 --- [http-nio-8081-exec-1] c.h.i.mapper.ItemMapper.selectBatchIds   : ==>  Preparing: SELECT id,name,price,stock,image,category,brand,spec,sold,comment_count,isAD,status,create_time,update_time,creater,updater FROM item WHERE id IN ( ? , ? , ? , ? )
14:59:52:364 DEBUG 46736 --- [http-nio-8081-exec-1] c.h.i.mapper.ItemMapper.selectBatchIds   : ==> Parameters: 40305713537(Long), 4026319(Long), 100000006163(Long), 100001905417(Long)
14:59:52:366 DEBUG 46736 --- [http-nio-8081-exec-1] c.h.i.mapper.ItemMapper.selectBatchIds   : <==      Total: 4
14:59:52:465 DEBUG 46736 --- [http-nio-8081-exec-4] c.h.i.mapper.ItemMapper.selectBatchIds   : ==>  Preparing: SELECT id,name,price,stock,image,category,brand,spec,sold,comment_count,isAD,status,create_time,update_time,creater,updater FROM item WHERE id IN ( ? , ? , ? , ? )
14:59:52:465 DEBUG 46736 --- [http-nio-8081-exec-4] c.h.i.mapper.ItemMapper.selectBatchIds   : ==> Parameters: 40305713537(Long), 4026319(Long), 100000006163(Long), 100001905417(Long)
14:59:52:468 DEBUG 46736 --- [http-nio-8081-exec-4] c.h.i.mapper.ItemMapper.selectBatchIds   : <==      Total: 4
14:59:52:564 DEBUG 46736 --- [http-nio-8081-exec-2] c.h.i.mapper.ItemMapper.selectBatchIds   : ==>  Preparing: SELECT id,name,price,stock,image,category,brand,spec,sold,comment_count,isAD,status,create_time,update_time,creater,updater FROM item WHERE id IN ( ? , ? , ? , ? )
14:59:52:565 DEBUG 46736 --- [http-nio-8081-exec-2] c.h.i.mapper.ItemMapper.selectBatchIds   : ==> Parameters: 40305713537(Long), 4026319(Long), 100000006163(Long), 100001905417(Long)
14:59:52:566 DEBUG 46736 --- [http-nio-8081-exec-2] c.h.i.mapper.ItemMapper.selectBatchIds   : <==      Total: 4
14:59:53:062 DEBUG 46736 --- [http-nio-8081-exec-3] c.h.i.mapper.ItemMapper.selectBatchIds   : ==>  Preparing: SELECT id,name,price,stock,image,category,brand,spec,sold,comment_count,isAD,status,create_time,update_time,creater,updater FROM item WHERE id IN ( ? , ? , ? , ? )
14:59:53:063 DEBUG 46736 --- [http-nio-8081-exec-3] c.h.i.mapper.ItemMapper.selectBatchIds   : ==> Parameters: 40305713537(Long), 4026319(Long), 100000006163(Long), 100001905417(Long)
14:59:53:065 DEBUG 46736 --- [http-nio-8081-exec-3] c.h.i.mapper.ItemMapper.selectBatchIds   : <==      Total: 4
14:59:53:161 DEBUG 46736 --- [http-nio-8081-exec-5] c.h.i.mapper.ItemMapper.selectBatchIds   : ==>  Preparing: SELECT id,name,price,stock,image,category,brand,spec,sold,comment_count,isAD,status,create_time,update_time,creater,updater FROM item WHERE id IN ( ? , ? , ? , ? )
14:59:53:162 DEBUG 46736 --- [http-nio-8081-exec-5] c.h.i.mapper.ItemMapper.selectBatchIds   : ==> Parameters: 40305713537(Long), 4026319(Long), 100000006163(Long), 100001905417(Long)
14:59:53:163 DEBUG 46736 --- [http-nio-8081-exec-5] c.h.i.mapper.ItemMapper.selectBatchIds   : <==      Total: 4
14:59:53:266 DEBUG 46736 --- [http-nio-8081-exec-6] c.h.i.mapper.ItemMapper.selectBatchIds   : ==>  Preparing: SELECT id,name,price,stock,image,category,brand,spec,sold,comment_count,isAD,status,create_time,update_time,creater,updater FROM item WHERE id IN ( ? , ? , ? , ? )
14:59:53:267 DEBUG 46736 --- [http-nio-8081-exec-6] c.h.i.mapper.ItemMapper.selectBatchIds   : ==> Parameters: 40305713537(Long), 4026319(Long), 100000006163(Long), 100001905417(Long)
14:59:53:269 DEBUG 46736 --- [http-nio-8081-exec-6] c.h.i.mapper.ItemMapper.selectBatchIds   : <==      Total: 4
14:59:53:365 DEBUG 46736 --- [http-nio-8081-exec-7] c.h.i.mapper.ItemMapper.selectBatchIds   : ==>  Preparing: SELECT id,name,price,stock,image,category,brand,spec,sold,comment_count,isAD,status,create_time,update_time,creater,updater FROM item WHERE id IN ( ? , ? , ? , ? )
14:59:53:365 DEBUG 46736 --- [http-nio-8081-exec-7] c.h.i.mapper.ItemMapper.selectBatchIds   : ==> Parameters: 40305713537(Long), 4026319(Long), 100000006163(Long), 100001905417(Long)
14:59:53:368 DEBUG 46736 --- [http-nio-8081-exec-7] c.h.i.mapper.ItemMapper.selectBatchIds   : <==      Total: 4
14:59:53:464 DEBUG 46736 --- [http-nio-8081-exec-8] c.h.i.mapper.ItemMapper.selectBatchIds   : ==>  Preparing: SELECT id,name,price,stock,image,category,brand,spec,sold,comment_count,isAD,status,create_time,update_time,creater,updater FROM item WHERE id IN ( ? , ? , ? , ? )
14:59:53:464 DEBUG 46736 --- [http-nio-8081-exec-8] c.h.i.mapper.ItemMapper.selectBatchIds   : ==> Parameters: 40305713537(Long), 4026319(Long), 100000006163(Long), 100001905417(Long)
14:59:53:466 DEBUG 46736 --- [http-nio-8081-exec-8] c.h.i.mapper.ItemMapper.selectBatchIds   : <==      Total: 4
14:59:53:563 DEBUG 46736 --- [http-nio-8081-exec-9] c.h.i.mapper.ItemMapper.selectBatchIds   : ==>  Preparing: SELECT id,name,price,stock,image,category,brand,spec,sold,comment_count,isAD,status,create_time,update_time,creater,updater FROM item WHERE id IN ( ? , ? , ? , ? )
14:59:53:564 DEBUG 46736 --- [http-nio-8081-exec-9] c.h.i.mapper.ItemMapper.selectBatchIds   : ==> Parameters: 40305713537(Long), 4026319(Long), 100000006163(Long), 100001905417(Long)
14:59:53:566 DEBUG 46736 --- [http-nio-8081-exec-9] c.h.i.mapper.ItemMapper.selectBatchIds   : <==      Total: 4
14:59:54:065 DEBUG 46736 --- [http-nio-8081-exec-10] c.h.i.mapper.ItemMapper.selectBatchIds   : ==>  Preparing: SELECT id,name,price,stock,image,category,brand,spec,sold,comment_count,isAD,status,create_time,update_time,creater,updater FROM item WHERE id IN ( ? , ? , ? , ? )
14:59:54:065 DEBUG 46736 --- [http-nio-8081-exec-10] c.h.i.mapper.ItemMapper.selectBatchIds   : ==> Parameters: 40305713537(Long), 4026319(Long), 100000006163(Long), 100001905417(Long)
14:59:54:066 DEBUG 46736 --- [http-nio-8081-exec-10] c.h.i.mapper.ItemMapper.selectBatchIds   : <==      Total: 4
14:59:54:170 DEBUG 46736 --- [http-nio-8081-exec-1] c.h.i.mapper.ItemMapper.selectBatchIds   : ==>  Preparing: SELECT id,name,price,stock,image,category,brand,spec,sold,comment_count,isAD,status,create_time,update_time,creater,updater FROM item WHERE id IN ( ? , ? , ? , ? )
14:59:54:170 DEBUG 46736 --- [http-nio-8081-exec-1] c.h.i.mapper.ItemMapper.selectBatchIds   : ==> Parameters: 40305713537(Long), 4026319(Long), 100000006163(Long), 100001905417(Long)
14:59:54:172 DEBUG 46736 --- [http-nio-8081-exec-1] c.h.i.mapper.ItemMapper.selectBatchIds   : <==      Total: 4
14:59:54:264 DEBUG 46736 --- [http-nio-8081-exec-4] c.h.i.mapper.ItemMapper.selectBatchIds   : ==>  Preparing: SELECT id,name,price,stock,image,category,brand,spec,sold,comment_count,isAD,status,create_time,update_time,creater,updater FROM item WHERE id IN ( ? , ? , ? , ? )
14:59:54:265 DEBUG 46736 --- [http-nio-8081-exec-4] c.h.i.mapper.ItemMapper.selectBatchIds   : ==> Parameters: 40305713537(Long), 4026319(Long), 100000006163(Long), 100001905417(Long)
14:59:54:266 DEBUG 46736 --- [http-nio-8081-exec-4] c.h.i.mapper.ItemMapper.selectBatchIds   : <==      Total: 4
14:59:54:364 DEBUG 46736 --- [http-nio-8081-exec-2] c.h.i.mapper.ItemMapper.selectBatchIds   : ==>  Preparing: SELECT id,name,price,stock,image,category,brand,spec,sold,comment_count,isAD,status,create_time,update_time,creater,updater FROM item WHERE id IN ( ? , ? , ? , ? )
14:59:54:364 DEBUG 46736 --- [http-nio-8081-exec-2] c.h.i.mapper.ItemMapper.selectBatchIds   : ==> Parameters: 40305713537(Long), 4026319(Long), 100000006163(Long), 100001905417(Long)
14:59:54:366 DEBUG 46736 --- [http-nio-8081-exec-2] c.h.i.mapper.ItemMapper.selectBatchIds   : <==      Total: 4
14:59:54:465 DEBUG 46736 --- [http-nio-8081-exec-3] c.h.i.mapper.ItemMapper.selectBatchIds   : ==>  Preparing: SELECT id,name,price,stock,image,category,brand,spec,sold,comment_count,isAD,status,create_time,update_time,creater,updater FROM item WHERE id IN ( ? , ? , ? , ? )
14:59:54:466 DEBUG 46736 --- [http-nio-8081-exec-3] c.h.i.mapper.ItemMapper.selectBatchIds   : ==> Parameters: 40305713537(Long), 4026319(Long), 100000006163(Long), 100001905417(Long)
14:59:54:467 DEBUG 46736 --- [http-nio-8081-exec-3] c.h.i.mapper.ItemMapper.selectBatchIds   : <==      Total: 4
14:59:54:563 DEBUG 46736 --- [http-nio-8081-exec-5] c.h.i.mapper.ItemMapper.selectBatchIds   : ==>  Preparing: SELECT id,name,price,stock,image,category,brand,spec,sold,comment_count,isAD,status,create_time,update_time,creater,updater FROM item WHERE id IN ( ? , ? , ? , ? )
14:59:54:564 DEBUG 46736 --- [http-nio-8081-exec-5] c.h.i.mapper.ItemMapper.selectBatchIds   : ==> Parameters: 40305713537(Long), 4026319(Long), 100000006163(Long), 100001905417(Long)
14:59:54:565 DEBUG 46736 --- [http-nio-8081-exec-5] c.h.i.mapper.ItemMapper.selectBatchIds   : <==      Total: 4
14:59:55:061 DEBUG 46736 --- [http-nio-8081-exec-6] c.h.i.mapper.ItemMapper.selectBatchIds   : ==>  Preparing: SELECT id,name,price,stock,image,category,brand,spec,sold,comment_count,isAD,status,create_time,update_time,creater,updater FROM item WHERE id IN ( ? , ? , ? , ? )
14:59:55:061 DEBUG 46736 --- [http-nio-8081-exec-6] c.h.i.mapper.ItemMapper.selectBatchIds   : ==> Parameters: 40305713537(Long), 4026319(Long), 100000006163(Long), 100001905417(Long)
14:59:55:063 DEBUG 46736 --- [http-nio-8081-exec-6] c.h.i.mapper.ItemMapper.selectBatchIds   : <==      Total: 4
14:59:55:166 DEBUG 46736 --- [http-nio-8081-exec-7] c.h.i.mapper.ItemMapper.selectBatchIds   : ==>  Preparing: SELECT id,name,price,stock,image,category,brand,spec,sold,comment_count,isAD,status,create_time,update_time,creater,updater FROM item WHERE id IN ( ? , ? , ? , ? )
14:59:55:167 DEBUG 46736 --- [http-nio-8081-exec-7] c.h.i.mapper.ItemMapper.selectBatchIds   : ==> Parameters: 40305713537(Long), 4026319(Long), 100000006163(Long), 100001905417(Long)
14:59:55:169 DEBUG 46736 --- [http-nio-8081-exec-7] c.h.i.mapper.ItemMapper.selectBatchIds   : <==      Total: 4
14:59:55:264 DEBUG 46736 --- [http-nio-8081-exec-8] c.h.i.mapper.ItemMapper.selectBatchIds   : ==>  Preparing: SELECT id,name,price,stock,image,category,brand,spec,sold,comment_count,isAD,status,create_time,update_time,creater,updater FROM item WHERE id IN ( ? , ? , ? , ? )
14:59:55:264 DEBUG 46736 --- [http-nio-8081-exec-8] c.h.i.mapper.ItemMapper.selectBatchIds   : ==> Parameters: 40305713537(Long), 4026319(Long), 100000006163(Long), 100001905417(Long)
14:59:55:267 DEBUG 46736 --- [http-nio-8081-exec-8] c.h.i.mapper.ItemMapper.selectBatchIds   : <==      Total: 4
14:59:55:365 DEBUG 46736 --- [http-nio-8081-exec-9] c.h.i.mapper.ItemMapper.selectBatchIds   : ==>  Preparing: SELECT id,name,price,stock,image,category,brand,spec,sold,comment_count,isAD,status,create_time,update_time,creater,updater FROM item WHERE id IN ( ? , ? , ? , ? )
14:59:55:365 DEBUG 46736 --- [http-nio-8081-exec-9] c.h.i.mapper.ItemMapper.selectBatchIds   : ==> Parameters: 40305713537(Long), 4026319(Long), 100000006163(Long), 100001905417(Long)
14:59:55:367 DEBUG 46736 --- [http-nio-8081-exec-9] c.h.i.mapper.ItemMapper.selectBatchIds   : <==      Total: 4
14:59:55:462 DEBUG 46736 --- [http-nio-8081-exec-10] c.h.i.mapper.ItemMapper.selectBatchIds   : ==>  Preparing: SELECT id,name,price,stock,image,category,brand,spec,sold,comment_count,isAD,status,create_time,update_time,creater,updater FROM item WHERE id IN ( ? , ? , ? , ? )
14:59:55:462 DEBUG 46736 --- [http-nio-8081-exec-10] c.h.i.mapper.ItemMapper.selectBatchIds   : ==> Parameters: 40305713537(Long), 4026319(Long), 100000006163(Long), 100001905417(Long)
14:59:55:463 DEBUG 46736 --- [http-nio-8081-exec-10] c.h.i.mapper.ItemMapper.selectBatchIds   : <==      Total: 4
14:59:55:563 DEBUG 46736 --- [http-nio-8081-exec-1] c.h.i.mapper.ItemMapper.selectBatchIds   : ==>  Preparing: SELECT id,name,price,stock,image,category,brand,spec,sold,comment_count,isAD,status,create_time,update_time,creater,updater FROM item WHERE id IN ( ? , ? , ? , ? )
14:59:55:563 DEBUG 46736 --- [http-nio-8081-exec-1] c.h.i.mapper.ItemMapper.selectBatchIds   : ==> Parameters: 40305713537(Long), 4026319(Long), 100000006163(Long), 100001905417(Long)
14:59:55:564 DEBUG 46736 --- [http-nio-8081-exec-1] c.h.i.mapper.ItemMapper.selectBatchIds   : <==      Total: 4
14:59:56:065 DEBUG 46736 --- [http-nio-8081-exec-4] c.h.i.mapper.ItemMapper.selectBatchIds   : ==>  Preparing: SELECT id,name,price,stock,image,category,brand,spec,sold,comment_count,isAD,status,create_time,update_time,creater,updater FROM item WHERE id IN ( ? , ? , ? , ? )
14:59:56:066 DEBUG 46736 --- [http-nio-8081-exec-4] c.h.i.mapper.ItemMapper.selectBatchIds   : ==> Parameters: 40305713537(Long), 4026319(Long), 100000006163(Long), 100001905417(Long)
14:59:56:067 DEBUG 46736 --- [http-nio-8081-exec-4] c.h.i.mapper.ItemMapper.selectBatchIds   : <==      Total: 4
14:59:56:165 DEBUG 46736 --- [http-nio-8081-exec-2] c.h.i.mapper.ItemMapper.selectBatchIds   : ==>  Preparing: SELECT id,name,price,stock,image,category,brand,spec,sold,comment_count,isAD,status,create_time,update_time,creater,updater FROM item WHERE id IN ( ? , ? , ? , ? )
14:59:56:165 DEBUG 46736 --- [http-nio-8081-exec-2] c.h.i.mapper.ItemMapper.selectBatchIds   : ==> Parameters: 40305713537(Long), 4026319(Long), 100000006163(Long), 100001905417(Long)
14:59:56:166 DEBUG 46736 --- [http-nio-8081-exec-2] c.h.i.mapper.ItemMapper.selectBatchIds   : <==      Total: 4
14:59:56:264 DEBUG 46736 --- [http-nio-8081-exec-3] c.h.i.mapper.ItemMapper.selectBatchIds   : ==>  Preparing: SELECT id,name,price,stock,image,category,brand,spec,sold,comment_count,isAD,status,create_time,update_time,creater,updater FROM item WHERE id IN ( ? , ? , ? , ? )
14:59:56:264 DEBUG 46736 --- [http-nio-8081-exec-3] c.h.i.mapper.ItemMapper.selectBatchIds   : ==> Parameters: 40305713537(Long), 4026319(Long), 100000006163(Long), 100001905417(Long)
14:59:56:265 DEBUG 46736 --- [http-nio-8081-exec-3] c.h.i.mapper.ItemMapper.selectBatchIds   : <==      Total: 4
14:59:56:364 DEBUG 46736 --- [http-nio-8081-exec-5] c.h.i.mapper.ItemMapper.selectBatchIds   : ==>  Preparing: SELECT id,name,price,stock,image,category,brand,spec,sold,comment_count,isAD,status,create_time,update_time,creater,updater FROM item WHERE id IN ( ? , ? , ? , ? )
14:59:56:364 DEBUG 46736 --- [http-nio-8081-exec-5] c.h.i.mapper.ItemMapper.selectBatchIds   : ==> Parameters: 40305713537(Long), 4026319(Long), 100000006163(Long), 100001905417(Long)
14:59:56:365 DEBUG 46736 --- [http-nio-8081-exec-5] c.h.i.mapper.ItemMapper.selectBatchIds   : <==      Total: 4
14:59:56:464 DEBUG 46736 --- [http-nio-8081-exec-6] c.h.i.mapper.ItemMapper.selectBatchIds   : ==>  Preparing: SELECT id,name,price,stock,image,category,brand,spec,sold,comment_count,isAD,status,create_time,update_time,creater,updater FROM item WHERE id IN ( ? , ? , ? , ? )
14:59:56:465 DEBUG 46736 --- [http-nio-8081-exec-6] c.h.i.mapper.ItemMapper.selectBatchIds   : ==> Parameters: 40305713537(Long), 4026319(Long), 100000006163(Long), 100001905417(Long)
14:59:56:467 DEBUG 46736 --- [http-nio-8081-exec-6] c.h.i.mapper.ItemMapper.selectBatchIds   : <==      Total: 4
14:59:56:565 DEBUG 46736 --- [http-nio-8081-exec-7] c.h.i.mapper.ItemMapper.selectBatchIds   : ==>  Preparing: SELECT id,name,price,stock,image,category,brand,spec,sold,comment_count,isAD,status,create_time,update_time,creater,updater FROM item WHERE id IN ( ? , ? , ? , ? )
14:59:56:565 DEBUG 46736 --- [http-nio-8081-exec-7] c.h.i.mapper.ItemMapper.selectBatchIds   : ==> Parameters: 40305713537(Long), 4026319(Long), 100000006163(Long), 100001905417(Long)
14:59:56:568 DEBUG 46736 --- [http-nio-8081-exec-7] c.h.i.mapper.ItemMapper.selectBatchIds   : <==      Total: 4
14:59:57:072 DEBUG 46736 --- [http-nio-8081-exec-8] c.h.i.mapper.ItemMapper.selectBatchIds   : ==>  Preparing: SELECT id,name,price,stock,image,category,brand,spec,sold,comment_count,isAD,status,create_time,update_time,creater,updater FROM item WHERE id IN ( ? , ? , ? , ? )
14:59:57:073 DEBUG 46736 --- [http-nio-8081-exec-8] c.h.i.mapper.ItemMapper.selectBatchIds   : ==> Parameters: 40305713537(Long), 4026319(Long), 100000006163(Long), 100001905417(Long)
14:59:57:075 DEBUG 46736 --- [http-nio-8081-exec-8] c.h.i.mapper.ItemMapper.selectBatchIds   : <==      Total: 4
14:59:57:167 DEBUG 46736 --- [http-nio-8081-exec-9] c.h.i.mapper.ItemMapper.selectBatchIds   : ==>  Preparing: SELECT id,name,price,stock,image,category,brand,spec,sold,comment_count,isAD,status,create_time,update_time,creater,updater FROM item WHERE id IN ( ? , ? , ? , ? )
14:59:57:167 DEBUG 46736 --- [http-nio-8081-exec-9] c.h.i.mapper.ItemMapper.selectBatchIds   : ==> Parameters: 40305713537(Long), 4026319(Long), 100000006163(Long), 100001905417(Long)
14:59:57:169 DEBUG 46736 --- [http-nio-8081-exec-9] c.h.i.mapper.ItemMapper.selectBatchIds   : <==      Total: 4
14:59:57:264 DEBUG 46736 --- [http-nio-8081-exec-10] c.h.i.mapper.ItemMapper.selectBatchIds   : ==>  Preparing: SELECT id,name,price,stock,image,category,brand,spec,sold,comment_count,isAD,status,create_time,update_time,creater,updater FROM item WHERE id IN ( ? , ? , ? , ? )
14:59:57:264 DEBUG 46736 --- [http-nio-8081-exec-10] c.h.i.mapper.ItemMapper.selectBatchIds   : ==> Parameters: 40305713537(Long), 4026319(Long), 100000006163(Long), 100001905417(Long)
14:59:57:265 DEBUG 46736 --- [http-nio-8081-exec-10] c.h.i.mapper.ItemMapper.selectBatchIds   : <==      Total: 4
14:59:57:363 DEBUG 46736 --- [http-nio-8081-exec-1] c.h.i.mapper.ItemMapper.selectBatchIds   : ==>  Preparing: SELECT id,name,price,stock,image,category,brand,spec,sold,comment_count,isAD,status,create_time,update_time,creater,updater FROM item WHERE id IN ( ? , ? , ? , ? )
14:59:57:364 DEBUG 46736 --- [http-nio-8081-exec-1] c.h.i.mapper.ItemMapper.selectBatchIds   : ==> Parameters: 40305713537(Long), 4026319(Long), 100000006163(Long), 100001905417(Long)
14:59:57:365 DEBUG 46736 --- [http-nio-8081-exec-1] c.h.i.mapper.ItemMapper.selectBatchIds   : <==      Total: 4
14:59:57:465 DEBUG 46736 --- [http-nio-8081-exec-4] c.h.i.mapper.ItemMapper.selectBatchIds   : ==>  Preparing: SELECT id,name,price,stock,image,category,brand,spec,sold,comment_count,isAD,status,create_time,update_time,creater,updater FROM item WHERE id IN ( ? , ? , ? , ? )
14:59:57:465 DEBUG 46736 --- [http-nio-8081-exec-4] c.h.i.mapper.ItemMapper.selectBatchIds   : ==> Parameters: 40305713537(Long), 4026319(Long), 100000006163(Long), 100001905417(Long)
14:59:57:468 DEBUG 46736 --- [http-nio-8081-exec-4] c.h.i.mapper.ItemMapper.selectBatchIds   : <==      Total: 4
14:59:57:563 DEBUG 46736 --- [http-nio-8081-exec-2] c.h.i.mapper.ItemMapper.selectBatchIds   : ==>  Preparing: SELECT id,name,price,stock,image,category,brand,spec,sold,comment_count,isAD,status,create_time,update_time,creater,updater FROM item WHERE id IN ( ? , ? , ? , ? )
14:59:57:563 DEBUG 46736 --- [http-nio-8081-exec-2] c.h.i.mapper.ItemMapper.selectBatchIds   : ==> Parameters: 40305713537(Long), 4026319(Long), 100000006163(Long), 100001905417(Long)
14:59:57:564 DEBUG 46736 --- [http-nio-8081-exec-2] c.h.i.mapper.ItemMapper.selectBatchIds   : <==      Total: 4
14:59:58:062 DEBUG 46736 --- [http-nio-8081-exec-3] c.h.i.mapper.ItemMapper.selectBatchIds   : ==>  Preparing: SELECT id,name,price,stock,image,category,brand,spec,sold,comment_count,isAD,status,create_time,update_time,creater,updater FROM item WHERE id IN ( ? , ? , ? , ? )
14:59:58:062 DEBUG 46736 --- [http-nio-8081-exec-3] c.h.i.mapper.ItemMapper.selectBatchIds   : ==> Parameters: 40305713537(Long), 4026319(Long), 100000006163(Long), 100001905417(Long)
14:59:58:064 DEBUG 46736 --- [http-nio-8081-exec-3] c.h.i.mapper.ItemMapper.selectBatchIds   : <==      Total: 4
14:59:58:162 DEBUG 46736 --- [http-nio-8081-exec-5] c.h.i.mapper.ItemMapper.selectBatchIds   : ==>  Preparing: SELECT id,name,price,stock,image,category,brand,spec,sold,comment_count,isAD,status,create_time,update_time,creater,updater FROM item WHERE id IN ( ? , ? , ? , ? )
14:59:58:163 DEBUG 46736 --- [http-nio-8081-exec-5] c.h.i.mapper.ItemMapper.selectBatchIds   : ==> Parameters: 40305713537(Long), 4026319(Long), 100000006163(Long), 100001905417(Long)
14:59:58:164 DEBUG 46736 --- [http-nio-8081-exec-5] c.h.i.mapper.ItemMapper.selectBatchIds   : <==      Total: 4
14:59:58:264 DEBUG 46736 --- [http-nio-8081-exec-6] c.h.i.mapper.ItemMapper.selectBatchIds   : ==>  Preparing: SELECT id,name,price,stock,image,category,brand,spec,sold,comment_count,isAD,status,create_time,update_time,creater,updater FROM item WHERE id IN ( ? , ? , ? , ? )
14:59:58:265 DEBUG 46736 --- [http-nio-8081-exec-6] c.h.i.mapper.ItemMapper.selectBatchIds   : ==> Parameters: 40305713537(Long), 4026319(Long), 100000006163(Long), 100001905417(Long)
14:59:58:266 DEBUG 46736 --- [http-nio-8081-exec-6] c.h.i.mapper.ItemMapper.selectBatchIds   : <==      Total: 4
14:59:58:361 DEBUG 46736 --- [http-nio-8081-exec-7] c.h.i.mapper.ItemMapper.selectBatchIds   : ==>  Preparing: SELECT id,name,price,stock,image,category,brand,spec,sold,comment_count,isAD,status,create_time,update_time,creater,updater FROM item WHERE id IN ( ? , ? , ? , ? )
14:59:58:361 DEBUG 46736 --- [http-nio-8081-exec-7] c.h.i.mapper.ItemMapper.selectBatchIds   : ==> Parameters: 40305713537(Long), 4026319(Long), 100000006163(Long), 100001905417(Long)
14:59:58:363 DEBUG 46736 --- [http-nio-8081-exec-7] c.h.i.mapper.ItemMapper.selectBatchIds   : <==      Total: 4
14:59:58:464 DEBUG 46736 --- [http-nio-8081-exec-8] c.h.i.mapper.ItemMapper.selectBatchIds   : ==>  Preparing: SELECT id,name,price,stock,image,category,brand,spec,sold,comment_count,isAD,status,create_time,update_time,creater,updater FROM item WHERE id IN ( ? , ? , ? , ? )
14:59:58:464 DEBUG 46736 --- [http-nio-8081-exec-8] c.h.i.mapper.ItemMapper.selectBatchIds   : ==> Parameters: 40305713537(Long), 4026319(Long), 100000006163(Long), 100001905417(Long)
14:59:58:466 DEBUG 46736 --- [http-nio-8081-exec-8] c.h.i.mapper.ItemMapper.selectBatchIds   : <==      Total: 4
14:59:58:561 DEBUG 46736 --- [http-nio-8081-exec-9] c.h.i.mapper.ItemMapper.selectBatchIds   : ==>  Preparing: SELECT id,name,price,stock,image,category,brand,spec,sold,comment_count,isAD,status,create_time,update_time,creater,updater FROM item WHERE id IN ( ? , ? , ? , ? )
14:59:58:561 DEBUG 46736 --- [http-nio-8081-exec-9] c.h.i.mapper.ItemMapper.selectBatchIds   : ==> Parameters: 40305713537(Long), 4026319(Long), 100000006163(Long), 100001905417(Long)
14:59:58:562 DEBUG 46736 --- [http-nio-8081-exec-9] c.h.i.mapper.ItemMapper.selectBatchIds   : <==      Total: 4
14:59:59:067 DEBUG 46736 --- [http-nio-8081-exec-10] c.h.i.mapper.ItemMapper.selectBatchIds   : ==>  Preparing: SELECT id,name,price,stock,image,category,brand,spec,sold,comment_count,isAD,status,create_time,update_time,creater,updater FROM item WHERE id IN ( ? , ? , ? , ? )
14:59:59:067 DEBUG 46736 --- [http-nio-8081-exec-10] c.h.i.mapper.ItemMapper.selectBatchIds   : ==> Parameters: 40305713537(Long), 4026319(Long), 100000006163(Long), 100001905417(Long)
14:59:59:069 DEBUG 46736 --- [http-nio-8081-exec-10] c.h.i.mapper.ItemMapper.selectBatchIds   : <==      Total: 4
14:59:59:164 DEBUG 46736 --- [http-nio-8081-exec-1] c.h.i.mapper.ItemMapper.selectBatchIds   : ==>  Preparing: SELECT id,name,price,stock,image,category,brand,spec,sold,comment_count,isAD,status,create_time,update_time,creater,updater FROM item WHERE id IN ( ? , ? , ? , ? )
14:59:59:164 DEBUG 46736 --- [http-nio-8081-exec-1] c.h.i.mapper.ItemMapper.selectBatchIds   : ==> Parameters: 40305713537(Long), 4026319(Long), 100000006163(Long), 100001905417(Long)
14:59:59:166 DEBUG 46736 --- [http-nio-8081-exec-1] c.h.i.mapper.ItemMapper.selectBatchIds   : <==      Total: 4
14:59:59:263 DEBUG 46736 --- [http-nio-8081-exec-4] c.h.i.mapper.ItemMapper.selectBatchIds   : ==>  Preparing: SELECT id,name,price,stock,image,category,brand,spec,sold,comment_count,isAD,status,create_time,update_time,creater,updater FROM item WHERE id IN ( ? , ? , ? , ? )
14:59:59:263 DEBUG 46736 --- [http-nio-8081-exec-4] c.h.i.mapper.ItemMapper.selectBatchIds   : ==> Parameters: 40305713537(Long), 4026319(Long), 100000006163(Long), 100001905417(Long)
14:59:59:265 DEBUG 46736 --- [http-nio-8081-exec-4] c.h.i.mapper.ItemMapper.selectBatchIds   : <==      Total: 4
14:59:59:362 DEBUG 46736 --- [http-nio-8081-exec-2] c.h.i.mapper.ItemMapper.selectBatchIds   : ==>  Preparing: SELECT id,name,price,stock,image,category,brand,spec,sold,comment_count,isAD,status,create_time,update_time,creater,updater FROM item WHERE id IN ( ? , ? , ? , ? )
14:59:59:363 DEBUG 46736 --- [http-nio-8081-exec-2] c.h.i.mapper.ItemMapper.selectBatchIds   : ==> Parameters: 40305713537(Long), 4026319(Long), 100000006163(Long), 100001905417(Long)
14:59:59:365 DEBUG 46736 --- [http-nio-8081-exec-2] c.h.i.mapper.ItemMapper.selectBatchIds   : <==      Total: 4
14:59:59:461 DEBUG 46736 --- [http-nio-8081-exec-3] c.h.i.mapper.ItemMapper.selectBatchIds   : ==>  Preparing: SELECT id,name,price,stock,image,category,brand,spec,sold,comment_count,isAD,status,create_time,update_time,creater,updater FROM item WHERE id IN ( ? , ? , ? , ? )
14:59:59:461 DEBUG 46736 --- [http-nio-8081-exec-3] c.h.i.mapper.ItemMapper.selectBatchIds   : ==> Parameters: 40305713537(Long), 4026319(Long), 100000006163(Long), 100001905417(Long)
14:59:59:462 DEBUG 46736 --- [http-nio-8081-exec-3] c.h.i.mapper.ItemMapper.selectBatchIds   : <==      Total: 4
14:59:59:561 DEBUG 46736 --- [http-nio-8081-exec-5] c.h.i.mapper.ItemMapper.selectBatchIds   : ==>  Preparing: SELECT id,name,price,stock,image,category,brand,spec,sold,comment_count,isAD,status,create_time,update_time,creater,updater FROM item WHERE id IN ( ? , ? , ? , ? )
14:59:59:561 DEBUG 46736 --- [http-nio-8081-exec-5] c.h.i.mapper.ItemMapper.selectBatchIds   : ==> Parameters: 40305713537(Long), 4026319(Long), 100000006163(Long), 100001905417(Long)
14:59:59:562 DEBUG 46736 --- [http-nio-8081-exec-5] c.h.i.mapper.ItemMapper.selectBatchIds   : <==      Total: 4
15:00:00:062 DEBUG 46736 --- [http-nio-8081-exec-6] c.h.i.mapper.ItemMapper.selectBatchIds   : ==>  Preparing: SELECT id,name,price,stock,image,category,brand,spec,sold,comment_count,isAD,status,create_time,update_time,creater,updater FROM item WHERE id IN ( ? , ? , ? , ? )
15:00:00:063 DEBUG 46736 --- [http-nio-8081-exec-6] c.h.i.mapper.ItemMapper.selectBatchIds   : ==> Parameters: 40305713537(Long), 4026319(Long), 100000006163(Long), 100001905417(Long)
15:00:00:065 DEBUG 46736 --- [http-nio-8081-exec-6] c.h.i.mapper.ItemMapper.selectBatchIds   : <==      Total: 4
15:00:00:166 DEBUG 46736 --- [http-nio-8081-exec-7] c.h.i.mapper.ItemMapper.selectBatchIds   : ==>  Preparing: SELECT id,name,price,stock,image,category,brand,spec,sold,comment_count,isAD,status,create_time,update_time,creater,updater FROM item WHERE id IN ( ? , ? , ? , ? )
15:00:00:166 DEBUG 46736 --- [http-nio-8081-exec-7] c.h.i.mapper.ItemMapper.selectBatchIds   : ==> Parameters: 40305713537(Long), 4026319(Long), 100000006163(Long), 100001905417(Long)
15:00:00:169 DEBUG 46736 --- [http-nio-8081-exec-7] c.h.i.mapper.ItemMapper.selectBatchIds   : <==      Total: 4
15:00:00:264 DEBUG 46736 --- [http-nio-8081-exec-8] c.h.i.mapper.ItemMapper.selectBatchIds   : ==>  Preparing: SELECT id,name,price,stock,image,category,brand,spec,sold,comment_count,isAD,status,create_time,update_time,creater,updater FROM item WHERE id IN ( ? , ? , ? , ? )
15:00:00:264 DEBUG 46736 --- [http-nio-8081-exec-8] c.h.i.mapper.ItemMapper.selectBatchIds   : ==> Parameters: 40305713537(Long), 4026319(Long), 100000006163(Long), 100001905417(Long)
15:00:00:267 DEBUG 46736 --- [http-nio-8081-exec-8] c.h.i.mapper.ItemMapper.selectBatchIds   : <==      Total: 4
15:00:00:366 DEBUG 46736 --- [http-nio-8081-exec-9] c.h.i.mapper.ItemMapper.selectBatchIds   : ==>  Preparing: SELECT id,name,price,stock,image,category,brand,spec,sold,comment_count,isAD,status,create_time,update_time,creater,updater FROM item WHERE id IN ( ? , ? , ? , ? )
15:00:00:366 DEBUG 46736 --- [http-nio-8081-exec-9] c.h.i.mapper.ItemMapper.selectBatchIds   : ==> Parameters: 40305713537(Long), 4026319(Long), 100000006163(Long), 100001905417(Long)
15:00:00:369 DEBUG 46736 --- [http-nio-8081-exec-9] c.h.i.mapper.ItemMapper.selectBatchIds   : <==      Total: 4
15:00:00:470 DEBUG 46736 --- [http-nio-8081-exec-10] c.h.i.mapper.ItemMapper.selectBatchIds   : ==>  Preparing: SELECT id,name,price,stock,image,category,brand,spec,sold,comment_count,isAD,status,create_time,update_time,creater,updater FROM item WHERE id IN ( ? , ? , ? , ? )
15:00:00:470 DEBUG 46736 --- [http-nio-8081-exec-10] c.h.i.mapper.ItemMapper.selectBatchIds   : ==> Parameters: 40305713537(Long), 4026319(Long), 100000006163(Long), 100001905417(Long)
15:00:00:472 DEBUG 46736 --- [http-nio-8081-exec-10] c.h.i.mapper.ItemMapper.selectBatchIds   : <==      Total: 4
15:00:00:561 DEBUG 46736 --- [http-nio-8081-exec-1] c.h.i.mapper.ItemMapper.selectBatchIds   : ==>  Preparing: SELECT id,name,price,stock,image,category,brand,spec,sold,comment_count,isAD,status,create_time,update_time,creater,updater FROM item WHERE id IN ( ? , ? , ? , ? )
15:00:00:561 DEBUG 46736 --- [http-nio-8081-exec-1] c.h.i.mapper.ItemMapper.selectBatchIds   : ==> Parameters: 40305713537(Long), 4026319(Long), 100000006163(Long), 100001905417(Long)
15:00:00:563 DEBUG 46736 --- [http-nio-8081-exec-1] c.h.i.mapper.ItemMapper.selectBatchIds   : <==      Total: 4
15:00:01:062 DEBUG 46736 --- [http-nio-8081-exec-4] c.h.i.mapper.ItemMapper.selectBatchIds   : ==>  Preparing: SELECT id,name,price,stock,image,category,brand,spec,sold,comment_count,isAD,status,create_time,update_time,creater,updater FROM item WHERE id IN ( ? , ? , ? , ? )
15:00:01:062 DEBUG 46736 --- [http-nio-8081-exec-4] c.h.i.mapper.ItemMapper.selectBatchIds   : ==> Parameters: 40305713537(Long), 4026319(Long), 100000006163(Long), 100001905417(Long)
15:00:01:065 DEBUG 46736 --- [http-nio-8081-exec-4] c.h.i.mapper.ItemMapper.selectBatchIds   : <==      Total: 4
15:00:01:167 DEBUG 46736 --- [http-nio-8081-exec-2] c.h.i.mapper.ItemMapper.selectBatchIds   : ==>  Preparing: SELECT id,name,price,stock,image,category,brand,spec,sold,comment_count,isAD,status,create_time,update_time,creater,updater FROM item WHERE id IN ( ? , ? , ? , ? )
15:00:01:167 DEBUG 46736 --- [http-nio-8081-exec-2] c.h.i.mapper.ItemMapper.selectBatchIds   : ==> Parameters: 40305713537(Long), 4026319(Long), 100000006163(Long), 100001905417(Long)
15:00:01:169 DEBUG 46736 --- [http-nio-8081-exec-2] c.h.i.mapper.ItemMapper.selectBatchIds   : <==      Total: 4
15:00:01:265 DEBUG 46736 --- [http-nio-8081-exec-3] c.h.i.mapper.ItemMapper.selectBatchIds   : ==>  Preparing: SELECT id,name,price,stock,image,category,brand,spec,sold,comment_count,isAD,status,create_time,update_time,creater,updater FROM item WHERE id IN ( ? , ? , ? , ? )
15:00:01:265 DEBUG 46736 --- [http-nio-8081-exec-3] c.h.i.mapper.ItemMapper.selectBatchIds   : ==> Parameters: 40305713537(Long), 4026319(Long), 100000006163(Long), 100001905417(Long)
15:00:01:268 DEBUG 46736 --- [http-nio-8081-exec-3] c.h.i.mapper.ItemMapper.selectBatchIds   : <==      Total: 4
15:00:01:361 DEBUG 46736 --- [http-nio-8081-exec-5] c.h.i.mapper.ItemMapper.selectBatchIds   : ==>  Preparing: SELECT id,name,price,stock,image,category,brand,spec,sold,comment_count,isAD,status,create_time,update_time,creater,updater FROM item WHERE id IN ( ? , ? , ? , ? )
15:00:01:362 DEBUG 46736 --- [http-nio-8081-exec-5] c.h.i.mapper.ItemMapper.selectBatchIds   : ==> Parameters: 40305713537(Long), 4026319(Long), 100000006163(Long), 100001905417(Long)
15:00:01:363 DEBUG 46736 --- [http-nio-8081-exec-5] c.h.i.mapper.ItemMapper.selectBatchIds   : <==      Total: 4
15:00:01:462 DEBUG 46736 --- [http-nio-8081-exec-6] c.h.i.mapper.ItemMapper.selectBatchIds   : ==>  Preparing: SELECT id,name,price,stock,image,category,brand,spec,sold,comment_count,isAD,status,create_time,update_time,creater,updater FROM item WHERE id IN ( ? , ? , ? , ? )
15:00:01:462 DEBUG 46736 --- [http-nio-8081-exec-6] c.h.i.mapper.ItemMapper.selectBatchIds   : ==> Parameters: 40305713537(Long), 4026319(Long), 100000006163(Long), 100001905417(Long)
15:00:01:464 DEBUG 46736 --- [http-nio-8081-exec-6] c.h.i.mapper.ItemMapper.selectBatchIds   : <==      Total: 4
15:00:01:570 DEBUG 46736 --- [http-nio-8081-exec-7] c.h.i.mapper.ItemMapper.selectBatchIds   : ==>  Preparing: SELECT id,name,price,stock,image,category,brand,spec,sold,comment_count,isAD,status,create_time,update_time,creater,updater FROM item WHERE id IN ( ? , ? , ? , ? )
15:00:01:570 DEBUG 46736 --- [http-nio-8081-exec-7] c.h.i.mapper.ItemMapper.selectBatchIds   : ==> Parameters: 40305713537(Long), 4026319(Long), 100000006163(Long), 100001905417(Long)
15:00:01:576 DEBUG 46736 --- [http-nio-8081-exec-7] c.h.i.mapper.ItemMapper.selectBatchIds   : <==      Total: 4
15:00:02:062 DEBUG 46736 --- [http-nio-8081-exec-8] c.h.i.mapper.ItemMapper.selectBatchIds   : ==>  Preparing: SELECT id,name,price,stock,image,category,brand,spec,sold,comment_count,isAD,status,create_time,update_time,creater,updater FROM item WHERE id IN ( ? , ? , ? , ? )
15:00:02:063 DEBUG 46736 --- [http-nio-8081-exec-8] c.h.i.mapper.ItemMapper.selectBatchIds   : ==> Parameters: 40305713537(Long), 4026319(Long), 100000006163(Long), 100001905417(Long)
15:00:02:072 DEBUG 46736 --- [http-nio-8081-exec-8] c.h.i.mapper.ItemMapper.selectBatchIds   : <==      Total: 4
15:00:02:172 DEBUG 46736 --- [http-nio-8081-exec-9] c.h.i.mapper.ItemMapper.selectBatchIds   : ==>  Preparing: SELECT id,name,price,stock,image,category,brand,spec,sold,comment_count,isAD,status,create_time,update_time,creater,updater FROM item WHERE id IN ( ? , ? , ? , ? )
15:00:02:172 DEBUG 46736 --- [http-nio-8081-exec-9] c.h.i.mapper.ItemMapper.selectBatchIds   : ==> Parameters: 40305713537(Long), 4026319(Long), 100000006163(Long), 100001905417(Long)
15:00:02:175 DEBUG 46736 --- [http-nio-8081-exec-9] c.h.i.mapper.ItemMapper.selectBatchIds   : <==      Total: 4
15:00:02:278 DEBUG 46736 --- [http-nio-8081-exec-10] c.h.i.mapper.ItemMapper.selectBatchIds   : ==>  Preparing: SELECT id,name,price,stock,image,category,brand,spec,sold,comment_count,isAD,status,create_time,update_time,creater,updater FROM item WHERE id IN ( ? , ? , ? , ? )
15:00:02:278 DEBUG 46736 --- [http-nio-8081-exec-10] c.h.i.mapper.ItemMapper.selectBatchIds   : ==> Parameters: 40305713537(Long), 4026319(Long), 100000006163(Long), 100001905417(Long)
15:00:02:282 DEBUG 46736 --- [http-nio-8081-exec-10] c.h.i.mapper.ItemMapper.selectBatchIds   : <==      Total: 4
15:00:02:360 DEBUG 46736 --- [http-nio-8081-exec-1] c.h.i.mapper.ItemMapper.selectBatchIds   : ==>  Preparing: SELECT id,name,price,stock,image,category,brand,spec,sold,comment_count,isAD,status,create_time,update_time,creater,updater FROM item WHERE id IN ( ? , ? , ? , ? )
15:00:02:360 DEBUG 46736 --- [http-nio-8081-exec-1] c.h.i.mapper.ItemMapper.selectBatchIds   : ==> Parameters: 40305713537(Long), 4026319(Long), 100000006163(Long), 100001905417(Long)
15:00:02:367 DEBUG 46736 --- [http-nio-8081-exec-1] c.h.i.mapper.ItemMapper.selectBatchIds   : <==      Total: 4
15:00:02:463 DEBUG 46736 --- [http-nio-8081-exec-4] c.h.i.mapper.ItemMapper.selectBatchIds   : ==>  Preparing: SELECT id,name,price,stock,image,category,brand,spec,sold,comment_count,isAD,status,create_time,update_time,creater,updater FROM item WHERE id IN ( ? , ? , ? , ? )
15:00:02:463 DEBUG 46736 --- [http-nio-8081-exec-4] c.h.i.mapper.ItemMapper.selectBatchIds   : ==> Parameters: 40305713537(Long), 4026319(Long), 100000006163(Long), 100001905417(Long)
15:00:02:465 DEBUG 46736 --- [http-nio-8081-exec-4] c.h.i.mapper.ItemMapper.selectBatchIds   : <==      Total: 4
15:00:02:565 DEBUG 46736 --- [http-nio-8081-exec-2] c.h.i.mapper.ItemMapper.selectBatchIds   : ==>  Preparing: SELECT id,name,price,stock,image,category,brand,spec,sold,comment_count,isAD,status,create_time,update_time,creater,updater FROM item WHERE id IN ( ? , ? , ? , ? )
15:00:02:565 DEBUG 46736 --- [http-nio-8081-exec-2] c.h.i.mapper.ItemMapper.selectBatchIds   : ==> Parameters: 40305713537(Long), 4026319(Long), 100000006163(Long), 100001905417(Long)
15:00:02:568 DEBUG 46736 --- [http-nio-8081-exec-2] c.h.i.mapper.ItemMapper.selectBatchIds   : <==      Total: 4
15:06:02:423  WARN 46736 --- [Thread-4] c.a.nacos.common.notify.NotifyCenter     : [NotifyCenter] Start destroying Publisher
15:06:02:423  WARN 46736 --- [Thread-7] c.a.n.common.http.HttpClientBeanHolder   : [HttpClientBeanHolder] Start destroying common HttpClient
15:06:02:424  WARN 46736 --- [Thread-4] c.a.nacos.common.notify.NotifyCenter     : [NotifyCenter] Destruction of the end
15:06:02:427  WARN 46736 --- [Thread-7] c.a.n.common.http.HttpClientBeanHolder   : [HttpClientBeanHolder] Destruction of the end
15:06:02:495  INFO 46736 --- [SpringApplicationShutdownHook] c.a.c.n.registry.NacosServiceRegistry    : De-registering from Nacos Server now...
15:06:02:502  INFO 46736 --- [SpringApplicationShutdownHook] c.a.c.n.registry.NacosServiceRegistry    : De-registration finished.
15:06:02:809  INFO 46736 --- [SpringApplicationShutdownHook] com.alibaba.nacos.common.remote.client   : Shutdown rpc client, set status to shutdown
15:06:02:809  INFO 46736 --- [SpringApplicationShutdownHook] com.alibaba.nacos.common.remote.client   : Shutdown client event executor java.util.concurrent.ScheduledThreadPoolExecutor@141e9422[Running, pool size = 2, active threads = 2, queued tasks = 0, completed tasks = 0]
15:06:02:809  INFO 46736 --- [SpringApplicationShutdownHook] com.alibaba.nacos.common.remote.client   : Close current connection 1781678966286_192.168.31.4_9363
15:06:02:811  INFO 46736 --- [nacos-grpc-client-executor-212] c.a.n.c.remote.client.grpc.GrpcClient    : [1781678966286_192.168.31.4_9363]Ignore complete event,isRunning:false,isAbandon=false
15:06:02:819  INFO 46736 --- [SpringApplicationShutdownHook] c.a.n.c.remote.client.grpc.GrpcClient    : Shutdown grpc executor java.util.concurrent.ThreadPoolExecutor@7e5817cf[Running, pool size = 5, active threads = 0, queued tasks = 0, completed tasks = 213]
15:06:02:826  INFO 46736 --- [SpringApplicationShutdownHook] com.zaxxer.hikari.HikariDataSource       : HikariPool-1 - Shutdown initiated...
15:06:02:849  INFO 46736 --- [SpringApplicationShutdownHook] com.zaxxer.hikari.HikariDataSource       : HikariPool-1 - Shutdown completed.
15:06:10:000  INFO 94216 --- [main] com.hmall.item.ItemServiceApplication    : Starting ItemServiceApplication using Java 17.0.6 on DESKTOP-AHH2H43 with PID 94216 (C:\Users\19263\Desktop\hmall1\item-service\target\classes started by 19263 in C:\Users\19263\Desktop\hmall1)
15:06:10:001 DEBUG 94216 --- [main] com.hmall.item.ItemServiceApplication    : Running with Spring Boot v2.7.12, Spring v5.3.27
15:06:10:002  INFO 94216 --- [main] com.hmall.item.ItemServiceApplication    : The following 1 profile is active: "local"
15:06:11:151  INFO 94216 --- [main] o.s.cloud.context.scope.GenericScope     : BeanFactory id=3c6262eb-7459-353f-b511-55ccfc305c14
15:06:11:604  INFO 94216 --- [main] o.s.b.w.embedded.tomcat.TomcatWebServer  : Tomcat initialized with port(s): 8081 (http)
15:06:11:619  INFO 94216 --- [main] o.apache.catalina.core.StandardService   : Starting service [Tomcat]
15:06:11:619  INFO 94216 --- [main] org.apache.catalina.core.StandardEngine  : Starting Servlet engine: [Apache Tomcat/9.0.75]
15:06:11:805  INFO 94216 --- [main] o.a.c.c.C.[Tomcat].[localhost].[/]       : Initializing Spring embedded WebApplicationContext
15:06:11:810  INFO 94216 --- [main] w.s.c.ServletWebServerApplicationContext : Root WebApplicationContext: initialization completed in 1758 ms
15:06:13:361  INFO 94216 --- [main] pertySourcedRequestMappingHandlerMapping : Mapped URL path [/v2/api-docs] onto method [springfox.documentation.swagger2.web.Swagger2ControllerWebMvc#getDocumentation(String, HttpServletRequest)]
15:06:13:914  INFO 94216 --- [main] com.alibaba.nacos.common.remote.client   : [RpcClientFactory] create a new rpc client of cc0573b8-271a-450b-826b-cab34318a8af
15:06:13:992  INFO 94216 --- [main] org.reflections.Reflections              : Reflections took 37 ms to scan 1 urls, producing 3 keys and 6 values 
15:06:14:023  INFO 94216 --- [main] org.reflections.Reflections              : Reflections took 9 ms to scan 1 urls, producing 4 keys and 9 values 
15:06:14:040  INFO 94216 --- [main] org.reflections.Reflections              : Reflections took 12 ms to scan 1 urls, producing 3 keys and 10 values 
15:06:14:045  WARN 94216 --- [main] org.reflections.Reflections              : given scan urls are empty. set urls in the configuration
15:06:14:052  INFO 94216 --- [main] org.reflections.Reflections              : Reflections took 7 ms to scan 1 urls, producing 1 keys and 5 values 
15:06:14:063  INFO 94216 --- [main] org.reflections.Reflections              : Reflections took 9 ms to scan 1 urls, producing 1 keys and 7 values 
15:06:14:072  INFO 94216 --- [main] org.reflections.Reflections              : Reflections took 6 ms to scan 1 urls, producing 2 keys and 8 values 
15:06:14:075  WARN 94216 --- [main] org.reflections.Reflections              : given scan urls are empty. set urls in the configuration
15:06:14:076  INFO 94216 --- [main] com.alibaba.nacos.common.remote.client   : [cc0573b8-271a-450b-826b-cab34318a8af] RpcClient init label, labels = {module=naming, source=sdk}
15:06:14:078  INFO 94216 --- [main] com.alibaba.nacos.common.remote.client   : [cc0573b8-271a-450b-826b-cab34318a8af] RpcClient init, ServerListFactory = com.alibaba.nacos.client.naming.core.ServerListManager
15:06:14:078  INFO 94216 --- [main] com.alibaba.nacos.common.remote.client   : [cc0573b8-271a-450b-826b-cab34318a8af] Registry connection listener to current client:com.alibaba.nacos.client.naming.remote.gprc.redo.NamingGrpcRedoService
15:06:14:080  INFO 94216 --- [main] com.alibaba.nacos.common.remote.client   : [cc0573b8-271a-450b-826b-cab34318a8af] Register server push request handler:com.alibaba.nacos.client.naming.remote.gprc.NamingPushRequestHandler
15:06:14:081  INFO 94216 --- [main] com.alibaba.nacos.common.remote.client   : [cc0573b8-271a-450b-826b-cab34318a8af] Try to connect to server on start up, server: {serverIp = '192.168.31.23', server main port = 8848}
15:06:15:583  INFO 94216 --- [main] com.alibaba.nacos.common.remote.client   : [cc0573b8-271a-450b-826b-cab34318a8af] Success to connect to server [192.168.31.23:8848] on start up, connectionId = 1781679974931_192.168.31.4_1726
15:06:15:584  INFO 94216 --- [com.alibaba.nacos.client.remote.worker] com.alibaba.nacos.common.remote.client   : [cc0573b8-271a-450b-826b-cab34318a8af] Notify connected event to listeners.
15:06:15:585  INFO 94216 --- [main] com.alibaba.nacos.common.remote.client   : [cc0573b8-271a-450b-826b-cab34318a8af] Register server push request handler:com.alibaba.nacos.common.remote.client.RpcClient$ConnectResetRequestHandler
15:06:15:585  INFO 94216 --- [main] com.alibaba.nacos.common.remote.client   : [cc0573b8-271a-450b-826b-cab34318a8af] Register server push request handler:com.alibaba.nacos.common.remote.client.RpcClient$$Lambda$916/0x00000008013711e8
15:06:15:655  INFO 94216 --- [main] o.s.b.w.embedded.tomcat.TomcatWebServer  : Tomcat started on port(s): 8081 (http) with context path ''
15:06:15:668  INFO 94216 --- [main] c.a.c.n.registry.NacosServiceRegistry    : nacos registry, DEFAULT_GROUP item-service 192.168.31.4:8081 register finished
15:06:15:983  INFO 94216 --- [main] d.s.w.p.DocumentationPluginsBootstrapper : Documentation plugins bootstrapped
15:06:15:986  INFO 94216 --- [main] d.s.w.p.DocumentationPluginsBootstrapper : Found 1 custom documentation plugin(s)
15:06:16:025  INFO 94216 --- [main] s.d.s.w.s.ApiListingReferenceScanner     : Scanning for api listing references
15:06:16:179  INFO 94216 --- [nacos-grpc-client-executor-9] com.alibaba.nacos.common.remote.client   : [cc0573b8-271a-450b-826b-cab34318a8af] Receive server push request, request = NotifySubscriberRequest, requestId = 80
15:06:16:183  INFO 94216 --- [nacos-grpc-client-executor-9] com.alibaba.nacos.common.remote.client   : [cc0573b8-271a-450b-826b-cab34318a8af] Ack server push request, request = NotifySubscriberRequest, requestId = 80
15:06:16:219  INFO 94216 --- [main] com.hmall.item.ItemServiceApplication    : Started ItemServiceApplication in 7.362 seconds (JVM running for 8.596)
15:09:04:464  WARN 94216 --- [Thread-7] c.a.n.common.http.HttpClientBeanHolder   : [HttpClientBeanHolder] Start destroying common HttpClient
15:09:04:464  WARN 94216 --- [Thread-4] c.a.nacos.common.notify.NotifyCenter     : [NotifyCenter] Start destroying Publisher
15:09:04:465  WARN 94216 --- [Thread-4] c.a.nacos.common.notify.NotifyCenter     : [NotifyCenter] Destruction of the end
15:09:04:466  WARN 94216 --- [Thread-7] c.a.n.common.http.HttpClientBeanHolder   : [HttpClientBeanHolder] Destruction of the end
15:09:04:520  INFO 94216 --- [SpringApplicationShutdownHook] c.a.c.n.registry.NacosServiceRegistry    : De-registering from Nacos Server now...
15:09:04:525  INFO 94216 --- [SpringApplicationShutdownHook] c.a.c.n.registry.NacosServiceRegistry    : De-registration finished.
15:09:04:832  INFO 94216 --- [SpringApplicationShutdownHook] com.alibaba.nacos.common.remote.client   : Shutdown rpc client, set status to shutdown
15:09:04:833  INFO 94216 --- [SpringApplicationShutdownHook] com.alibaba.nacos.common.remote.client   : Shutdown client event executor java.util.concurrent.ScheduledThreadPoolExecutor@675d95a9[Running, pool size = 2, active threads = 2, queued tasks = 0, completed tasks = 0]
15:09:04:833  INFO 94216 --- [SpringApplicationShutdownHook] com.alibaba.nacos.common.remote.client   : Close current connection 1781679974931_192.168.31.4_1726
15:09:04:837  INFO 94216 --- [nacos-grpc-client-executor-46] c.a.n.c.remote.client.grpc.GrpcClient    : [1781679974931_192.168.31.4_1726]Ignore complete event,isRunning:false,isAbandon=false
15:09:04:841  INFO 94216 --- [SpringApplicationShutdownHook] c.a.n.c.remote.client.grpc.GrpcClient    : Shutdown grpc executor java.util.concurrent.ThreadPoolExecutor@18462fd3[Running, pool size = 5, active threads = 0, queued tasks = 0, completed tasks = 47]
15:09:08:204  INFO 92484 --- [main] com.hmall.item.ItemServiceApplication    : Starting ItemServiceApplication using Java 17.0.6 on DESKTOP-AHH2H43 with PID 92484 (C:\Users\19263\Desktop\hmall1\item-service\target\classes started by 19263 in C:\Users\19263\Desktop\hmall1)
15:09:08:206 DEBUG 92484 --- [main] com.hmall.item.ItemServiceApplication    : Running with Spring Boot v2.7.12, Spring v5.3.27
15:09:08:207  INFO 92484 --- [main] com.hmall.item.ItemServiceApplication    : The following 1 profile is active: "local"
15:09:09:244  INFO 92484 --- [main] o.s.cloud.context.scope.GenericScope     : BeanFactory id=3c6262eb-7459-353f-b511-55ccfc305c14
15:09:09:730  INFO 92484 --- [main] o.s.b.w.embedded.tomcat.TomcatWebServer  : Tomcat initialized with port(s): 8081 (http)
15:09:09:746  INFO 92484 --- [main] o.apache.catalina.core.StandardService   : Starting service [Tomcat]
15:09:09:746  INFO 92484 --- [main] org.apache.catalina.core.StandardEngine  : Starting Servlet engine: [Apache Tomcat/9.0.75]
15:09:10:034  INFO 92484 --- [main] o.a.c.c.C.[Tomcat].[localhost].[/]       : Initializing Spring embedded WebApplicationContext
15:09:10:036  INFO 92484 --- [main] w.s.c.ServletWebServerApplicationContext : Root WebApplicationContext: initialization completed in 1786 ms
15:09:11:867  INFO 92484 --- [main] pertySourcedRequestMappingHandlerMapping : Mapped URL path [/v2/api-docs] onto method [springfox.documentation.swagger2.web.Swagger2ControllerWebMvc#getDocumentation(String, HttpServletRequest)]
15:09:12:590  INFO 92484 --- [main] com.alibaba.nacos.common.remote.client   : [RpcClientFactory] create a new rpc client of 8e4ff843-9057-494f-a827-f227ff57061a
15:09:12:667  INFO 92484 --- [main] org.reflections.Reflections              : Reflections took 37 ms to scan 1 urls, producing 3 keys and 6 values 
15:09:12:700  INFO 92484 --- [main] org.reflections.Reflections              : Reflections took 11 ms to scan 1 urls, producing 4 keys and 9 values 
15:09:12:716  INFO 92484 --- [main] org.reflections.Reflections              : Reflections took 13 ms to scan 1 urls, producing 3 keys and 10 values 
15:09:12:719  WARN 92484 --- [main] org.reflections.Reflections              : given scan urls are empty. set urls in the configuration
15:09:12:727  INFO 92484 --- [main] org.reflections.Reflections              : Reflections took 7 ms to scan 1 urls, producing 1 keys and 5 values 
15:09:12:739  INFO 92484 --- [main] org.reflections.Reflections              : Reflections took 9 ms to scan 1 urls, producing 1 keys and 7 values 
15:09:12:750  INFO 92484 --- [main] org.reflections.Reflections              : Reflections took 8 ms to scan 1 urls, producing 2 keys and 8 values 
15:09:12:752  WARN 92484 --- [main] org.reflections.Reflections              : given scan urls are empty. set urls in the configuration
15:09:12:754  INFO 92484 --- [main] com.alibaba.nacos.common.remote.client   : [8e4ff843-9057-494f-a827-f227ff57061a] RpcClient init label, labels = {module=naming, source=sdk}
15:09:12:757  INFO 92484 --- [main] com.alibaba.nacos.common.remote.client   : [8e4ff843-9057-494f-a827-f227ff57061a] RpcClient init, ServerListFactory = com.alibaba.nacos.client.naming.core.ServerListManager
15:09:12:757  INFO 92484 --- [main] com.alibaba.nacos.common.remote.client   : [8e4ff843-9057-494f-a827-f227ff57061a] Registry connection listener to current client:com.alibaba.nacos.client.naming.remote.gprc.redo.NamingGrpcRedoService
15:09:12:759  INFO 92484 --- [main] com.alibaba.nacos.common.remote.client   : [8e4ff843-9057-494f-a827-f227ff57061a] Register server push request handler:com.alibaba.nacos.client.naming.remote.gprc.NamingPushRequestHandler
15:09:12:760  INFO 92484 --- [main] com.alibaba.nacos.common.remote.client   : [8e4ff843-9057-494f-a827-f227ff57061a] Try to connect to server on start up, server: {serverIp = '192.168.31.23', server main port = 8848}
15:09:14:031  INFO 92484 --- [main] com.alibaba.nacos.common.remote.client   : [8e4ff843-9057-494f-a827-f227ff57061a] Success to connect to server [192.168.31.23:8848] on start up, connectionId = 1781680153400_192.168.31.4_3436
15:09:14:031  INFO 92484 --- [com.alibaba.nacos.client.remote.worker] com.alibaba.nacos.common.remote.client   : [8e4ff843-9057-494f-a827-f227ff57061a] Notify connected event to listeners.
15:09:14:032  INFO 92484 --- [main] com.alibaba.nacos.common.remote.client   : [8e4ff843-9057-494f-a827-f227ff57061a] Register server push request handler:com.alibaba.nacos.common.remote.client.RpcClient$ConnectResetRequestHandler
15:09:14:032  INFO 92484 --- [main] com.alibaba.nacos.common.remote.client   : [8e4ff843-9057-494f-a827-f227ff57061a] Register server push request handler:com.alibaba.nacos.common.remote.client.RpcClient$$Lambda$916/0x0000000801370b18
15:09:14:094  INFO 92484 --- [main] o.s.b.w.embedded.tomcat.TomcatWebServer  : Tomcat started on port(s): 8081 (http) with context path ''
15:09:14:108  INFO 92484 --- [main] c.a.c.n.registry.NacosServiceRegistry    : nacos registry, DEFAULT_GROUP item-service 192.168.31.4:8081 register finished
15:09:14:420  INFO 92484 --- [main] d.s.w.p.DocumentationPluginsBootstrapper : Documentation plugins bootstrapped
15:09:14:424  INFO 92484 --- [main] d.s.w.p.DocumentationPluginsBootstrapper : Found 1 custom documentation plugin(s)
15:09:14:451  INFO 92484 --- [main] s.d.s.w.s.ApiListingReferenceScanner     : Scanning for api listing references
15:09:14:596  INFO 92484 --- [main] com.hmall.item.ItemServiceApplication    : Started ItemServiceApplication in 7.404 seconds (JVM running for 8.378)
15:09:14:641  INFO 92484 --- [nacos-grpc-client-executor-9] com.alibaba.nacos.common.remote.client   : [8e4ff843-9057-494f-a827-f227ff57061a] Receive server push request, request = NotifySubscriberRequest, requestId = 86
15:09:14:645  INFO 92484 --- [nacos-grpc-client-executor-9] com.alibaba.nacos.common.remote.client   : [8e4ff843-9057-494f-a827-f227ff57061a] Ack server push request, request = NotifySubscriberRequest, requestId = 86
